population_group_id,population_group_name,measure_id,measure_name,location_id,location_name,sex_id,sex_name,age_id,age_name,cause_id,cause_name,metric_id,metric_name,year,val,upper,lower
1,Intera Popolazione,5,Prevalenza,6,Cina,1,Maschi,22,Tutte le età,561,Disturbi da consumo di stupefacenti,2,Percentuale,1990,0.010096113175738,0.0123026454373076,0.0084689852351497
1,Intera Popolazione,5,Prevalenza,6,Cina,2,Femmine,22,Tutte le età,561,Disturbi da consumo di stupefacenti,2,Percentuale,1990,0.0091490311850872,0.0110066140787518,0.0077620402733357
1,Intera Popolazione,5,Prevalenza,68,Repubblica di Corea,1,Maschi,22,Tutte le età,561,Disturbi da consumo di stupefacenti,2,Percentuale,1990,0.011710021879694,0.0147293036510548,0.0089837010418422
1,Intera Popolazione,5,Prevalenza,68,Repubblica di Corea,2,Femmine,22,Tutte le età,561,Disturbi da consumo di stupefacenti,2,Percentuale,1990,0.0085561880094054,0.0112987860441455,0.0065033044450284
1,Intera Popolazione,5,Prevalenza,102,Stati Uniti d'America,1,Maschi,22,Tutte le età,561,Disturbi da consumo di stupefacenti,2,Percentuale,1990,0.0274390397601822,0.0322243557413708,0.0231197190902535
1,Intera Popolazione,5,Prevalenza,102,Stati Uniti d'America,2,Femmine,22,Tutte le età,561,Disturbi da consumo di stupefacenti,2,Percentuale,1990,0.0157903938598825,0.0183887118516484,0.01318191751867
1,Intera Popolazione,5,Prevalenza,80,Francia,1,Maschi,22,Tutte le età,561,Disturbi da consumo di stupefacenti,2,Percentuale,1990,0.013843632941731,0.0161796657248316,0.0118758268651503
1,Intera Popolazione,5,Prevalenza,80,Francia,2,Femmine,22,Tutte le età,561,Disturbi da consumo di stupefacenti,2,Percentuale,1990,0.007322589714045,0.0086640843963664,0.0061646908714749
1,Intera Popolazione,5,Prevalenza,163,India,1,Maschi,22,Tutte le età,561,Disturbi da consumo di stupefacenti,2,Percentuale,1991,0.004810575189036,0.006210946221867,0.0038316313388126
1,Intera Popolazione,5,Prevalenza,163,India,2,Femmine,22,Tutte le età,561,Disturbi da consumo di stupefacenti,2,Percentuale,1991,0.0025740480097536,0.0030863230955429,0.0020748081144412
1,Intera Popolazione,5,Prevalenza,81,Germania,1,Maschi,22,Tutte le età,561,Disturbi da consumo di stupefacenti,2,Percentuale,1991,0.0119559144000913,0.0131629574763647,0.0107372069601459
1,Intera Popolazione,5,Prevalenza,81,Germania,2,Femmine,22,Tutte le età,561,Disturbi da consumo di stupefacenti,2,Percentuale,1991,0.005492692241897,0.0060809087908907,0.0049158180833786
1,Intera Popolazione,5,Prevalenza,56,Europa Orientale,1,Maschi,22,Tutte le età,561,Disturbi da consumo di stupefacenti,2,Percentuale,1991,0.0145841043631145,0.0166861830160238,0.0126608620502427
1,Intera Popolazione,5,Prevalenza,56,Europa Orientale,2,Femmine,22,Tutte le età,561,Disturbi da consumo di stupefacenti,2,Percentuale,1991,0.0070385737275498,0.0079837776594959,0.0061704699451723
1,Intera Popolazione,5,Prevalenza,11,Indonesia,1,Maschi,22,Tutte le età,561,Disturbi da consumo di stupefacenti,2,Percentuale,1991,0.004691421169656,0.0059244036598038,0.0036100355514364
1,Intera Popolazione,5,Prevalenza,11,Indonesia,2,Femmine,22,Tutte le età,561,Disturbi da consumo di stupefacenti,2,Percentuale,1991,0.0043306898387417,0.0053520037669317,0.0033590148914576
1,Intera Popolazione,5,Prevalenza,167,Africa Subsahariana Centrale,1,Maschi,22,Tutte le età,561,Disturbi da consumo di stupefacenti,2,Percentuale,1990,0.0031948784975134,0.0043341936424508,0.002319809666864
1,Intera Popolazione,5,Prevalenza,167,Africa Subsahariana Centrale,2,Femmine,22,Tutte le età,561,Disturbi da consumo di stupefacenti,2,Percentuale,1990,0.0019567161893093,0.0024113994001331,0.0015722250260696
1,Intera Popolazione,5,Prevalenza,11,Indonesia,1,Maschi,22,Tutte le età,561,Disturbi da consumo di stupefacenti,2,Percentuale,1990,0.0046411917352938,0.0058609878370918,0.0035645494736997
1,Intera Popolazione,5,Prevalenza,11,Indonesia,2,Femmine,22,Tutte le età,561,Disturbi da consumo di stupefacenti,2,Percentuale,1990,0.0043030011980207,0.0053172162459662,0.0033316863223282
1,Intera Popolazione,5,Prevalenza,56,Europa Orientale,1,Maschi,22,Tutte le età,561,Disturbi da consumo di stupefacenti,2,Percentuale,1990,0.0140636622538713,0.0160740612771021,0.0121788882433858
1,Intera Popolazione,5,Prevalenza,56,Europa Orientale,2,Femmine,22,Tutte le età,561,Disturbi da consumo di stupefacenti,2,Percentuale,1990,0.0069016207316666,0.007802290962912,0.0060493226455224
1,Intera Popolazione,5,Prevalenza,95,Regno Unito,1,Maschi,22,Tutte le età,561,Disturbi da consumo di stupefacenti,2,Percentuale,1990,0.0227517955941173,0.0283725483613529,0.0185945519132307
1,Intera Popolazione,5,Prevalenza,95,Regno Unito,2,Femmine,22,Tutte le età,561,Disturbi da consumo di stupefacenti,2,Percentuale,1990,0.0124210039456519,0.0154069742630175,0.0101678065055801
1,Intera Popolazione,5,Prevalenza,67,Giappone,1,Maschi,22,Tutte le età,561,Disturbi da consumo di stupefacenti,2,Percentuale,1990,0.0093911210347115,0.011288131966489,0.0075391712055401
1,Intera Popolazione,5,Prevalenza,67,Giappone,2,Femmine,22,Tutte le età,561,Disturbi da consumo di stupefacenti,2,Percentuale,1990,0.006867312509123,0.0083471130134334,0.0055590096145377
1,Intera Popolazione,5,Prevalenza,71,Australia,1,Maschi,22,Tutte le età,561,Disturbi da consumo di stupefacenti,2,Percentuale,1990,0.0351593711721751,0.0393203785340612,0.0312422710089465
1,Intera Popolazione,5,Prevalenza,71,Australia,2,Femmine,22,Tutte le età,561,Disturbi da consumo di stupefacenti,2,Percentuale,1990,0.0190838622106298,0.021742065130558,0.0168602036123257
1,Intera Popolazione,5,Prevalenza,92,Spagna,1,Maschi,22,Tutte le età,561,Disturbi da consumo di stupefacenti,2,Percentuale,1991,0.021158887172504,0.0226560666757492,0.0197369064444445
1,Intera Popolazione,5,Prevalenza,92,Spagna,2,Femmine,22,Tutte le età,561,Disturbi da consumo di stupefacenti,2,Percentuale,1991,0.0101712812774059,0.0110080292789342,0.0093765617339001
1,Intera Popolazione,5,Prevalenza,67,Giappone,1,Maschi,22,Tutte le età,561,Disturbi da consumo di stupefacenti,2,Percentuale,1991,0.0094086381449538,0.011272338938292,0.0075464281509574
1,Intera Popolazione,5,Prevalenza,67,Giappone,2,Femmine,22,Tutte le età,561,Disturbi da consumo di stupefacenti,2,Percentuale,1991,0.0068708113291251,0.0083477869762373,0.0055700314965579
1,Intera Popolazione,5,Prevalenza,174,Africa Subsahariana Orientale,1,Maschi,22,Tutte le età,561,Disturbi da consumo di stupefacenti,2,Percentuale,1990,0.0035478785587153,0.0048756169068035,0.0026419585713738
1,Intera Popolazione,5,Prevalenza,174,Africa Subsahariana Orientale,2,Femmine,22,Tutte le età,561,Disturbi da consumo di stupefacenti,2,Percentuale,1990,0.0021954688952262,0.002790131594721,0.0017605889528016
1,Intera Popolazione,5,Prevalenza,95,Regno Unito,1,Maschi,22,Tutte le età,561,Disturbi da consumo di stupefacenti,2,Percentuale,1991,0.0232138633331139,0.0285932647919546,0.0191041611059843
1,Intera Popolazione,5,Prevalenza,95,Regno Unito,2,Femmine,22,Tutte le età,561,Disturbi da consumo di stupefacenti,2,Percentuale,1991,0.0124932979257429,0.0153555144555207,0.010288151113623
1,Intera Popolazione,5,Prevalenza,80,Francia,1,Maschi,22,Tutte le età,561,Disturbi da consumo di stupefacenti,2,Percentuale,1991,0.0137376769458463,0.0158438888784277,0.0118668300929591
1,Intera Popolazione,5,Prevalenza,80,Francia,2,Femmine,22,Tutte le età,561,Disturbi da consumo di stupefacenti,2,Percentuale,1991,0.0073144494089563,0.0084694602780703,0.0061336440080886
1,Intera Popolazione,5,Prevalenza,86,Italia,1,Maschi,22,Tutte le età,561,Disturbi da consumo di stupefacenti,2,Percentuale,1991,0.0176746008767602,0.0221193604007473,0.0143045579167748
1,Intera Popolazione,5,Prevalenza,86,Italia,2,Femmine,22,Tutte le età,561,Disturbi da consumo di stupefacenti,2,Percentuale,1991,0.0094544530091608,0.0115608028341956,0.0076057173166335
1,Intera Popolazione,5,Prevalenza,92,Spagna,1,Maschi,22,Tutte le età,561,Disturbi da consumo di stupefacenti,2,Percentuale,1990,0.0205418650009306,0.0221133929715975,0.0190000695936084
1,Intera Popolazione,5,Prevalenza,92,Spagna,2,Femmine,22,Tutte le età,561,Disturbi da consumo di stupefacenti,2,Percentuale,1990,0.0097005320941251,0.0106026601734538,0.0088129795290608
1,Intera Popolazione,5,Prevalenza,6,Cina,1,Maschi,22,Tutte le età,561,Disturbi da consumo di stupefacenti,2,Percentuale,1991,0.0104626177965163,0.0127321425778016,0.008782132361126
1,Intera Popolazione,5,Prevalenza,6,Cina,2,Femmine,22,Tutte le età,561,Disturbi da consumo di stupefacenti,2,Percentuale,1991,0.0091893953229827,0.0110328944833799,0.007795206309074
1,Intera Popolazione,5,Prevalenza,192,Africa Subsahariana Meridionale,1,Maschi,22,Tutte le età,561,Disturbi da consumo di stupefacenti,2,Percentuale,1991,0.0085077571880892,0.010487469593953,0.0068597033051855
1,Intera Popolazione,5,Prevalenza,192,Africa Subsahariana Meridionale,2,Femmine,22,Tutte le età,561,Disturbi da consumo di stupefacenti,2,Percentuale,1991,0.0054543432850093,0.0063305517361253,0.0047064516761401
1,Intera Popolazione,5,Prevalenza,130,Messico,1,Maschi,22,Tutte le età,561,Disturbi da consumo di stupefacenti,2,Percentuale,1990,0.0057237345724226,0.0071250590113427,0.0045734574160953
1,Intera Popolazione,5,Prevalenza,130,Messico,2,Femmine,22,Tutte le età,561,Disturbi da consumo di stupefacenti,2,Percentuale,1990,0.004661878767951,0.0054492332621727,0.0038144303037511
1,Intera Popolazione,5,Prevalenza,167,Africa Subsahariana Centrale,1,Maschi,22,Tutte le età,561,Disturbi da consumo di stupefacenti,2,Percentuale,1991,0.0032019036116843,0.0043334247068178,0.0023241812393961
1,Intera Popolazione,5,Prevalenza,167,Africa Subsahariana Centrale,2,Femmine,22,Tutte le età,561,Disturbi da consumo di stupefacenti,2,Percentuale,1991,0.0019541317250418,0.0024020450364595,0.0015691060692848
1,Intera Popolazione,5,Prevalenza,199,Africa Subsahariana Occidentale,1,Maschi,22,Tutte le età,561,Disturbi da consumo di stupefacenti,2,Percentuale,1990,0.0023306919787467,0.0029370218514763,0.0018213970643772
1,Intera Popolazione,5,Prevalenza,199,Africa Subsahariana Occidentale,2,Femmine,22,Tutte le età,561,Disturbi da consumo di stupefacenti,2,Percentuale,1990,0.0017996943583666,0.002181490004984,0.0014934659844793
1,Intera Popolazione,5,Prevalenza,102,Stati Uniti d'America,1,Maschi,22,Tutte le età,561,Disturbi da consumo di stupefacenti,2,Percentuale,1991,0.0272453762533314,0.0317783832969124,0.0229851581708795
1,Intera Popolazione,5,Prevalenza,102,Stati Uniti d'America,2,Femmine,22,Tutte le età,561,Disturbi da consumo di stupefacenti,2,Percentuale,1991,0.0154511132216047,0.0180160926495312,0.012883066619535
1,Intera Popolazione,5,Prevalenza,142,Iran (Repubblica Islamica dell'),1,Maschi,22,Tutte le età,561,Disturbi da consumo di stupefacenti,2,Percentuale,1990,0.0066714313779147,0.0075665468963028,0.0057822780100777
1,Intera Popolazione,5,Prevalenza,142,Iran (Repubblica Islamica dell'),2,Femmine,22,Tutte le età,561,Disturbi da consumo di stupefacenti,2,Percentuale,1990,0.0036363668257371,0.0042039425128477,0.0031319367066513
1,Intera Popolazione,5,Prevalenza,192,Africa Subsahariana Meridionale,1,Maschi,22,Tutte le età,561,Disturbi da consumo di stupefacenti,2,Percentuale,1990,0.0083907797383692,0.0103534406414261,0.006760234822206
1,Intera Popolazione,5,Prevalenza,192,Africa Subsahariana Meridionale,2,Femmine,22,Tutte le età,561,Disturbi da consumo di stupefacenti,2,Percentuale,1990,0.0053840216747963,0.0062359274538922,0.0046405313211434
1,Intera Popolazione,5,Prevalenza,130,Messico,1,Maschi,22,Tutte le età,561,Disturbi da consumo di stupefacenti,2,Percentuale,1991,0.005781674031822,0.0071557634623143,0.0046898833084615
1,Intera Popolazione,5,Prevalenza,130,Messico,2,Femmine,22,Tutte le età,561,Disturbi da consumo di stupefacenti,2,Percentuale,1991,0.0046988615684018,0.005477929268824,0.003865306814174
1,Intera Popolazione,5,Prevalenza,101,Canada,1,Maschi,22,Tutte le età,561,Disturbi da consumo di stupefacenti,2,Percentuale,1991,0.0283056417351291,0.0320588814060345,0.0248689917647078
1,Intera Popolazione,5,Prevalenza,101,Canada,2,Femmine,22,Tutte le età,561,Disturbi da consumo di stupefacenti,2,Percentuale,1991,0.0197302353428316,0.0218601086810624,0.0176955759386229
1,Intera Popolazione,5,Prevalenza,135,Brasile,1,Maschi,22,Tutte le età,561,Disturbi da consumo di stupefacenti,2,Percentuale,1991,0.0109242686512412,0.0137085647126237,0.0085671461599227
1,Intera Popolazione,5,Prevalenza,135,Brasile,2,Femmine,22,Tutte le età,561,Disturbi da consumo di stupefacenti,2,Percentuale,1991,0.0080044177244195,0.0098786709622857,0.0063693594270931
1,Intera Popolazione,5,Prevalenza,68,Repubblica di Corea,1,Maschi,22,Tutte le età,561,Disturbi da consumo di stupefacenti,2,Percentuale,1991,0.0117147689831038,0.0146501971957365,0.0089696266063454
1,Intera Popolazione,5,Prevalenza,68,Repubblica di Corea,2,Femmine,22,Tutte le età,561,Disturbi da consumo di stupefacenti,2,Percentuale,1991,0.0085530935620129,0.0112449697411843,0.0065407967923042
1,Intera Popolazione,5,Prevalenza,71,Australia,1,Maschi,22,Tutte le età,561,Disturbi da consumo di stupefacenti,2,Percentuale,1991,0.0346324728155399,0.0385237834413204,0.0311922801506602
1,Intera Popolazione,5,Prevalenza,71,Australia,2,Femmine,22,Tutte le età,561,Disturbi da consumo di stupefacenti,2,Percentuale,1991,0.0188016997195929,0.0211997090794928,0.0167682003573976
1,Intera Popolazione,5,Prevalenza,196,Sudafrica,1,Maschi,22,Tutte le età,561,Disturbi da consumo di stupefacenti,2,Percentuale,1990,0.0098169768638642,0.0118595447509114,0.0080244041751315
1,Intera Popolazione,5,Prevalenza,196,Sudafrica,2,Femmine,22,Tutte le età,561,Disturbi da consumo di stupefacenti,2,Percentuale,1990,0.0063932221887062,0.0073734083085805,0.0055207390079369
1,Intera Popolazione,5,Prevalenza,214,Nigeria,1,Maschi,22,Tutte le età,561,Disturbi da consumo di stupefacenti,2,Percentuale,1991,0.0022641436796768,0.0027817959344913,0.0017973542047621
1,Intera Popolazione,5,Prevalenza,214,Nigeria,2,Femmine,22,Tutte le età,561,Disturbi da consumo di stupefacenti,2,Percentuale,1991,0.0017480265074143,0.002080946387691,0.0014645241645088
1,Intera Popolazione,5,Prevalenza,135,Brasile,1,Maschi,22,Tutte le età,561,Disturbi da consumo di stupefacenti,2,Percentuale,1990,0.0108680077397162,0.0136592272500979,0.0084505755288947
1,Intera Popolazione,5,Prevalenza,135,Brasile,2,Femmine,22,Tutte le età,561,Disturbi da consumo di stupefacenti,2,Percentuale,1990,0.007905550911044,0.0097535190924322,0.0062517693480258
1,Intera Popolazione,5,Prevalenza,101,Canada,1,Maschi,22,Tutte le età,561,Disturbi da consumo di stupefacenti,2,Percentuale,1990,0.028879879703416,0.0329177439430043,0.0253423675749522
1,Intera Popolazione,5,Prevalenza,101,Canada,2,Femmine,22,Tutte le età,561,Disturbi da consumo di stupefacenti,2,Percentuale,1990,0.0201271456189669,0.0225828809154424,0.0178368840066008
1,Intera Popolazione,5,Prevalenza,163,India,1,Maschi,22,Tutte le età,561,Disturbi da consumo di stupefacenti,2,Percentuale,1990,0.0048079478544757,0.0062606516156812,0.0037928533320154
1,Intera Popolazione,5,Prevalenza,163,India,2,Femmine,22,Tutte le età,561,Disturbi da consumo di stupefacenti,2,Percentuale,1990,0.0025305598846849,0.0030316675249408,0.0020538900994755
1,Intera Popolazione,5,Prevalenza,86,Italia,1,Maschi,22,Tutte le età,561,Disturbi da consumo di stupefacenti,2,Percentuale,1990,0.0175888387833389,0.0221685522557049,0.0140114552595251
1,Intera Popolazione,5,Prevalenza,86,Italia,2,Femmine,22,Tutte le età,561,Disturbi da consumo di stupefacenti,2,Percentuale,1990,0.0093943034269104,0.0114625563384874,0.0075438800678133
1,Intera Popolazione,5,Prevalenza,174,Africa Subsahariana Orientale,1,Maschi,22,Tutte le età,561,Disturbi da consumo di stupefacenti,2,Percentuale,1991,0.0035497524386899,0.0048784220463055,0.0026447097676325
1,Intera Popolazione,5,Prevalenza,174,Africa Subsahariana Orientale,2,Femmine,22,Tutte le età,561,Disturbi da consumo di stupefacenti,2,Percentuale,1991,0.0021946241438647,0.0027897856555316,0.0017583999112213
1,Intera Popolazione,5,Prevalenza,199,Africa Subsahariana Occidentale,1,Maschi,22,Tutte le età,561,Disturbi da consumo di stupefacenti,2,Percentuale,1991,0.0023317566105033,0.0029361485810697,0.0018262766776984
1,Intera Popolazione,5,Prevalenza,199,Africa Subsahariana Occidentale,2,Femmine,22,Tutte le età,561,Disturbi da consumo di stupefacenti,2,Percentuale,1991,0.0018049256354705,0.0021803009674846,0.0014978800014084
1,Intera Popolazione,5,Prevalenza,142,Iran (Repubblica Islamica dell'),1,Maschi,22,Tutte le età,561,Disturbi da consumo di stupefacenti,2,Percentuale,1991,0.0070232732191802,0.0079466999456226,0.0061170406517519
1,Intera Popolazione,5,Prevalenza,142,Iran (Repubblica Islamica dell'),2,Femmine,22,Tutte le età,561,Disturbi da consumo di stupefacenti,2,Percentuale,1991,0.0037270389957205,0.0043206660267198,0.0032136238727809
1,Intera Popolazione,5,Prevalenza,81,Germania,1,Maschi,22,Tutte le età,561,Disturbi da consumo di stupefacenti,2,Percentuale,1990,0.0120527063744503,0.0133854568935875,0.0107272635494284
1,Intera Popolazione,5,Prevalenza,81,Germania,2,Femmine,22,Tutte le età,561,Disturbi da consumo di stupefacenti,2,Percentuale,1990,0.0054860781502924,0.0061321606854391,0.0048380890528983
1,Intera Popolazione,5,Prevalenza,214,Nigeria,1,Maschi,22,Tutte le età,561,Disturbi da consumo di stupefacenti,2,Percentuale,1990,0.0022689264684363,0.002790924951837,0.0017945970599028
1,Intera Popolazione,5,Prevalenza,214,Nigeria,2,Femmine,22,Tutte le età,561,Disturbi da consumo di stupefacenti,2,Percentuale,1990,0.0017386623589534,0.0020788413120262,0.0014570818329149
1,Intera Popolazione,5,Prevalenza,67,Giappone,1,Maschi,22,Tutte le età,561,Disturbi da consumo di stupefacenti,2,Percentuale,1992,0.0093947941619217,0.0112323748511929,0.0075263065116986
1,Intera Popolazione,5,Prevalenza,67,Giappone,2,Femmine,22,Tutte le età,561,Disturbi da consumo di stupefacenti,2,Percentuale,1992,0.0068517714467954,0.0083082911762079,0.0055681203328354
1,Intera Popolazione,5,Prevalenza,71,Australia,1,Maschi,22,Tutte le età,561,Disturbi da consumo di stupefacenti,2,Percentuale,1992,0.0340543499894777,0.0377105755734105,0.0307952610022213
1,Intera Popolazione,5,Prevalenza,71,Australia,2,Femmine,22,Tutte le età,561,Disturbi da consumo di stupefacenti,2,Percentuale,1992,0.0185195064281228,0.0208199692795388,0.0166282211453909
1,Intera Popolazione,5,Prevalenza,92,Spagna,1,Maschi,22,Tutte le età,561,Disturbi da consumo di stupefacenti,2,Percentuale,1992,0.0217869410596994,0.0230664671596353,0.0205060164973208
1,Intera Popolazione,5,Prevalenza,92,Spagna,2,Femmine,22,Tutte le età,561,Disturbi da consumo di stupefacenti,2,Percentuale,1992,0.0106462286268834,0.0114484952611054,0.0099124166753755
1,Intera Popolazione,5,Prevalenza,81,Germania,1,Maschi,22,Tutte le età,561,Disturbi da consumo di stupefacenti,2,Percentuale,1992,0.0118605371955731,0.0130200456579774,0.0107049697912776
1,Intera Popolazione,5,Prevalenza,81,Germania,2,Femmine,22,Tutte le età,561,Disturbi da consumo di stupefacenti,2,Percentuale,1992,0.0055010370079402,0.0060565433462544,0.0049827777904226
1,Intera Popolazione,5,Prevalenza,214,Nigeria,1,Maschi,22,Tutte le età,561,Disturbi da consumo di stupefacenti,2,Percentuale,1992,0.0022591245395424,0.0027721598141397,0.001806933930176
1,Intera Popolazione,5,Prevalenza,214,Nigeria,2,Femmine,22,Tutte le età,561,Disturbi da consumo di stupefacenti,2,Percentuale,1992,0.0017568340029348,0.0020875338431453,0.0014711690354032
1,Intera Popolazione,5,Prevalenza,130,Messico,1,Maschi,22,Tutte le età,561,Disturbi da consumo di stupefacenti,2,Percentuale,1993,0.0058851657399042,0.007198198082041,0.0048814257155861
1,Intera Popolazione,5,Prevalenza,130,Messico,2,Femmine,22,Tutte le età,561,Disturbi da consumo di stupefacenti,2,Percentuale,1993,0.0047613738638055,0.0055349422076082,0.0039547893026274
1,Intera Popolazione,5,Prevalenza,92,Spagna,1,Maschi,22,Tutte le età,561,Disturbi da consumo di stupefacenti,2,Percentuale,1993,0.0223634066032894,0.0234946415104109,0.0210997378220003
1,Intera Popolazione,5,Prevalenza,92,Spagna,2,Femmine,22,Tutte le età,561,Disturbi da consumo di stupefacenti,2,Percentuale,1993,0.0110751374951375,0.0118475881735603,0.0104228335360933
1,Intera Popolazione,5,Prevalenza,6,Cina,1,Maschi,22,Tutte le età,561,Disturbi da consumo di stupefacenti,2,Percentuale,1992,0.0107648385772212,0.0130597950119734,0.0090698192110417
1,Intera Popolazione,5,Prevalenza,6,Cina,2,Femmine,22,Tutte le età,561,Disturbi da consumo di stupefacenti,2,Percentuale,1992,0.0091875411879412,0.0109900602251239,0.0077959597882219
1,Intera Popolazione,5,Prevalenza,81,Germania,1,Maschi,22,Tutte le età,561,Disturbi da consumo di stupefacenti,2,Percentuale,1993,0.0117442604776421,0.0128334980675448,0.0106912031991823
1,Intera Popolazione,5,Prevalenza,81,Germania,2,Femmine,22,Tutte le età,561,Disturbi da consumo di stupefacenti,2,Percentuale,1993,0.005495744370659,0.0060349537602611,0.0050224497341237
1,Intera Popolazione,5,Prevalenza,11,Indonesia,1,Maschi,22,Tutte le età,561,Disturbi da consumo di stupefacenti,2,Percentuale,1993,0.0047910371375571,0.0060236924434724,0.0037008685481961
1,Intera Popolazione,5,Prevalenza,11,Indonesia,2,Femmine,22,Tutte le età,561,Disturbi da consumo di stupefacenti,2,Percentuale,1993,0.0043874837406902,0.0054238693526977,0.0034085679948666
1,Intera Popolazione,5,Prevalenza,192,Africa Subsahariana Meridionale,1,Maschi,22,Tutte le età,561,Disturbi da consumo di stupefacenti,2,Percentuale,1992,0.0086201968442759,0.0106105813334711,0.0069819860971857
1,Intera Popolazione,5,Prevalenza,192,Africa Subsahariana Meridionale,2,Femmine,22,Tutte le età,561,Disturbi da consumo di stupefacenti,2,Percentuale,1992,0.0055267147062847,0.0063991072472765,0.0047648254620684
1,Intera Popolazione,5,Prevalenza,135,Brasile,1,Maschi,22,Tutte le età,561,Disturbi da consumo di stupefacenti,2,Percentuale,1992,0.0109991560034412,0.0137125470809721,0.0087032463307731
1,Intera Popolazione,5,Prevalenza,135,Brasile,2,Femmine,22,Tutte le età,561,Disturbi da consumo di stupefacenti,2,Percentuale,1992,0.0080843392424205,0.0099625371653193,0.0064948363493715
1,Intera Popolazione,5,Prevalenza,80,Francia,1,Maschi,22,Tutte le età,561,Disturbi da consumo di stupefacenti,2,Percentuale,1992,0.0136178129984913,0.0156549734110446,0.0118393854429553
1,Intera Popolazione,5,Prevalenza,80,Francia,2,Femmine,22,Tutte le età,561,Disturbi da consumo di stupefacenti,2,Percentuale,1992,0.0072922850971928,0.0083727291767593,0.0061964029812165
1,Intera Popolazione,5,Prevalenza,102,Stati Uniti d'America,1,Maschi,22,Tutte le età,561,Disturbi da consumo di stupefacenti,2,Percentuale,1992,0.0270792504784782,0.0314811936213574,0.0228842893528281
1,Intera Popolazione,5,Prevalenza,102,Stati Uniti d'America,2,Femmine,22,Tutte le età,561,Disturbi da consumo di stupefacenti,2,Percentuale,1992,0.0151525100841795,0.0176964844463005,0.0126364633198102
1,Intera Popolazione,5,Prevalenza,102,Stati Uniti d'America,1,Maschi,22,Tutte le età,561,Disturbi da consumo di stupefacenti,2,Percentuale,1993,0.0269447420670065,0.031284105533981,0.0228257067597274
1,Intera Popolazione,5,Prevalenza,102,Stati Uniti d'America,2,Femmine,22,Tutte le età,561,Disturbi da consumo di stupefacenti,2,Percentuale,1993,0.014891952952492,0.0174220710643158,0.0124245812279349
1,Intera Popolazione,5,Prevalenza,68,Repubblica di Corea,1,Maschi,22,Tutte le età,561,Disturbi da consumo di stupefacenti,2,Percentuale,1992,0.0116833076179409,0.0145709028386403,0.0089275730627491
1,Intera Popolazione,5,Prevalenza,68,Repubblica di Corea,2,Femmine,22,Tutte le età,561,Disturbi da consumo di stupefacenti,2,Percentuale,1992,0.0085310056575352,0.0111732997498065,0.0065440306829713
1,Intera Popolazione,5,Prevalenza,81,Germania,1,Maschi,22,Tutte le età,561,Disturbi da consumo di stupefacenti,2,Percentuale,1995,0.0115540282200329,0.0125988441851784,0.010579308160218
1,Intera Popolazione,5,Prevalenza,81,Germania,2,Femmine,22,Tutte le età,561,Disturbi da consumo di stupefacenti,2,Percentuale,1995,0.0054740550927949,0.0059885021477217,0.0050225017745144
1,Intera Popolazione,5,Prevalenza,81,Germania,1,Maschi,22,Tutte le età,561,Disturbi da consumo di stupefacenti,2,Percentuale,1994,0.0116312871027151,0.0126783205645855,0.0106365080225576
1,Intera Popolazione,5,Prevalenza,81,Germania,2,Femmine,22,Tutte le età,561,Disturbi da consumo di stupefacenti,2,Percentuale,1994,0.0054832185635735,0.0060115877364112,0.0050162945517968
1,Intera Popolazione,5,Prevalenza,92,Spagna,1,Maschi,22,Tutte le età,561,Disturbi da consumo di stupefacenti,2,Percentuale,1995,0.0233192259783087,0.0245295894176747,0.0221180466920595
1,Intera Popolazione,5,Prevalenza,92,Spagna,2,Femmine,22,Tutte le età,561,Disturbi da consumo di stupefacenti,2,Percentuale,1995,0.0117360668143811,0.0124561916481144,0.0110753172410901
1,Intera Popolazione,5,Prevalenza,199,Africa Subsahariana Occidentale,1,Maschi,22,Tutte le età,561,Disturbi da consumo di stupefacenti,2,Percentuale,1992,0.0023334664878684,0.002936319217347,0.0018314109503172
1,Intera Popolazione,5,Prevalenza,199,Africa Subsahariana Occidentale,2,Femmine,22,Tutte le età,561,Disturbi da consumo di stupefacenti,2,Percentuale,1992,0.0018101003303949,0.002183531576552,0.0015012904314785
1,Intera Popolazione,5,Prevalenza,142,Iran (Repubblica Islamica dell'),1,Maschi,22,Tutte le età,561,Disturbi da consumo di stupefacenti,2,Percentuale,1992,0.0074075535181413,0.0083670347579763,0.0064703643117201
1,Intera Popolazione,5,Prevalenza,142,Iran (Repubblica Islamica dell'),2,Femmine,22,Tutte le età,561,Disturbi da consumo di stupefacenti,2,Percentuale,1992,0.0038239131622932,0.0044474806832978,0.0032981601456748
1,Intera Popolazione,5,Prevalenza,199,Africa Subsahariana Occidentale,1,Maschi,22,Tutte le età,561,Disturbi da consumo di stupefacenti,2,Percentuale,1993,0.0023394487862854,0.0029422899193094,0.0018373156522226
1,Intera Popolazione,5,Prevalenza,199,Africa Subsahariana Occidentale,2,Femmine,22,Tutte le età,561,Disturbi da consumo di stupefacenti,2,Percentuale,1993,0.0018173047052627,0.0021913012639067,0.001505357402669
1,Intera Popolazione,5,Prevalenza,67,Giappone,1,Maschi,22,Tutte le età,561,Disturbi da consumo di stupefacenti,2,Percentuale,1993,0.0093767036198861,0.0111915433758025,0.0075325575399453
1,Intera Popolazione,5,Prevalenza,67,Giappone,2,Femmine,22,Tutte le età,561,Disturbi da consumo di stupefacenti,2,Percentuale,1993,0.0068296237829528,0.0082579872460971,0.0055654150147768
1,Intera Popolazione,5,Prevalenza,67,Giappone,1,Maschi,22,Tutte le età,561,Disturbi da consumo di stupefacenti,2,Percentuale,1994,0.0093493368100146,0.0111388593696502,0.0075314220619266
1,Intera Popolazione,5,Prevalenza,67,Giappone,2,Femmine,22,Tutte le età,561,Disturbi da consumo di stupefacenti,2,Percentuale,1994,0.0068011820150188,0.0081970552799764,0.0055586761226695
1,Intera Popolazione,5,Prevalenza,92,Spagna,1,Maschi,22,Tutte le età,561,Disturbi da consumo di stupefacenti,2,Percentuale,1994,0.0228853296369771,0.0240518463352133,0.0216210569923921
1,Intera Popolazione,5,Prevalenza,92,Spagna,2,Femmine,22,Tutte le età,561,Disturbi da consumo di stupefacenti,2,Percentuale,1994,0.0114507834955206,0.0121585239063391,0.0108203563496539
1,Intera Popolazione,5,Prevalenza,130,Messico,1,Maschi,22,Tutte le età,561,Disturbi da consumo di stupefacenti,2,Percentuale,1994,0.0059243997189049,0.0071814079002932,0.0049339202834762
1,Intera Popolazione,5,Prevalenza,130,Messico,2,Femmine,22,Tutte le età,561,Disturbi da consumo di stupefacenti,2,Percentuale,1994,0.0047808544161786,0.0055510114068014,0.0039944471592565
1,Intera Popolazione,5,Prevalenza,130,Messico,1,Maschi,22,Tutte le età,561,Disturbi da consumo di stupefacenti,2,Percentuale,1992,0.0058367985297389,0.007180515377283,0.004802778549347
1,Intera Popolazione,5,Prevalenza,130,Messico,2,Femmine,22,Tutte le età,561,Disturbi da consumo di stupefacenti,2,Percentuale,1992,0.0047333658562121,0.0055094990936115,0.0039135750884474
1,Intera Popolazione,5,Prevalenza,56,Europa Orientale,1,Maschi,22,Tutte le età,561,Disturbi da consumo di stupefacenti,2,Percentuale,1992,0.0151118068879733,0.0172672594367737,0.0132046270164536
1,Intera Popolazione,5,Prevalenza,56,Europa Orientale,2,Femmine,22,Tutte le età,561,Disturbi da consumo di stupefacenti,2,Percentuale,1992,0.0071875094119188,0.0081643569589444,0.0062998646182505
1,Intera Popolazione,5,Prevalenza,174,Africa Subsahariana Orientale,1,Maschi,22,Tutte le età,561,Disturbi da consumo di stupefacenti,2,Percentuale,1992,0.0035572106345602,0.0048879525621877,0.0026526562566014
1,Intera Popolazione,5,Prevalenza,174,Africa Subsahariana Orientale,2,Femmine,22,Tutte le età,561,Disturbi da consumo di stupefacenti,2,Percentuale,1992,0.0021954462082795,0.0027910875938286,0.0017577717950314
1,Intera Popolazione,5,Prevalenza,11,Indonesia,1,Maschi,22,Tutte le età,561,Disturbi da consumo di stupefacenti,2,Percentuale,1992,0.0047418023209367,0.0059797325588548,0.0036558225937908
1,Intera Popolazione,5,Prevalenza,11,Indonesia,2,Femmine,22,Tutte le età,561,Disturbi da consumo di stupefacenti,2,Percentuale,1992,0.0043588340726966,0.0053880596122293,0.0033837554313756
1,Intera Popolazione,5,Prevalenza,163,India,1,Maschi,22,Tutte le età,561,Disturbi da consumo di stupefacenti,2,Percentuale,1992,0.0048108536315332,0.0061861055922859,0.0038208514188906
1,Intera Popolazione,5,Prevalenza,163,India,2,Femmine,22,Tutte le età,561,Disturbi da consumo di stupefacenti,2,Percentuale,1992,0.002611859418818,0.0031193131124501,0.0020903388312397
1,Intera Popolazione,5,Prevalenza,167,Africa Subsahariana Centrale,1,Maschi,22,Tutte le età,561,Disturbi da consumo di stupefacenti,2,Percentuale,1992,0.0032088917100623,0.0043338372296943,0.0023285765370375
1,Intera Popolazione,5,Prevalenza,167,Africa Subsahariana Centrale,2,Femmine,22,Tutte le età,561,Disturbi da consumo di stupefacenti,2,Percentuale,1992,0.0019522188312131,0.0023974118900675,0.0015681006152688
1,Intera Popolazione,5,Prevalenza,6,Cina,1,Maschi,22,Tutte le età,561,Disturbi da consumo di stupefacenti,2,Percentuale,1994,0.0110917194811336,0.013391064236791,0.0094102245542299
1,Intera Popolazione,5,Prevalenza,6,Cina,2,Femmine,22,Tutte le età,561,Disturbi da consumo di stupefacenti,2,Percentuale,1994,0.0090686144830996,0.0108393103499338,0.00770614484226
1,Intera Popolazione,5,Prevalenza,142,Iran (Repubblica Islamica dell'),1,Maschi,22,Tutte le età,561,Disturbi da consumo di stupefacenti,2,Percentuale,1993,0.0077615247549136,0.0087755377150126,0.0067785532636647
1,Intera Popolazione,5,Prevalenza,142,Iran (Repubblica Islamica dell'),2,Femmine,22,Tutte le età,561,Disturbi da consumo di stupefacenti,2,Percentuale,1993,0.0039061116427452,0.0045473082720314,0.0033739229361626
1,Intera Popolazione,5,Prevalenza,214,Nigeria,1,Maschi,22,Tutte le età,561,Disturbi da consumo di stupefacenti,2,Percentuale,1993,0.0022547864685662,0.0027646994118567,0.0018095905702577
1,Intera Popolazione,5,Prevalenza,214,Nigeria,2,Femmine,22,Tutte le età,561,Disturbi da consumo di stupefacenti,2,Percentuale,1993,0.0017656911130087,0.0020983347341202,0.0014762361086789
1,Intera Popolazione,5,Prevalenza,68,Repubblica di Corea,1,Maschi,22,Tutte le età,561,Disturbi da consumo di stupefacenti,2,Percentuale,1995,0.0115376757670961,0.0142274470152983,0.0087416250583628
1,Intera Popolazione,5,Prevalenza,68,Repubblica di Corea,2,Femmine,22,Tutte le età,561,Disturbi da consumo di stupefacenti,2,Percentuale,1995,0.0084285972014797,0.0108962836332664,0.0064784592828291
1,Intera Popolazione,5,Prevalenza,102,Stati Uniti d'America,1,Maschi,22,Tutte le età,561,Disturbi da consumo di stupefacenti,2,Percentuale,1994,0.0268649045798958,0.0311658563487736,0.0227895056205948
1,Intera Popolazione,5,Prevalenza,102,Stati Uniti d'America,2,Femmine,22,Tutte le età,561,Disturbi da consumo di stupefacenti,2,Percentuale,1994,0.0146903657999415,0.017216360696221,0.0122655775706417
1,Intera Popolazione,5,Prevalenza,80,Francia,1,Maschi,22,Tutte le età,561,Disturbi da consumo di stupefacenti,2,Percentuale,1993,0.0134937293798475,0.0153723048139369,0.0117760955564405
1,Intera Popolazione,5,Prevalenza,80,Francia,2,Femmine,22,Tutte le età,561,Disturbi da consumo di stupefacenti,2,Percentuale,1993,0.0072615502689867,0.0082630010193866,0.0061866101187001
1,Intera Popolazione,5,Prevalenza,68,Repubblica di Corea,1,Maschi,22,Tutte le età,561,Disturbi da consumo di stupefacenti,2,Percentuale,1993,0.011623892831509,0.0144735574330185,0.0088659497795846
1,Intera Popolazione,5,Prevalenza,68,Repubblica di Corea,2,Femmine,22,Tutte le età,561,Disturbi da consumo di stupefacenti,2,Percentuale,1993,0.0084917356485803,0.0110722435463329,0.006519512631605
1,Intera Popolazione,5,Prevalenza,142,Iran (Repubblica Islamica dell'),1,Maschi,22,Tutte le età,561,Disturbi da consumo di stupefacenti,2,Percentuale,1994,0.0080756907775235,0.0091392820351851,0.0070584610023335
1,Intera Popolazione,5,Prevalenza,142,Iran (Repubblica Islamica dell'),2,Femmine,22,Tutte le età,561,Disturbi da consumo di stupefacenti,2,Percentuale,1994,0.0039715669944498,0.0046327366414131,0.0034368160543698
1,Intera Popolazione,5,Prevalenza,95,Regno Unito,1,Maschi,22,Tutte le età,561,Disturbi da consumo di stupefacenti,2,Percentuale,1993,0.0238559867479877,0.0287873306106322,0.019784614511641
1,Intera Popolazione,5,Prevalenza,95,Regno Unito,2,Femmine,22,Tutte le età,561,Disturbi da consumo di stupefacenti,2,Percentuale,1993,0.0125413089805474,0.0153798987985548,0.0104260192178917
1,Intera Popolazione,5,Prevalenza,174,Africa Subsahariana Orientale,1,Maschi,22,Tutte le età,561,Disturbi da consumo di stupefacenti,2,Percentuale,1993,0.0035646811010936,0.0048981419659537,0.0026602767687493
1,Intera Popolazione,5,Prevalenza,174,Africa Subsahariana Orientale,2,Femmine,22,Tutte le età,561,Disturbi da consumo di stupefacenti,2,Percentuale,1993,0.0021967572582898,0.0027932657288575,0.0017573170402298
1,Intera Popolazione,5,Prevalenza,95,Regno Unito,1,Maschi,22,Tutte le età,561,Disturbi da consumo di stupefacenti,2,Percentuale,1992,0.0235801730799532,0.0287087456763837,0.019476145863212
1,Intera Popolazione,5,Prevalenza,95,Regno Unito,2,Femmine,22,Tutte le età,561,Disturbi da consumo di stupefacenti,2,Percentuale,1992,0.0125339320108015,0.0153787722450497,0.0103874064254595
1,Intera Popolazione,5,Prevalenza,101,Canada,1,Maschi,22,Tutte le età,561,Disturbi da consumo di stupefacenti,2,Percentuale,1992,0.0277921553612912,0.0312533917471125,0.0248518268466643
1,Intera Popolazione,5,Prevalenza,101,Canada,2,Femmine,22,Tutte le età,561,Disturbi da consumo di stupefacenti,2,Percentuale,1992,0.0193651042106467,0.0212662036125136,0.0175410153253931
1,Intera Popolazione,5,Prevalenza,101,Canada,1,Maschi,22,Tutte le età,561,Disturbi da consumo di stupefacenti,2,Percentuale,1994,0.0269695174330815,0.030277634792689,0.0242182676042128
1,Intera Popolazione,5,Prevalenza,101,Canada,2,Femmine,22,Tutte le età,561,Disturbi da consumo di stupefacenti,2,Percentuale,1994,0.0187206169805611,0.020442843323593,0.0170924037355658
1,Intera Popolazione,5,Prevalenza,163,India,1,Maschi,22,Tutte le età,561,Disturbi da consumo di stupefacenti,2,Percentuale,1993,0.0048107645970294,0.0061566948722905,0.0038031096473817
1,Intera Popolazione,5,Prevalenza,163,India,2,Femmine,22,Tutte le età,561,Disturbi da consumo di stupefacenti,2,Percentuale,1993,0.0026430474721988,0.0031365849542047,0.0021021404368611
1,Intera Popolazione,5,Prevalenza,86,Italia,1,Maschi,22,Tutte le età,561,Disturbi da consumo di stupefacenti,2,Percentuale,1992,0.0176767604226021,0.0217958468632385,0.014530367188186
1,Intera Popolazione,5,Prevalenza,86,Italia,2,Femmine,22,Tutte le età,561,Disturbi da consumo di stupefacenti,2,Percentuale,1992,0.0094623495686566,0.0116744664629988,0.0076235497790852
1,Intera Popolazione,5,Prevalenza,95,Regno Unito,1,Maschi,22,Tutte le età,561,Disturbi da consumo di stupefacenti,2,Percentuale,1995,0.0241151128826247,0.0289506761952866,0.020151164876874
1,Intera Popolazione,5,Prevalenza,95,Regno Unito,2,Femmine,22,Tutte le età,561,Disturbi da consumo di stupefacenti,2,Percentuale,1995,0.0125027561467033,0.0150001013541013,0.0103204786166424
1,Intera Popolazione,5,Prevalenza,80,Francia,1,Maschi,22,Tutte le età,561,Disturbi da consumo di stupefacenti,2,Percentuale,1994,0.0133814101424965,0.0151990751958505,0.0116935055756711
1,Intera Popolazione,5,Prevalenza,80,Francia,2,Femmine,22,Tutte le età,561,Disturbi da consumo di stupefacenti,2,Percentuale,1994,0.0072347056583269,0.0082076666128086,0.0061735235224365
1,Intera Popolazione,5,Prevalenza,6,Cina,1,Maschi,22,Tutte le età,561,Disturbi da consumo di stupefacenti,2,Percentuale,1993,0.0109826438801032,0.0132929370576264,0.0092793517520896
1,Intera Popolazione,5,Prevalenza,6,Cina,2,Femmine,22,Tutte le età,561,Disturbi da consumo di stupefacenti,2,Percentuale,1993,0.0091481604243142,0.0109278617849934,0.0077688348091384
1,Intera Popolazione,5,Prevalenza,130,Messico,1,Maschi,22,Tutte le età,561,Disturbi da consumo di stupefacenti,2,Percentuale,1995,0.0059523195890333,0.0071358983467856,0.00497045960833
1,Intera Popolazione,5,Prevalenza,130,Messico,2,Femmine,22,Tutte le età,561,Disturbi da consumo di stupefacenti,2,Percentuale,1995,0.004789396044707,0.0055517929982996,0.0040086683078567
1,Intera Popolazione,5,Prevalenza,95,Regno Unito,1,Maschi,22,Tutte le età,561,Disturbi da consumo di stupefacenti,2,Percentuale,1994,0.0240534282110137,0.0289656652265869,0.0200346767121642
1,Intera Popolazione,5,Prevalenza,95,Regno Unito,2,Femmine,22,Tutte le età,561,Disturbi da consumo di stupefacenti,2,Percentuale,1994,0.0125444529952529,0.0152266976292364,0.0103983961502967
1,Intera Popolazione,5,Prevalenza,92,Spagna,1,Maschi,22,Tutte le età,561,Disturbi da consumo di stupefacenti,2,Percentuale,1996,0.0237394134808901,0.0249276267044296,0.0226109899602373
1,Intera Popolazione,5,Prevalenza,92,Spagna,2,Femmine,22,Tutte le età,561,Disturbi da consumo di stupefacenti,2,Percentuale,1996,0.0120470161016892,0.0126571217565472,0.0114727746350903
1,Intera Popolazione,5,Prevalenza,196,Sudafrica,1,Maschi,22,Tutte le età,561,Disturbi da consumo di stupefacenti,2,Percentuale,1991,0.0099525511402726,0.0119625924761756,0.0081822806185468
1,Intera Popolazione,5,Prevalenza,196,Sudafrica,2,Femmine,22,Tutte le età,561,Disturbi da consumo di stupefacenti,2,Percentuale,1991,0.0064811007266731,0.0074682255167457,0.0056013070296116
1,Intera Popolazione,5,Prevalenza,163,India,1,Maschi,22,Tutte le età,561,Disturbi da consumo di stupefacenti,2,Percentuale,1994,0.0048121023796562,0.0061351634818464,0.0037780929394992
1,Intera Popolazione,5,Prevalenza,163,India,2,Femmine,22,Tutte le età,561,Disturbi da consumo di stupefacenti,2,Percentuale,1994,0.0026669429304147,0.0031691572281286,0.0021135278632291
1,Intera Popolazione,5,Prevalenza,92,Spagna,1,Maschi,22,Tutte le età,561,Disturbi da consumo di stupefacenti,2,Percentuale,1997,0.0242153240651033,0.0254067775732387,0.0231510612645684
1,Intera Popolazione,5,Prevalenza,92,Spagna,2,Femmine,22,Tutte le età,561,Disturbi da consumo di stupefacenti,2,Percentuale,1997,0.012449053355264,0.0130244837378185,0.0118832289330581
1,Intera Popolazione,5,Prevalenza,199,Africa Subsahariana Occidentale,1,Maschi,22,Tutte le età,561,Disturbi da consumo di stupefacenti,2,Percentuale,1995,0.0023508773037769,0.0029394917766978,0.001845055817301
1,Intera Popolazione,5,Prevalenza,199,Africa Subsahariana Occidentale,2,Femmine,22,Tutte le età,561,Disturbi da consumo di stupefacenti,2,Percentuale,1995,0.0018315739453584,0.0022062668982598,0.0015109824577015
1,Intera Popolazione,5,Prevalenza,174,Africa Subsahariana Orientale,1,Maschi,22,Tutte le età,561,Disturbi da consumo di stupefacenti,2,Percentuale,1994,0.0035580423253697,0.0048844635043461,0.0026585360978091
1,Intera Popolazione,5,Prevalenza,174,Africa Subsahariana Orientale,2,Femmine,22,Tutte le età,561,Disturbi da consumo di stupefacenti,2,Percentuale,1994,0.0021975305064415,0.0027949706238013,0.0017562667670499
1,Intera Popolazione,5,Prevalenza,68,Repubblica di Corea,1,Maschi,22,Tutte le età,561,Disturbi da consumo di stupefacenti,2,Percentuale,1994,0.0115796915053271,0.0143377966155459,0.0088074559442087
1,Intera Popolazione,5,Prevalenza,68,Repubblica di Corea,2,Femmine,22,Tutte le età,561,Disturbi da consumo di stupefacenti,2,Percentuale,1994,0.0084593600352279,0.0109842920035775,0.0064892656356322
1,Intera Popolazione,5,Prevalenza,6,Cina,1,Maschi,22,Tutte le età,561,Disturbi da consumo di stupefacenti,2,Percentuale,1996,0.0109832725169754,0.0131868601471161,0.0093688694572122
1,Intera Popolazione,5,Prevalenza,6,Cina,2,Femmine,22,Tutte le età,561,Disturbi da consumo di stupefacenti,2,Percentuale,1996,0.0087795828848117,0.0105127134671058,0.0074686595475975
1,Intera Popolazione,5,Prevalenza,142,Iran (Repubblica Islamica dell'),1,Maschi,22,Tutte le età,561,Disturbi da consumo di stupefacenti,2,Percentuale,1995,0.0084202406413429,0.0095392170805074,0.0073634889501982
1,Intera Popolazione,5,Prevalenza,142,Iran (Repubblica Islamica dell'),2,Femmine,22,Tutte le età,561,Disturbi da consumo di stupefacenti,2,Percentuale,1995,0.0040433627625095,0.0047306725722682,0.0035062877288108
1,Intera Popolazione,5,Prevalenza,214,Nigeria,1,Maschi,22,Tutte le età,561,Disturbi da consumo di stupefacenti,2,Percentuale,1994,0.0022520227904563,0.0027404849748041,0.0017983090153376
1,Intera Popolazione,5,Prevalenza,214,Nigeria,2,Femmine,22,Tutte le età,561,Disturbi da consumo di stupefacenti,2,Percentuale,1994,0.0017749074740969,0.002101925730151,0.0014766954524122
1,Intera Popolazione,5,Prevalenza,95,Regno Unito,1,Maschi,22,Tutte le età,561,Disturbi da consumo di stupefacenti,2,Percentuale,1996,0.0240333189273013,0.0288386702364934,0.0199015574158214
1,Intera Popolazione,5,Prevalenza,95,Regno Unito,2,Femmine,22,Tutte le età,561,Disturbi da consumo di stupefacenti,2,Percentuale,1996,0.0124120647573387,0.0149688146521992,0.0103332547247731
1,Intera Popolazione,5,Prevalenza,142,Iran (Repubblica Islamica dell'),1,Maschi,22,Tutte le età,561,Disturbi da consumo di stupefacenti,2,Percentuale,1996,0.0089603634310831,0.010172075902123,0.0078326670860472
1,Intera Popolazione,5,Prevalenza,142,Iran (Repubblica Islamica dell'),2,Femmine,22,Tutte le età,561,Disturbi da consumo di stupefacenti,2,Percentuale,1996,0.0041374347785544,0.0048350064451142,0.0035936083333862
1,Intera Popolazione,5,Prevalenza,81,Germania,1,Maschi,22,Tutte le età,561,Disturbi da consumo di stupefacenti,2,Percentuale,1996,0.011482916072533,0.0125295805906346,0.0105754221451875
1,Intera Popolazione,5,Prevalenza,81,Germania,2,Femmine,22,Tutte le età,561,Disturbi da consumo di stupefacenti,2,Percentuale,1996,0.0054592535134303,0.0059619561746656,0.0050177193816618
1,Intera Popolazione,5,Prevalenza,68,Repubblica di Corea,1,Maschi,22,Tutte le età,561,Disturbi da consumo di stupefacenti,2,Percentuale,1997,0.011423827817795,0.0140510934694387,0.0087188651848732
1,Intera Popolazione,5,Prevalenza,68,Repubblica di Corea,2,Femmine,22,Tutte le età,561,Disturbi da consumo di stupefacenti,2,Percentuale,1997,0.0083562695483802,0.0107690612521158,0.0064268962804745
1,Intera Popolazione,5,Prevalenza,102,Stati Uniti d'America,1,Maschi,22,Tutte le età,561,Disturbi da consumo di stupefacenti,2,Percentuale,1996,0.0267666963464986,0.0310350530495505,0.0228220117941447
1,Intera Popolazione,5,Prevalenza,102,Stati Uniti d'America,2,Femmine,22,Tutte le età,561,Disturbi da consumo di stupefacenti,2,Percentuale,1996,0.0144343209342196,0.0169357766035278,0.0121197834021659
1,Intera Popolazione,5,Prevalenza,6,Cina,1,Maschi,22,Tutte le età,561,Disturbi da consumo di stupefacenti,2,Percentuale,1995,0.0110839588415642,0.0133173875218652,0.0094312773382619
1,Intera Popolazione,5,Prevalenza,6,Cina,2,Femmine,22,Tutte le età,561,Disturbi da consumo di stupefacenti,2,Percentuale,1995,0.0089556159210429,0.0107011674154226,0.0076064190082446
1,Intera Popolazione,5,Prevalenza,92,Spagna,1,Maschi,22,Tutte le età,561,Disturbi da consumo di stupefacenti,2,Percentuale,1998,0.0246681559166252,0.0258883617509735,0.023571117887537
1,Intera Popolazione,5,Prevalenza,92,Spagna,2,Femmine,22,Tutte le età,561,Disturbi da consumo di stupefacenti,2,Percentuale,1998,0.0128372686159366,0.0133848471607962,0.0122632649987337
1,Intera Popolazione,5,Prevalenza,81,Germania,1,Maschi,22,Tutte le età,561,Disturbi da consumo di stupefacenti,2,Percentuale,1997,0.0114251401947385,0.0124814057283378,0.0105371683243588
1,Intera Popolazione,5,Prevalenza,81,Germania,2,Femmine,22,Tutte le età,561,Disturbi da consumo di stupefacenti,2,Percentuale,1997,0.0054579572070285,0.0059168971827219,0.0050441078481522
1,Intera Popolazione,5,Prevalenza,6,Cina,1,Maschi,22,Tutte le età,561,Disturbi da consumo di stupefacenti,2,Percentuale,1997,0.0108399793921871,0.0129839587764849,0.0092376560008284
1,Intera Popolazione,5,Prevalenza,6,Cina,2,Femmine,22,Tutte le età,561,Disturbi da consumo di stupefacenti,2,Percentuale,1997,0.0085460410754527,0.0102345852480941,0.0072754865772401
1,Intera Popolazione,5,Prevalenza,81,Germania,1,Maschi,22,Tutte le età,561,Disturbi da consumo di stupefacenti,2,Percentuale,1998,0.0113603489138965,0.0123814134879398,0.0104819267242109
1,Intera Popolazione,5,Prevalenza,81,Germania,2,Femmine,22,Tutte le età,561,Disturbi da consumo di stupefacenti,2,Percentuale,1998,0.0054543999685131,0.0058902802508819,0.0050587619794974
1,Intera Popolazione,5,Prevalenza,130,Messico,1,Maschi,22,Tutte le età,561,Disturbi da consumo di stupefacenti,2,Percentuale,1996,0.0059645143033444,0.007108019747545,0.0049989179305961
1,Intera Popolazione,5,Prevalenza,130,Messico,2,Femmine,22,Tutte le età,561,Disturbi da consumo di stupefacenti,2,Percentuale,1996,0.0047881821242336,0.0055434287007737,0.0040264754626485
1,Intera Popolazione,5,Prevalenza,67,Giappone,1,Maschi,22,Tutte le età,561,Disturbi da consumo di stupefacenti,2,Percentuale,1996,0.0092896825113058,0.0110258077491689,0.0075052754833686
1,Intera Popolazione,5,Prevalenza,67,Giappone,2,Femmine,22,Tutte le età,561,Disturbi da consumo di stupefacenti,2,Percentuale,1996,0.0067449424916817,0.0080692905534311,0.0055441903352717
1,Intera Popolazione,5,Prevalenza,80,Francia,1,Maschi,22,Tutte le età,561,Disturbi da consumo di stupefacenti,2,Percentuale,1996,0.0131969077245957,0.0149738235598788,0.0117049738531525
1,Intera Popolazione,5,Prevalenza,80,Francia,2,Femmine,22,Tutte le età,561,Disturbi da consumo di stupefacenti,2,Percentuale,1996,0.0071777583907878,0.0081236955212243,0.0061571062492226
1,Intera Popolazione,5,Prevalenza,92,Spagna,1,Maschi,22,Tutte le età,561,Disturbi da consumo di stupefacenti,2,Percentuale,1999,0.0250522941847588,0.0263396895000626,0.0238758094966746
1,Intera Popolazione,5,Prevalenza,92,Spagna,2,Femmine,22,Tutte le età,561,Disturbi da consumo di stupefacenti,2,Percentuale,1999,0.0131224953023741,0.0136888364252027,0.0125161343562462
1,Intera Popolazione,5,Prevalenza,81,Germania,1,Maschi,22,Tutte le età,561,Disturbi da consumo di stupefacenti,2,Percentuale,1999,0.011294284652417,0.0123334714641971,0.0103739486741388
1,Intera Popolazione,5,Prevalenza,81,Germania,2,Femmine,22,Tutte le età,561,Disturbi da consumo di stupefacenti,2,Percentuale,1999,0.0054492561312726,0.0058719227843668,0.0050516119896134
1,Intera Popolazione,5,Prevalenza,130,Messico,1,Maschi,22,Tutte le età,561,Disturbi da consumo di stupefacenti,2,Percentuale,1997,0.0059648263816236,0.007060823134649,0.0050212236981975
1,Intera Popolazione,5,Prevalenza,130,Messico,2,Femmine,22,Tutte le età,561,Disturbi da consumo di stupefacenti,2,Percentuale,1997,0.0047836488691542,0.0055285722658398,0.0040428476792841
1,Intera Popolazione,5,Prevalenza,102,Stati Uniti d'America,1,Maschi,22,Tutte le età,561,Disturbi da consumo di stupefacenti,2,Percentuale,1995,0.0268117225074509,0.0311022697581123,0.0227683412001036
1,Intera Popolazione,5,Prevalenza,102,Stati Uniti d'America,2,Femmine,22,Tutte le età,561,Disturbi da consumo di stupefacenti,2,Percentuale,1995,0.0145323835648171,0.0170347956724129,0.0121439986092596
1,Intera Popolazione,5,Prevalenza,174,Africa Subsahariana Orientale,1,Maschi,22,Tutte le età,561,Disturbi da consumo di stupefacenti,2,Percentuale,1995,0.0035617408275253,0.0048865229557576,0.002664737412373
1,Intera Popolazione,5,Prevalenza,174,Africa Subsahariana Orientale,2,Femmine,22,Tutte le età,561,Disturbi da consumo di stupefacenti,2,Percentuale,1995,0.0022022868950716,0.0027999567798165,0.0017585832263295
1,Intera Popolazione,5,Prevalenza,130,Messico,1,Maschi,22,Tutte le età,561,Disturbi da consumo di stupefacenti,2,Percentuale,1998,0.0059568758379116,0.0070049354377927,0.0050361516016455
1,Intera Popolazione,5,Prevalenza,130,Messico,2,Femmine,22,Tutte le età,561,Disturbi da consumo di stupefacenti,2,Percentuale,1998,0.0047753820598244,0.0055244522875783,0.004054521283299
1,Intera Popolazione,5,Prevalenza,80,Francia,1,Maschi,22,Tutte le età,561,Disturbi da consumo di stupefacenti,2,Percentuale,1995,0.013280989435823,0.0151356828867213,0.0116530314845511
1,Intera Popolazione,5,Prevalenza,80,Francia,2,Femmine,22,Tutte le età,561,Disturbi da consumo di stupefacenti,2,Percentuale,1995,0.0072085097368621,0.0081817599819156,0.0061419394863411
1,Intera Popolazione,5,Prevalenza,56,Europa Orientale,1,Maschi,22,Tutte le età,561,Disturbi da consumo di stupefacenti,2,Percentuale,1993,0.0156526466756005,0.0178772272199567,0.0136742405202944
1,Intera Popolazione,5,Prevalenza,56,Europa Orientale,2,Femmine,22,Tutte le età,561,Disturbi da consumo di stupefacenti,2,Percentuale,1993,0.0073432772947405,0.0083555879256666,0.0064347560639418
1,Intera Popolazione,5,Prevalenza,92,Spagna,1,Maschi,22,Tutte le età,561,Disturbi da consumo di stupefacenti,2,Percentuale,2000,0.0253406716016662,0.0268180256859743,0.0240374885034044
1,Intera Popolazione,5,Prevalenza,92,Spagna,2,Femmine,22,Tutte le età,561,Disturbi da consumo di stupefacenti,2,Percentuale,2000,0.0132269291425765,0.0138436557506978,0.0125576117754289
1,Intera Popolazione,5,Prevalenza,81,Germania,1,Maschi,22,Tutte le età,561,Disturbi da consumo di stupefacenti,2,Percentuale,2000,0.0112436306519433,0.0123146547678432,0.0102836416395769
1,Intera Popolazione,5,Prevalenza,81,Germania,2,Femmine,22,Tutte le età,561,Disturbi da consumo di stupefacenti,2,Percentuale,2000,0.0054490821903571,0.0058741103375829,0.0050574132084584
1,Intera Popolazione,5,Prevalenza,192,Africa Subsahariana Meridionale,1,Maschi,22,Tutte le età,561,Disturbi da consumo di stupefacenti,2,Percentuale,1993,0.0087269201400254,0.010715976696433,0.0070994842157766
1,Intera Popolazione,5,Prevalenza,192,Africa Subsahariana Meridionale,2,Femmine,22,Tutte le età,561,Disturbi da consumo di stupefacenti,2,Percentuale,1993,0.0056004301524012,0.006484652273302,0.0048291124354348
1,Intera Popolazione,5,Prevalenza,11,Indonesia,1,Maschi,22,Tutte le età,561,Disturbi da consumo di stupefacenti,2,Percentuale,1995,0.0048781120450765,0.006111729396753,0.0037838529955923
1,Intera Popolazione,5,Prevalenza,11,Indonesia,2,Femmine,22,Tutte le età,561,Disturbi da consumo di stupefacenti,2,Percentuale,1995,0.0044419588142885,0.0054678476636477,0.0034547111870554
1,Intera Popolazione,5,Prevalenza,192,Africa Subsahariana Meridionale,1,Maschi,22,Tutte le età,561,Disturbi da consumo di stupefacenti,2,Percentuale,1995,0.0089071804368166,0.0108695467702571,0.0072781572621009
1,Intera Popolazione,5,Prevalenza,192,Africa Subsahariana Meridionale,2,Femmine,22,Tutte le età,561,Disturbi da consumo di stupefacenti,2,Percentuale,1995,0.0057438828822897,0.00664612296656,0.0049703115001426
1,Intera Popolazione,5,Prevalenza,67,Giappone,1,Maschi,22,Tutte le età,561,Disturbi da consumo di stupefacenti,2,Percentuale,1995,0.0093149826531798,0.0110823517170889,0.0075168108035655
1,Intera Popolazione,5,Prevalenza,67,Giappone,2,Femmine,22,Tutte le età,561,Disturbi da consumo di stupefacenti,2,Percentuale,1995,0.0067679509335786,0.0081318404281582,0.0055488934128625
1,Intera Popolazione,5,Prevalenza,199,Africa Subsahariana Occidentale,1,Maschi,22,Tutte le età,561,Disturbi da consumo di stupefacenti,2,Percentuale,1996,0.0023587762446326,0.0029450028141569,0.0018522004134701
1,Intera Popolazione,5,Prevalenza,199,Africa Subsahariana Occidentale,2,Femmine,22,Tutte le età,561,Disturbi da consumo di stupefacenti,2,Percentuale,1996,0.0018402515655148,0.0022142804063215,0.0015200605920972
1,Intera Popolazione,5,Prevalenza,199,Africa Subsahariana Occidentale,1,Maschi,22,Tutte le età,561,Disturbi da consumo di stupefacenti,2,Percentuale,1994,0.002345814196738,0.002941240895237,0.0018418077491508
1,Intera Popolazione,5,Prevalenza,199,Africa Subsahariana Occidentale,2,Femmine,22,Tutte le età,561,Disturbi da consumo di stupefacenti,2,Percentuale,1994,0.0018247399931441,0.0022000922085104,0.0015088339025604
1,Intera Popolazione,5,Prevalenza,102,Stati Uniti d'America,1,Maschi,22,Tutte le età,561,Disturbi da consumo di stupefacenti,2,Percentuale,1998,0.0266452166935758,0.0308591911606185,0.0228798309509995
1,Intera Popolazione,5,Prevalenza,102,Stati Uniti d'America,2,Femmine,22,Tutte le età,561,Disturbi da consumo di stupefacenti,2,Percentuale,1998,0.0143848757046512,0.0168554122843273,0.0122283678657643
1,Intera Popolazione,5,Prevalenza,6,Cina,1,Maschi,22,Tutte le età,561,Disturbi da consumo di stupefacenti,2,Percentuale,1998,0.0106776750049715,0.0127634078277938,0.0090958756052683
1,Intera Popolazione,5,Prevalenza,6,Cina,2,Femmine,22,Tutte le età,561,Disturbi da consumo di stupefacenti,2,Percentuale,1998,0.0082906155121883,0.0099195189627641,0.0070506049039491
1,Intera Popolazione,5,Prevalenza,174,Africa Subsahariana Orientale,1,Maschi,22,Tutte le età,561,Disturbi da consumo di stupefacenti,2,Percentuale,1996,0.003580789100305,0.004916045271801,0.0026785295048669
1,Intera Popolazione,5,Prevalenza,174,Africa Subsahariana Orientale,2,Femmine,22,Tutte le età,561,Disturbi da consumo di stupefacenti,2,Percentuale,1996,0.002209161498556,0.002808516088975,0.001761047817111
1,Intera Popolazione,5,Prevalenza,92,Spagna,1,Maschi,22,Tutte le età,561,Disturbi da consumo di stupefacenti,2,Percentuale,2001,0.025595979964853,0.0270288348734169,0.0242756974418041
1,Intera Popolazione,5,Prevalenza,92,Spagna,2,Femmine,22,Tutte le età,561,Disturbi da consumo di stupefacenti,2,Percentuale,2001,0.0131948806097432,0.0137491555203398,0.0125361846483011
1,Intera Popolazione,5,Prevalenza,81,Germania,1,Maschi,22,Tutte le età,561,Disturbi da consumo di stupefacenti,2,Percentuale,2001,0.0112151442710325,0.0122791003397488,0.0102883209563283
1,Intera Popolazione,5,Prevalenza,81,Germania,2,Femmine,22,Tutte le età,561,Disturbi da consumo di stupefacenti,2,Percentuale,2001,0.005461155578028,0.0058838613006282,0.0050626495334014
1,Intera Popolazione,5,Prevalenza,95,Regno Unito,1,Maschi,22,Tutte le età,561,Disturbi da consumo di stupefacenti,2,Percentuale,1997,0.023855350107498,0.0285136979698184,0.019813820688761
1,Intera Popolazione,5,Prevalenza,95,Regno Unito,2,Femmine,22,Tutte le età,561,Disturbi da consumo di stupefacenti,2,Percentuale,1997,0.0122763946654143,0.0149006769373734,0.0102934677512007
1,Intera Popolazione,5,Prevalenza,196,Sudafrica,1,Maschi,22,Tutte le età,561,Disturbi da consumo di stupefacenti,2,Percentuale,1995,0.0103838111827676,0.0122142210263985,0.0086685782263868
1,Intera Popolazione,5,Prevalenza,196,Sudafrica,2,Femmine,22,Tutte le età,561,Disturbi da consumo di stupefacenti,2,Percentuale,1995,0.0068308047274487,0.007837924837403,0.0059446507239139
1,Intera Popolazione,5,Prevalenza,163,India,1,Maschi,22,Tutte le età,561,Disturbi da consumo di stupefacenti,2,Percentuale,1995,0.004817225110779,0.0061539222189845,0.0037581986709761
1,Intera Popolazione,5,Prevalenza,163,India,2,Femmine,22,Tutte le età,561,Disturbi da consumo di stupefacenti,2,Percentuale,1995,0.0026834062442269,0.0032152981034531,0.0021196835509299
1,Intera Popolazione,5,Prevalenza,135,Brasile,1,Maschi,22,Tutte le età,561,Disturbi da consumo di stupefacenti,2,Percentuale,1994,0.0111879552773358,0.0137819436650346,0.0090127392986984
1,Intera Popolazione,5,Prevalenza,135,Brasile,2,Femmine,22,Tutte le età,561,Disturbi da consumo di stupefacenti,2,Percentuale,1994,0.0081944875746929,0.0099822563381219,0.00664591374607
1,Intera Popolazione,5,Prevalenza,101,Canada,1,Maschi,22,Tutte le età,561,Disturbi da consumo di stupefacenti,2,Percentuale,1993,0.0273383571646206,0.0306233436050947,0.0245050993099991
1,Intera Popolazione,5,Prevalenza,101,Canada,2,Femmine,22,Tutte le età,561,Disturbi da consumo di stupefacenti,2,Percentuale,1993,0.0190213590701345,0.0207772773260764,0.0173337630618585
1,Intera Popolazione,5,Prevalenza,167,Africa Subsahariana Centrale,1,Maschi,22,Tutte le età,561,Disturbi da consumo di stupefacenti,2,Percentuale,1994,0.00322105920002,0.0043416433056131,0.0023389868454422
1,Intera Popolazione,5,Prevalenza,167,Africa Subsahariana Centrale,2,Femmine,22,Tutte le età,561,Disturbi da consumo di stupefacenti,2,Percentuale,1994,0.0019505121647503,0.0023994519905494,0.0015564593749352
1,Intera Popolazione,5,Prevalenza,71,Australia,1,Maschi,22,Tutte le età,561,Disturbi da consumo di stupefacenti,2,Percentuale,1993,0.0334878629150367,0.037149158367768,0.0301893313891
1,Intera Popolazione,5,Prevalenza,71,Australia,2,Femmine,22,Tutte le età,561,Disturbi da consumo di stupefacenti,2,Percentuale,1993,0.0182631687878493,0.0204654997604026,0.0165261732345529
1,Intera Popolazione,5,Prevalenza,214,Nigeria,1,Maschi,22,Tutte le età,561,Disturbi da consumo di stupefacenti,2,Percentuale,1997,0.0022472432354629,0.0027247368221587,0.001797777961788
1,Intera Popolazione,5,Prevalenza,214,Nigeria,2,Femmine,22,Tutte le età,561,Disturbi da consumo di stupefacenti,2,Percentuale,1997,0.0018007764761518,0.0021407841263036,0.0014950160834245
1,Intera Popolazione,5,Prevalenza,68,Repubblica di Corea,1,Maschi,22,Tutte le età,561,Disturbi da consumo di stupefacenti,2,Percentuale,1998,0.0113357958740193,0.013968983790679,0.0086875768604436
1,Intera Popolazione,5,Prevalenza,68,Repubblica di Corea,2,Femmine,22,Tutte le età,561,Disturbi da consumo di stupefacenti,2,Percentuale,1998,0.0082964721194174,0.0106502778550659,0.0063985228209607
1,Intera Popolazione,5,Prevalenza,81,Germania,1,Maschi,22,Tutte le età,561,Disturbi da consumo di stupefacenti,2,Percentuale,2002,0.0112158072470314,0.0122639585818288,0.010323048331622
1,Intera Popolazione,5,Prevalenza,81,Germania,2,Femmine,22,Tutte le età,561,Disturbi da consumo di stupefacenti,2,Percentuale,2002,0.0054859179656508,0.0059152050203798,0.0050957290943362
1,Intera Popolazione,5,Prevalenza,80,Francia,1,Maschi,22,Tutte le età,561,Disturbi da consumo di stupefacenti,2,Percentuale,1997,0.0131284482080007,0.0148099065887306,0.0115815675529027
1,Intera Popolazione,5,Prevalenza,80,Francia,2,Femmine,22,Tutte le età,561,Disturbi da consumo di stupefacenti,2,Percentuale,1997,0.0071381639333645,0.0080546121796539,0.0062598453076778
1,Intera Popolazione,5,Prevalenza,71,Australia,1,Maschi,22,Tutte le età,561,Disturbi da consumo di stupefacenti,2,Percentuale,1994,0.0329932720823965,0.0367092311436493,0.0297324443005546
1,Intera Popolazione,5,Prevalenza,71,Australia,2,Femmine,22,Tutte le età,561,Disturbi da consumo di stupefacenti,2,Percentuale,1994,0.0180419122904454,0.0201934074128369,0.0163340672139396
1,Intera Popolazione,5,Prevalenza,56,Europa Orientale,1,Maschi,22,Tutte le età,561,Disturbi da consumo di stupefacenti,2,Percentuale,1994,0.0161977423381169,0.0185457350089892,0.0141250209646345
1,Intera Popolazione,5,Prevalenza,56,Europa Orientale,2,Femmine,22,Tutte le età,561,Disturbi da consumo di stupefacenti,2,Percentuale,1994,0.0075029142866888,0.0085548985614558,0.0065734370127265
1,Intera Popolazione,5,Prevalenza,11,Indonesia,1,Maschi,22,Tutte le età,561,Disturbi da consumo di stupefacenti,2,Percentuale,1994,0.0048372695978334,0.0060694701689047,0.0037440016657457
1,Intera Popolazione,5,Prevalenza,11,Indonesia,2,Femmine,22,Tutte le età,561,Disturbi da consumo di stupefacenti,2,Percentuale,1994,0.0044157366589653,0.0054585454903109,0.0034326803986155
1,Intera Popolazione,5,Prevalenza,86,Italia,1,Maschi,22,Tutte le età,561,Disturbi da consumo di stupefacenti,2,Percentuale,1993,0.0175930932112044,0.0217605659967385,0.0146511380679053
1,Intera Popolazione,5,Prevalenza,86,Italia,2,Femmine,22,Tutte le età,561,Disturbi da consumo di stupefacenti,2,Percentuale,1993,0.0094182791954545,0.0116427153806307,0.007600501973445
1,Intera Popolazione,5,Prevalenza,214,Nigeria,1,Maschi,22,Tutte le età,561,Disturbi da consumo di stupefacenti,2,Percentuale,1995,0.0022504431148902,0.0027252411916463,0.0017846000573532
1,Intera Popolazione,5,Prevalenza,214,Nigeria,2,Femmine,22,Tutte le età,561,Disturbi da consumo di stupefacenti,2,Percentuale,1995,0.00178402477933,0.0021058546620121,0.0014761295639283
1,Intera Popolazione,5,Prevalenza,135,Brasile,1,Maschi,22,Tutte le età,561,Disturbi da consumo di stupefacenti,2,Percentuale,1993,0.0110892916549743,0.013736784436378,0.0088541503937042
1,Intera Popolazione,5,Prevalenza,135,Brasile,2,Femmine,22,Tutte le età,561,Disturbi da consumo di stupefacenti,2,Percentuale,1993,0.0081466560289359,0.0099751620693886,0.0065875681657801
1,Intera Popolazione,5,Prevalenza,67,Giappone,1,Maschi,22,Tutte le età,561,Disturbi da consumo di stupefacenti,2,Percentuale,1997,0.0092156005698515,0.010923625304524,0.0074480217866119
1,Intera Popolazione,5,Prevalenza,67,Giappone,2,Femmine,22,Tutte le età,561,Disturbi da consumo di stupefacenti,2,Percentuale,1997,0.0066976261250129,0.0080074690787653,0.0055137220605126
1,Intera Popolazione,5,Prevalenza,142,Iran (Repubblica Islamica dell'),1,Maschi,22,Tutte le età,561,Disturbi da consumo di stupefacenti,2,Percentuale,1998,0.0105083805221358,0.0120533667409594,0.0091190936477144
1,Intera Popolazione,5,Prevalenza,142,Iran (Repubblica Islamica dell'),2,Femmine,22,Tutte le età,561,Disturbi da consumo di stupefacenti,2,Percentuale,1998,0.0043393798736577,0.0050250756095643,0.0037695113396404
1,Intera Popolazione,5,Prevalenza,192,Africa Subsahariana Meridionale,1,Maschi,22,Tutte le età,561,Disturbi da consumo di stupefacenti,2,Percentuale,1994,0.0088238571379428,0.0108176355339001,0.0071950858851923
1,Intera Popolazione,5,Prevalenza,192,Africa Subsahariana Meridionale,2,Femmine,22,Tutte le età,561,Disturbi da consumo di stupefacenti,2,Percentuale,1994,0.0056733441812574,0.0065698717644564,0.0049036931766918
1,Intera Popolazione,5,Prevalenza,56,Europa Orientale,1,Maschi,22,Tutte le età,561,Disturbi da consumo di stupefacenti,2,Percentuale,1995,0.0167253370614843,0.0191600684385943,0.0145646069808795
1,Intera Popolazione,5,Prevalenza,56,Europa Orientale,2,Femmine,22,Tutte le età,561,Disturbi da consumo di stupefacenti,2,Percentuale,1995,0.0076569217237644,0.0086959489374725,0.0067035285887549
1,Intera Popolazione,5,Prevalenza,196,Sudafrica,1,Maschi,22,Tutte le età,561,Disturbi da consumo di stupefacenti,2,Percentuale,1992,0.0100791244352525,0.012043556632392,0.0083359840961053
1,Intera Popolazione,5,Prevalenza,196,Sudafrica,2,Femmine,22,Tutte le età,561,Disturbi da consumo di stupefacenti,2,Percentuale,1992,0.0065702538369826,0.0075587593017679,0.0056822875367052
1,Intera Popolazione,5,Prevalenza,92,Spagna,1,Maschi,22,Tutte le età,561,Disturbi da consumo di stupefacenti,2,Percentuale,2003,0.0261186744561792,0.0276455076297566,0.0246653081582423
1,Intera Popolazione,5,Prevalenza,92,Spagna,2,Femmine,22,Tutte le età,561,Disturbi da consumo di stupefacenti,2,Percentuale,2003,0.0130621398801338,0.013712024136034,0.0124080252531186
1,Intera Popolazione,5,Prevalenza,92,Spagna,1,Maschi,22,Tutte le età,561,Disturbi da consumo di stupefacenti,2,Percentuale,2002,0.0258993488693017,0.0273521810568454,0.0244625914742764
1,Intera Popolazione,5,Prevalenza,92,Spagna,2,Femmine,22,Tutte le età,561,Disturbi da consumo di stupefacenti,2,Percentuale,2002,0.0131461232349637,0.013710273007127,0.0124932555309205
1,Intera Popolazione,5,Prevalenza,81,Germania,1,Maschi,22,Tutte le età,561,Disturbi da consumo di stupefacenti,2,Percentuale,2003,0.0112414893697818,0.0122683893718705,0.0103723339934966
1,Intera Popolazione,5,Prevalenza,81,Germania,2,Femmine,22,Tutte le età,561,Disturbi da consumo di stupefacenti,2,Percentuale,2003,0.0055191045843864,0.005956468437835,0.0051277373079935
1,Intera Popolazione,5,Prevalenza,174,Africa Subsahariana Orientale,1,Maschi,22,Tutte le età,561,Disturbi da consumo di stupefacenti,2,Percentuale,1997,0.0036014829896145,0.0049488541808737,0.0026928753474365
1,Intera Popolazione,5,Prevalenza,174,Africa Subsahariana Orientale,2,Femmine,22,Tutte le età,561,Disturbi da consumo di stupefacenti,2,Percentuale,1997,0.002216059581863,0.0028191606684354,0.0017635710711852
1,Intera Popolazione,5,Prevalenza,68,Repubblica di Corea,1,Maschi,22,Tutte le età,561,Disturbi da consumo di stupefacenti,2,Percentuale,1996,0.0114917352094364,0.0141479312173209,0.0087375045834195
1,Intera Popolazione,5,Prevalenza,68,Repubblica di Corea,2,Femmine,22,Tutte le età,561,Disturbi da consumo di stupefacenti,2,Percentuale,1996,0.0084009078105873,0.0108541753074567,0.0064455923264531
1,Intera Popolazione,5,Prevalenza,142,Iran (Repubblica Islamica dell'),1,Maschi,22,Tutte le età,561,Disturbi da consumo di stupefacenti,2,Percentuale,1997,0.0096908021564436,0.0110285733197088,0.0084390885093888
1,Intera Popolazione,5,Prevalenza,142,Iran (Repubblica Islamica dell'),2,Femmine,22,Tutte le età,561,Disturbi da consumo di stupefacenti,2,Percentuale,1997,0.0042351707386789,0.0049263950010631,0.0036810489932565
1,Intera Popolazione,5,Prevalenza,92,Spagna,1,Maschi,22,Tutte le età,561,Disturbi da consumo di stupefacenti,2,Percentuale,2004,0.0261701091114739,0.0278578080768672,0.0247145462280623
1,Intera Popolazione,5,Prevalenza,92,Spagna,2,Femmine,22,Tutte le età,561,Disturbi da consumo di stupefacenti,2,Percentuale,2004,0.0129441816840637,0.0136189936400783,0.0122892300668936
1,Intera Popolazione,5,Prevalenza,81,Germania,1,Maschi,22,Tutte le età,561,Disturbi da consumo di stupefacenti,2,Percentuale,2004,0.0112693322467384,0.0122615959304351,0.010407101684783
1,Intera Popolazione,5,Prevalenza,81,Germania,2,Femmine,22,Tutte le età,561,Disturbi da consumo di stupefacenti,2,Percentuale,2004,0.0055486807221296,0.0060074982388016,0.0051602643910406
1,Intera Popolazione,5,Prevalenza,67,Giappone,1,Maschi,22,Tutte le età,561,Disturbi da consumo di stupefacenti,2,Percentuale,1998,0.0091319681441036,0.01081556218912,0.0073817769488634
1,Intera Popolazione,5,Prevalenza,67,Giappone,2,Femmine,22,Tutte le età,561,Disturbi da consumo di stupefacenti,2,Percentuale,1998,0.0066477935986429,0.0079595130540247,0.0054792657375771
1,Intera Popolazione,5,Prevalenza,214,Nigeria,1,Maschi,22,Tutte le età,561,Disturbi da consumo di stupefacenti,2,Percentuale,1998,0.0022435895966009,0.0027362106273454,0.0018029769334373
1,Intera Popolazione,5,Prevalenza,214,Nigeria,2,Femmine,22,Tutte le età,561,Disturbi da consumo di stupefacenti,2,Percentuale,1998,0.0018063708162974,0.0021392355830338,0.0015022116751019
1,Intera Popolazione,5,Prevalenza,6,Cina,1,Maschi,22,Tutte le età,561,Disturbi da consumo di stupefacenti,2,Percentuale,1999,0.0105098375891315,0.0125410355538045,0.0089459899633497
1,Intera Popolazione,5,Prevalenza,6,Cina,2,Femmine,22,Tutte le età,561,Disturbi da consumo di stupefacenti,2,Percentuale,1999,0.0080389107471643,0.0096108254135135,0.0068178346011094
1,Intera Popolazione,5,Prevalenza,214,Nigeria,1,Maschi,22,Tutte le età,561,Disturbi da consumo di stupefacenti,2,Percentuale,1996,0.0022499877922119,0.0027265045612729,0.0017918060589529
1,Intera Popolazione,5,Prevalenza,214,Nigeria,2,Femmine,22,Tutte le età,561,Disturbi da consumo di stupefacenti,2,Percentuale,1996,0.0017935372048326,0.0021189219265383,0.0014865898676557
1,Intera Popolazione,5,Prevalenza,95,Regno Unito,1,Maschi,22,Tutte le età,561,Disturbi da consumo di stupefacenti,2,Percentuale,1998,0.0236757390371154,0.0281935314828426,0.0197156457627691
1,Intera Popolazione,5,Prevalenza,95,Regno Unito,2,Femmine,22,Tutte le età,561,Disturbi da consumo di stupefacenti,2,Percentuale,1998,0.0121470932514574,0.0146680930877094,0.01025920076875
1,Intera Popolazione,5,Prevalenza,174,Africa Subsahariana Orientale,1,Maschi,22,Tutte le età,561,Disturbi da consumo di stupefacenti,2,Percentuale,1998,0.0036255181904615,0.0049849068627975,0.0027099291380314
1,Intera Popolazione,5,Prevalenza,174,Africa Subsahariana Orientale,2,Femmine,22,Tutte le età,561,Disturbi da consumo di stupefacenti,2,Percentuale,1998,0.0022238847946496,0.0028308144934913,0.001766948888891
1,Intera Popolazione,5,Prevalenza,68,Repubblica di Corea,1,Maschi,22,Tutte le età,561,Disturbi da consumo di stupefacenti,2,Percentuale,1999,0.0112364403731392,0.0138940709356459,0.0086590596548981
1,Intera Popolazione,5,Prevalenza,68,Repubblica di Corea,2,Femmine,22,Tutte le età,561,Disturbi da consumo di stupefacenti,2,Percentuale,1999,0.0082186286389083,0.0104935884391858,0.0063503410846461
1,Intera Popolazione,5,Prevalenza,102,Stati Uniti d'America,1,Maschi,22,Tutte le età,561,Disturbi da consumo di stupefacenti,2,Percentuale,1999,0.0266782778617209,0.0308175875446167,0.0230060413169169
1,Intera Popolazione,5,Prevalenza,102,Stati Uniti d'America,2,Femmine,22,Tutte le età,561,Disturbi da consumo di stupefacenti,2,Percentuale,1999,0.0144329475827176,0.0168765883077154,0.0123428331385107
1,Intera Popolazione,5,Prevalenza,130,Messico,1,Maschi,22,Tutte le età,561,Disturbi da consumo di stupefacenti,2,Percentuale,1999,0.0059454206119721,0.0069648452788096,0.0050389090775855
1,Intera Popolazione,5,Prevalenza,130,Messico,2,Femmine,22,Tutte le età,561,Disturbi da consumo di stupefacenti,2,Percentuale,1999,0.0047657430874531,0.0055113662488258,0.0040487444574365
1,Intera Popolazione,5,Prevalenza,80,Francia,1,Maschi,22,Tutte le età,561,Disturbi da consumo di stupefacenti,2,Percentuale,1998,0.0130776689119081,0.0147156768534508,0.0115471820457092
1,Intera Popolazione,5,Prevalenza,80,Francia,2,Femmine,22,Tutte le età,561,Disturbi da consumo di stupefacenti,2,Percentuale,1998,0.007101791727763,0.0080250648513369,0.0062650163096074
1,Intera Popolazione,5,Prevalenza,92,Spagna,1,Maschi,22,Tutte le età,561,Disturbi da consumo di stupefacenti,2,Percentuale,2005,0.0259589770790494,0.0278004826848731,0.0243821300696063
1,Intera Popolazione,5,Prevalenza,92,Spagna,2,Femmine,22,Tutte le età,561,Disturbi da consumo di stupefacenti,2,Percentuale,2005,0.0127577579459785,0.0134106537697309,0.012110172210571
1,Intera Popolazione,5,Prevalenza,81,Germania,1,Maschi,22,Tutte le età,561,Disturbi da consumo di stupefacenti,2,Percentuale,2005,0.011299082875943,0.0122595029482184,0.0104080867657476
1,Intera Popolazione,5,Prevalenza,81,Germania,2,Femmine,22,Tutte le età,561,Disturbi da consumo di stupefacenti,2,Percentuale,2005,0.0055491067923533,0.0060061366046917,0.0051631552265528
1,Intera Popolazione,5,Prevalenza,68,Repubblica di Corea,1,Maschi,22,Tutte le età,561,Disturbi da consumo di stupefacenti,2,Percentuale,2000,0.0111318660374434,0.0137616394661647,0.0086529230496163
1,Intera Popolazione,5,Prevalenza,68,Repubblica di Corea,2,Femmine,22,Tutte le età,561,Disturbi da consumo di stupefacenti,2,Percentuale,2000,0.0081293793641149,0.0103182487843066,0.0062955209510663
1,Intera Popolazione,5,Prevalenza,86,Italia,1,Maschi,22,Tutte le età,561,Disturbi da consumo di stupefacenti,2,Percentuale,1994,0.0174195137506844,0.0213993260104814,0.0144636692531018
1,Intera Popolazione,5,Prevalenza,86,Italia,2,Femmine,22,Tutte le età,561,Disturbi da consumo di stupefacenti,2,Percentuale,1994,0.0093228802946558,0.0114957916519971,0.0075656410375901
1,Intera Popolazione,5,Prevalenza,11,Indonesia,1,Maschi,22,Tutte le età,561,Disturbi da consumo di stupefacenti,2,Percentuale,1996,0.0049350870676429,0.006173457976728,0.0038405117394942
1,Intera Popolazione,5,Prevalenza,11,Indonesia,2,Femmine,22,Tutte le età,561,Disturbi da consumo di stupefacenti,2,Percentuale,1996,0.0044924696976424,0.0055491343310482,0.0035273179645809
1,Intera Popolazione,5,Prevalenza,71,Australia,1,Maschi,22,Tutte le età,561,Disturbi da consumo di stupefacenti,2,Percentuale,1996,0.0322980574204269,0.0355340698508596,0.0296683428913988
1,Intera Popolazione,5,Prevalenza,71,Australia,2,Femmine,22,Tutte le età,561,Disturbi da consumo di stupefacenti,2,Percentuale,1996,0.0177767693678078,0.0196599570886024,0.0161818236028828
1,Intera Popolazione,5,Prevalenza,167,Africa Subsahariana Centrale,1,Maschi,22,Tutte le età,561,Disturbi da consumo di stupefacenti,2,Percentuale,1993,0.00321501543336,0.0043331091134303,0.0023324497883996
1,Intera Popolazione,5,Prevalenza,167,Africa Subsahariana Centrale,2,Femmine,22,Tutte le età,561,Disturbi da consumo di stupefacenti,2,Percentuale,1993,0.0019509327128947,0.0023977433022573,0.0015595273850487
1,Intera Popolazione,5,Prevalenza,101,Canada,1,Maschi,22,Tutte le età,561,Disturbi da consumo di stupefacenti,2,Percentuale,1996,0.0264907117821125,0.0295208343559642,0.0239534428755425
1,Intera Popolazione,5,Prevalenza,101,Canada,2,Femmine,22,Tutte le età,561,Disturbi da consumo di stupefacenti,2,Percentuale,1996,0.0182305584935495,0.0197572872163562,0.0166868339011473
1,Intera Popolazione,5,Prevalenza,135,Brasile,1,Maschi,22,Tutte le età,561,Disturbi da consumo di stupefacenti,2,Percentuale,1996,0.0114276320974677,0.0139283500162997,0.0092034000575585
1,Intera Popolazione,5,Prevalenza,135,Brasile,2,Femmine,22,Tutte le età,561,Disturbi da consumo di stupefacenti,2,Percentuale,1996,0.0082390351043815,0.0099788913518888,0.0067191284543006
1,Intera Popolazione,5,Prevalenza,192,Africa Subsahariana Meridionale,1,Maschi,22,Tutte le età,561,Disturbi da consumo di stupefacenti,2,Percentuale,1996,0.0089856120636279,0.0109456421746558,0.0073302514207233
1,Intera Popolazione,5,Prevalenza,192,Africa Subsahariana Meridionale,2,Femmine,22,Tutte le età,561,Disturbi da consumo di stupefacenti,2,Percentuale,1996,0.0058195101320421,0.0067201188812267,0.0050265083066285
1,Intera Popolazione,5,Prevalenza,130,Messico,1,Maschi,22,Tutte le età,561,Disturbi da consumo di stupefacenti,2,Percentuale,2000,0.0059346082554935,0.0069477592675584,0.0050146139929044
1,Intera Popolazione,5,Prevalenza,130,Messico,2,Femmine,22,Tutte le età,561,Disturbi da consumo di stupefacenti,2,Percentuale,2000,0.0047546316638595,0.0055004623932759,0.0040368923405322
1,Intera Popolazione,5,Prevalenza,199,Africa Subsahariana Occidentale,1,Maschi,22,Tutte le età,561,Disturbi da consumo di stupefacenti,2,Percentuale,1998,0.0023774121028294,0.0029611590583443,0.0018693070816332
1,Intera Popolazione,5,Prevalenza,199,Africa Subsahariana Occidentale,2,Femmine,22,Tutte le età,561,Disturbi da consumo di stupefacenti,2,Percentuale,1998,0.0018589553899021,0.0022279634974962,0.0015398526556544
1,Intera Popolazione,5,Prevalenza,92,Spagna,1,Maschi,22,Tutte le età,561,Disturbi da consumo di stupefacenti,2,Percentuale,2006,0.0250726948305601,0.0265729309840923,0.0237420190247062
1,Intera Popolazione,5,Prevalenza,92,Spagna,2,Femmine,22,Tutte le età,561,Disturbi da consumo di stupefacenti,2,Percentuale,2006,0.012247700923636,0.0128288866662091,0.0116762996855623
1,Intera Popolazione,5,Prevalenza,81,Germania,1,Maschi,22,Tutte le età,561,Disturbi da consumo di stupefacenti,2,Percentuale,2006,0.0113261805642292,0.0122521197072914,0.010506884614989
1,Intera Popolazione,5,Prevalenza,81,Germania,2,Femmine,22,Tutte le età,561,Disturbi da consumo di stupefacenti,2,Percentuale,2006,0.0055084782859688,0.0059461990882596,0.0051210170507691
1,Intera Popolazione,5,Prevalenza,6,Cina,1,Maschi,22,Tutte le età,561,Disturbi da consumo di stupefacenti,2,Percentuale,2000,0.0103468507786243,0.0123278385151776,0.0088074078981018
1,Intera Popolazione,5,Prevalenza,6,Cina,2,Femmine,22,Tutte le età,561,Disturbi da consumo di stupefacenti,2,Percentuale,2000,0.0078114694216034,0.0093290681220001,0.0066188711945181
1,Intera Popolazione,5,Prevalenza,68,Repubblica di Corea,1,Maschi,22,Tutte le età,561,Disturbi da consumo di stupefacenti,2,Percentuale,2001,0.0110362032966306,0.0135987277838412,0.0085833699753142
1,Intera Popolazione,5,Prevalenza,68,Repubblica di Corea,2,Femmine,22,Tutte le età,561,Disturbi da consumo di stupefacenti,2,Percentuale,2001,0.008052064687308,0.0101744410403886,0.0062720713406609
1,Intera Popolazione,5,Prevalenza,67,Giappone,1,Maschi,22,Tutte le età,561,Disturbi da consumo di stupefacenti,2,Percentuale,1999,0.0090413741340057,0.0106892453748227,0.007308824962364
1,Intera Popolazione,5,Prevalenza,67,Giappone,2,Femmine,22,Tutte le età,561,Disturbi da consumo di stupefacenti,2,Percentuale,1999,0.006592274134338,0.0078917753802456,0.0054383722209894
1,Intera Popolazione,5,Prevalenza,214,Nigeria,1,Maschi,22,Tutte le età,561,Disturbi da consumo di stupefacenti,2,Percentuale,1999,0.0022403309054814,0.002737803015028,0.0018031231675304
1,Intera Popolazione,5,Prevalenza,214,Nigeria,2,Femmine,22,Tutte le età,561,Disturbi da consumo di stupefacenti,2,Percentuale,1999,0.0018108671499078,0.0021450451327789,0.0015083621260948
1,Intera Popolazione,5,Prevalenza,102,Stati Uniti d'America,1,Maschi,22,Tutte le età,561,Disturbi da consumo di stupefacenti,2,Percentuale,2000,0.0268186034828326,0.0308955630797167,0.0231960197780301
1,Intera Popolazione,5,Prevalenza,102,Stati Uniti d'America,2,Femmine,22,Tutte le età,561,Disturbi da consumo di stupefacenti,2,Percentuale,2000,0.014524929970967,0.0170002321986138,0.0124803674902783
1,Intera Popolazione,5,Prevalenza,95,Regno Unito,1,Maschi,22,Tutte le età,561,Disturbi da consumo di stupefacenti,2,Percentuale,1999,0.0235843159071615,0.027986437601609,0.0196780747204866
1,Intera Popolazione,5,Prevalenza,95,Regno Unito,2,Femmine,22,Tutte le età,561,Disturbi da consumo di stupefacenti,2,Percentuale,1999,0.0120649583670273,0.0145435701111967,0.010260808031482
1,Intera Popolazione,5,Prevalenza,80,Francia,1,Maschi,22,Tutte le età,561,Disturbi da consumo di stupefacenti,2,Percentuale,1999,0.0130390461621963,0.014665047976662,0.0114723335947047
1,Intera Popolazione,5,Prevalenza,80,Francia,2,Femmine,22,Tutte le età,561,Disturbi da consumo di stupefacenti,2,Percentuale,1999,0.0070738590005379,0.007969035936868,0.0062722733386
1,Intera Popolazione,5,Prevalenza,130,Messico,1,Maschi,22,Tutte le età,561,Disturbi da consumo di stupefacenti,2,Percentuale,2001,0.0059242652831702,0.0069472596637029,0.0050207930963794
1,Intera Popolazione,5,Prevalenza,130,Messico,2,Femmine,22,Tutte le età,561,Disturbi da consumo di stupefacenti,2,Percentuale,2001,0.0047355618296761,0.0054641624993108,0.0040225241592957
1,Intera Popolazione,5,Prevalenza,142,Iran (Repubblica Islamica dell'),1,Maschi,22,Tutte le età,561,Disturbi da consumo di stupefacenti,2,Percentuale,1999,0.0113038596578881,0.0130421632811997,0.0097792375683366
1,Intera Popolazione,5,Prevalenza,142,Iran (Repubblica Islamica dell'),2,Femmine,22,Tutte le età,561,Disturbi da consumo di stupefacenti,2,Percentuale,1999,0.0044560756847576,0.0051524960261681,0.00386471566657
1,Intera Popolazione,5,Prevalenza,174,Africa Subsahariana Orientale,1,Maschi,22,Tutte le età,561,Disturbi da consumo di stupefacenti,2,Percentuale,1999,0.0036475066383469,0.0050151826962044,0.0027263496897252
1,Intera Popolazione,5,Prevalenza,174,Africa Subsahariana Orientale,2,Femmine,22,Tutte le età,561,Disturbi da consumo di stupefacenti,2,Percentuale,1999,0.0022311811582202,0.0028406960002051,0.001770083141045
1,Intera Popolazione,5,Prevalenza,167,Africa Subsahariana Centrale,1,Maschi,22,Tutte le età,561,Disturbi da consumo di stupefacenti,2,Percentuale,1996,0.0032312979048208,0.0043574318384108,0.0023472763643739
1,Intera Popolazione,5,Prevalenza,167,Africa Subsahariana Centrale,2,Femmine,22,Tutte le età,561,Disturbi da consumo di stupefacenti,2,Percentuale,1996,0.0019518636886445,0.0024015184254671,0.0015558122059985
1,Intera Popolazione,5,Prevalenza,86,Italia,1,Maschi,22,Tutte le età,561,Disturbi da consumo di stupefacenti,2,Percentuale,1996,0.0167730876438084,0.0204540065700416,0.0139734671533781
1,Intera Popolazione,5,Prevalenza,86,Italia,2,Femmine,22,Tutte le età,561,Disturbi da consumo di stupefacenti,2,Percentuale,1996,0.0089527872873117,0.0109712136222749,0.0073274946305635
1,Intera Popolazione,5,Prevalenza,214,Nigeria,1,Maschi,22,Tutte le età,561,Disturbi da consumo di stupefacenti,2,Percentuale,2000,0.0022375332110704,0.0027417003536196,0.0018025722256222
1,Intera Popolazione,5,Prevalenza,214,Nigeria,2,Femmine,22,Tutte le età,561,Disturbi da consumo di stupefacenti,2,Percentuale,2000,0.0018141519911172,0.0021558223191879,0.0015143020725917
1,Intera Popolazione,5,Prevalenza,102,Stati Uniti d'America,1,Maschi,22,Tutte le età,561,Disturbi da consumo di stupefacenti,2,Percentuale,2001,0.0271728007437541,0.0312712376782676,0.0235714419103502
1,Intera Popolazione,5,Prevalenza,102,Stati Uniti d'America,2,Femmine,22,Tutte le età,561,Disturbi da consumo di stupefacenti,2,Percentuale,2001,0.0146847722225756,0.0171614118361548,0.0126323761639652
1,Intera Popolazione,5,Prevalenza,102,Stati Uniti d'America,1,Maschi,22,Tutte le età,561,Disturbi da consumo di stupefacenti,2,Percentuale,1997,0.0266898700522045,0.0309843471828017,0.0228706451760035
1,Intera Popolazione,5,Prevalenza,102,Stati Uniti d'America,2,Femmine,22,Tutte le età,561,Disturbi da consumo di stupefacenti,2,Percentuale,1997,0.0143838101223272,0.0168410784778479,0.0121501064125502
1,Intera Popolazione,5,Prevalenza,86,Italia,1,Maschi,22,Tutte le età,561,Disturbi da consumo di stupefacenti,2,Percentuale,1997,0.0163346587004769,0.0199207494967105,0.013699649284044
1,Intera Popolazione,5,Prevalenza,86,Italia,2,Femmine,22,Tutte le età,561,Disturbi da consumo di stupefacenti,2,Percentuale,1997,0.0086629846570795,0.0105595195873917,0.0071336135290609
1,Intera Popolazione,5,Prevalenza,163,India,1,Maschi,22,Tutte le età,561,Disturbi da consumo di stupefacenti,2,Percentuale,1996,0.0048375568893073,0.0061208516857765,0.0038037007784972
1,Intera Popolazione,5,Prevalenza,163,India,2,Femmine,22,Tutte le età,561,Disturbi da consumo di stupefacenti,2,Percentuale,1996,0.0026917617172357,0.0031992051850502,0.0021324404484674
1,Intera Popolazione,5,Prevalenza,214,Nigeria,1,Maschi,22,Tutte le età,561,Disturbi da consumo di stupefacenti,2,Percentuale,2001,0.0022363235957829,0.0027408488501744,0.001802172402436
1,Intera Popolazione,5,Prevalenza,214,Nigeria,2,Femmine,22,Tutte le età,561,Disturbi da consumo di stupefacenti,2,Percentuale,2001,0.0018166279588707,0.0021590466518447,0.001517037058029
1,Intera Popolazione,5,Prevalenza,67,Giappone,1,Maschi,22,Tutte le età,561,Disturbi da consumo di stupefacenti,2,Percentuale,2000,0.0089525455329331,0.0105667171359052,0.0072387843654308
1,Intera Popolazione,5,Prevalenza,67,Giappone,2,Femmine,22,Tutte le età,561,Disturbi da consumo di stupefacenti,2,Percentuale,2000,0.0065379932779138,0.0078006735609843,0.0053996994726792
1,Intera Popolazione,5,Prevalenza,6,Cina,1,Maschi,22,Tutte le età,561,Disturbi da consumo di stupefacenti,2,Percentuale,2001,0.0101167965559852,0.0120689509339952,0.008642522387357
1,Intera Popolazione,5,Prevalenza,6,Cina,2,Femmine,22,Tutte le età,561,Disturbi da consumo di stupefacenti,2,Percentuale,2001,0.0075789734939449,0.0090500723340735,0.0064249147410364
1,Intera Popolazione,5,Prevalenza,71,Australia,1,Maschi,22,Tutte le età,561,Disturbi da consumo di stupefacenti,2,Percentuale,1997,0.0317403671267278,0.0344942849493234,0.0293707022204935
1,Intera Popolazione,5,Prevalenza,71,Australia,2,Femmine,22,Tutte le età,561,Disturbi da consumo di stupefacenti,2,Percentuale,1997,0.0176044843663829,0.0192528808232987,0.016117450717242
1,Intera Popolazione,5,Prevalenza,199,Africa Subsahariana Occidentale,1,Maschi,22,Tutte le età,561,Disturbi da consumo di stupefacenti,2,Percentuale,1997,0.0023679322086351,0.0029526096839165,0.0018605401216212
1,Intera Popolazione,5,Prevalenza,199,Africa Subsahariana Occidentale,2,Femmine,22,Tutte le età,561,Disturbi da consumo di stupefacenti,2,Percentuale,1997,0.0018494896229928,0.0022204288209764,0.001529796024551
1,Intera Popolazione,5,Prevalenza,95,Regno Unito,1,Maschi,22,Tutte le età,561,Disturbi da consumo di stupefacenti,2,Percentuale,2000,0.0236527164567199,0.0279920233595361,0.0197706221916923
1,Intera Popolazione,5,Prevalenza,95,Regno Unito,2,Femmine,22,Tutte le età,561,Disturbi da consumo di stupefacenti,2,Percentuale,2000,0.012074840065713,0.014555630317026,0.0102675938300249
1,Intera Popolazione,5,Prevalenza,80,Francia,1,Maschi,22,Tutte le età,561,Disturbi da consumo di stupefacenti,2,Percentuale,2000,0.0130233273176496,0.0146866892143592,0.0115090166822639
1,Intera Popolazione,5,Prevalenza,80,Francia,2,Femmine,22,Tutte le età,561,Disturbi da consumo di stupefacenti,2,Percentuale,2000,0.007069594497808,0.0079803561470342,0.006261816361804
1,Intera Popolazione,5,Prevalenza,199,Africa Subsahariana Occidentale,1,Maschi,22,Tutte le età,561,Disturbi da consumo di stupefacenti,2,Percentuale,1999,0.0023864168740766,0.0029698566352718,0.001877474158468
1,Intera Popolazione,5,Prevalenza,199,Africa Subsahariana Occidentale,2,Femmine,22,Tutte le età,561,Disturbi da consumo di stupefacenti,2,Percentuale,1999,0.0018676604323488,0.0022408699512795,0.0015491520397014
1,Intera Popolazione,5,Prevalenza,102,Stati Uniti d'America,1,Maschi,22,Tutte le età,561,Disturbi da consumo di stupefacenti,2,Percentuale,2002,0.0275645785007632,0.0316447910334297,0.0239843711399294
1,Intera Popolazione,5,Prevalenza,102,Stati Uniti d'America,2,Femmine,22,Tutte le età,561,Disturbi da consumo di stupefacenti,2,Percentuale,2002,0.014853319046896,0.0173201440913157,0.0127963164237663
1,Intera Popolazione,5,Prevalenza,68,Repubblica di Corea,1,Maschi,22,Tutte le età,561,Disturbi da consumo di stupefacenti,2,Percentuale,2002,0.0109301212772926,0.0134312521463074,0.0084986779176475
1,Intera Popolazione,5,Prevalenza,68,Repubblica di Corea,2,Femmine,22,Tutte le età,561,Disturbi da consumo di stupefacenti,2,Percentuale,2002,0.0079799783887021,0.0100442550660695,0.0062363654761029
1,Intera Popolazione,5,Prevalenza,81,Germania,1,Maschi,22,Tutte le età,561,Disturbi da consumo di stupefacenti,2,Percentuale,2007,0.0113780204859354,0.012284344688976,0.0106287155346742
1,Intera Popolazione,5,Prevalenza,81,Germania,2,Femmine,22,Tutte le età,561,Disturbi da consumo di stupefacenti,2,Percentuale,2007,0.005440304445846,0.0058700881046716,0.0050549858092165
1,Intera Popolazione,5,Prevalenza,92,Spagna,1,Maschi,22,Tutte le età,561,Disturbi da consumo di stupefacenti,2,Percentuale,2007,0.0234873660705734,0.0246425882842089,0.0223474138891501
1,Intera Popolazione,5,Prevalenza,92,Spagna,2,Femmine,22,Tutte le età,561,Disturbi da consumo di stupefacenti,2,Percentuale,2007,0.011325224446763,0.0118477268544898,0.0108032424006043
1,Intera Popolazione,5,Prevalenza,11,Indonesia,1,Maschi,22,Tutte le età,561,Disturbi da consumo di stupefacenti,2,Percentuale,1997,0.0050202869306514,0.0062749008878351,0.0039066724533421
1,Intera Popolazione,5,Prevalenza,11,Indonesia,2,Femmine,22,Tutte le età,561,Disturbi da consumo di stupefacenti,2,Percentuale,1997,0.0045776787830028,0.005710058363666,0.0036179665049895
1,Intera Popolazione,5,Prevalenza,167,Africa Subsahariana Centrale,1,Maschi,22,Tutte le età,561,Disturbi da consumo di stupefacenti,2,Percentuale,1995,0.0032284321767892,0.0043522112935767,0.0023535986836742
1,Intera Popolazione,5,Prevalenza,167,Africa Subsahariana Centrale,2,Femmine,22,Tutte le età,561,Disturbi da consumo di stupefacenti,2,Percentuale,1995,0.0019512689770054,0.0024021001335015,0.0015545871662286
1,Intera Popolazione,5,Prevalenza,101,Canada,1,Maschi,22,Tutte le età,561,Disturbi da consumo di stupefacenti,2,Percentuale,1995,0.0266956935246643,0.0300058319441837,0.0240338700960218
1,Intera Popolazione,5,Prevalenza,101,Canada,2,Femmine,22,Tutte le età,561,Disturbi da consumo di stupefacenti,2,Percentuale,1995,0.0184637001663614,0.0200870597045587,0.0168410812452788
1,Intera Popolazione,5,Prevalenza,86,Italia,1,Maschi,22,Tutte le età,561,Disturbi da consumo di stupefacenti,2,Percentuale,1995,0.0171436184163715,0.0209084947492188,0.0141524231354589
1,Intera Popolazione,5,Prevalenza,86,Italia,2,Femmine,22,Tutte le età,561,Disturbi da consumo di stupefacenti,2,Percentuale,1995,0.0091752425472255,0.0112881233811551,0.0074673603868383
1,Intera Popolazione,5,Prevalenza,192,Africa Subsahariana Meridionale,1,Maschi,22,Tutte le età,561,Disturbi da consumo di stupefacenti,2,Percentuale,1997,0.0090696077275772,0.011037974994954,0.0073971035180406
1,Intera Popolazione,5,Prevalenza,192,Africa Subsahariana Meridionale,2,Femmine,22,Tutte le età,561,Disturbi da consumo di stupefacenti,2,Percentuale,1997,0.005905755644562,0.0067945911626875,0.0050946886894031
1,Intera Popolazione,5,Prevalenza,142,Iran (Repubblica Islamica dell'),1,Maschi,22,Tutte le età,561,Disturbi da consumo di stupefacenti,2,Percentuale,2000,0.0119586906408863,0.013900127828404,0.0103317369951239
1,Intera Popolazione,5,Prevalenza,142,Iran (Repubblica Islamica dell'),2,Femmine,22,Tutte le età,561,Disturbi da consumo di stupefacenti,2,Percentuale,2000,0.0045914641605742,0.0053137873351456,0.0039731476226746
1,Intera Popolazione,5,Prevalenza,130,Messico,1,Maschi,22,Tutte le età,561,Disturbi da consumo di stupefacenti,2,Percentuale,2002,0.0059147782024602,0.0069466917817147,0.0050201768415334
1,Intera Popolazione,5,Prevalenza,130,Messico,2,Femmine,22,Tutte le età,561,Disturbi da consumo di stupefacenti,2,Percentuale,2002,0.0047089259325582,0.0054313339671337,0.0040003856149238
1,Intera Popolazione,5,Prevalenza,174,Africa Subsahariana Orientale,1,Maschi,22,Tutte le età,561,Disturbi da consumo di stupefacenti,2,Percentuale,2000,0.0036627442828763,0.0050336456020988,0.002738743445721
1,Intera Popolazione,5,Prevalenza,174,Africa Subsahariana Orientale,2,Femmine,22,Tutte le età,561,Disturbi da consumo di stupefacenti,2,Percentuale,2000,0.0022365779933623,0.0028475889673874,0.0017719059327098
1,Intera Popolazione,5,Prevalenza,174,Africa Subsahariana Orientale,1,Maschi,22,Tutte le età,561,Disturbi da consumo di stupefacenti,2,Percentuale,2001,0.0036725422971706,0.0050442456720209,0.002749349086148
1,Intera Popolazione,5,Prevalenza,174,Africa Subsahariana Orientale,2,Femmine,22,Tutte le età,561,Disturbi da consumo di stupefacenti,2,Percentuale,2001,0.0022395017081262,0.0028498610158634,0.0017778718145561
1,Intera Popolazione,5,Prevalenza,67,Giappone,1,Maschi,22,Tutte le età,561,Disturbi da consumo di stupefacenti,2,Percentuale,2001,0.0088683173628964,0.0104570275938857,0.007174196003783
1,Intera Popolazione,5,Prevalenza,67,Giappone,2,Femmine,22,Tutte le età,561,Disturbi da consumo di stupefacenti,2,Percentuale,2001,0.0064854757205057,0.0077262827047624,0.0053664862121871
1,Intera Popolazione,5,Prevalenza,199,Africa Subsahariana Occidentale,1,Maschi,22,Tutte le età,561,Disturbi da consumo di stupefacenti,2,Percentuale,2000,0.0023920982367611,0.0029752171407002,0.0018826155601746
1,Intera Popolazione,5,Prevalenza,199,Africa Subsahariana Occidentale,2,Femmine,22,Tutte le età,561,Disturbi da consumo di stupefacenti,2,Percentuale,2000,0.0018739612874144,0.0022528585141097,0.0015556615650796
1,Intera Popolazione,5,Prevalenza,80,Francia,1,Maschi,22,Tutte le età,561,Disturbi da consumo di stupefacenti,2,Percentuale,2001,0.0130606145361103,0.0147162340313874,0.0115980375116854
1,Intera Popolazione,5,Prevalenza,80,Francia,2,Femmine,22,Tutte le età,561,Disturbi da consumo di stupefacenti,2,Percentuale,2001,0.0071108564198401,0.0080144525534365,0.006296104268277
1,Intera Popolazione,5,Prevalenza,214,Nigeria,1,Maschi,22,Tutte le età,561,Disturbi da consumo di stupefacenti,2,Percentuale,2002,0.0022342340318289,0.0027387930722209,0.0018010019730622
1,Intera Popolazione,5,Prevalenza,214,Nigeria,2,Femmine,22,Tutte le età,561,Disturbi da consumo di stupefacenti,2,Percentuale,2002,0.001816498188556,0.0021595558183141,0.0015174786760937
1,Intera Popolazione,5,Prevalenza,81,Germania,1,Maschi,22,Tutte le età,561,Disturbi da consumo di stupefacenti,2,Percentuale,2008,0.0114450274118199,0.0123365994627862,0.0107054386359075
1,Intera Popolazione,5,Prevalenza,81,Germania,2,Femmine,22,Tutte le età,561,Disturbi da consumo di stupefacenti,2,Percentuale,2008,0.0053612424720487,0.0057745292494801,0.0049662359110109
1,Intera Popolazione,5,Prevalenza,92,Spagna,1,Maschi,22,Tutte le età,561,Disturbi da consumo di stupefacenti,2,Percentuale,2008,0.0216545519658371,0.0227257415665142,0.0206477069499547
1,Intera Popolazione,5,Prevalenza,92,Spagna,2,Femmine,22,Tutte le età,561,Disturbi da consumo di stupefacenti,2,Percentuale,2008,0.0102825465555289,0.01073789650366,0.0098176537415716
1,Intera Popolazione,5,Prevalenza,71,Australia,1,Maschi,22,Tutte le età,561,Disturbi da consumo di stupefacenti,2,Percentuale,1995,0.0326778053968642,0.0364368630463838,0.0295866099428933
1,Intera Popolazione,5,Prevalenza,71,Australia,2,Femmine,22,Tutte le età,561,Disturbi da consumo di stupefacenti,2,Percentuale,1995,0.017908659663072,0.0199532482899785,0.0162004236490732
1,Intera Popolazione,5,Prevalenza,56,Europa Orientale,1,Maschi,22,Tutte le età,561,Disturbi da consumo di stupefacenti,2,Percentuale,1997,0.0179692348961491,0.0204367228158416,0.0157248330887968
1,Intera Popolazione,5,Prevalenza,56,Europa Orientale,2,Femmine,22,Tutte le età,561,Disturbi da consumo di stupefacenti,2,Percentuale,1997,0.0080481515532262,0.0091534111890299,0.0070303924823376
1,Intera Popolazione,5,Prevalenza,196,Sudafrica,1,Maschi,22,Tutte le età,561,Disturbi da consumo di stupefacenti,2,Percentuale,1997,0.0105447270236743,0.0123767216461309,0.0087571143299138
1,Intera Popolazione,5,Prevalenza,196,Sudafrica,2,Femmine,22,Tutte le età,561,Disturbi da consumo di stupefacenti,2,Percentuale,1997,0.0070271409583217,0.0080272881361632,0.0060948413171413
1,Intera Popolazione,5,Prevalenza,135,Brasile,1,Maschi,22,Tutte le età,561,Disturbi da consumo di stupefacenti,2,Percentuale,1995,0.0112888725878139,0.0138454002963231,0.0091518141157901
1,Intera Popolazione,5,Prevalenza,135,Brasile,2,Femmine,22,Tutte le età,561,Disturbi da consumo di stupefacenti,2,Percentuale,1995,0.0082294333539046,0.0099967599416562,0.0066931535535247
1,Intera Popolazione,5,Prevalenza,101,Canada,1,Maschi,22,Tutte le età,561,Disturbi da consumo di stupefacenti,2,Percentuale,1997,0.0263088064766017,0.0291985121786396,0.0238860155753883
1,Intera Popolazione,5,Prevalenza,101,Canada,2,Femmine,22,Tutte le età,561,Disturbi da consumo di stupefacenti,2,Percentuale,1997,0.0179997806833513,0.0194502912048237,0.0164500790313585
1,Intera Popolazione,5,Prevalenza,196,Sudafrica,1,Maschi,22,Tutte le età,561,Disturbi da consumo di stupefacenti,2,Percentuale,1993,0.0101963578016018,0.0121594531270326,0.0084653330656925
1,Intera Popolazione,5,Prevalenza,196,Sudafrica,2,Femmine,22,Tutte le età,561,Disturbi da consumo di stupefacenti,2,Percentuale,1993,0.006659965993778,0.0076542858236933,0.0057797615794154
1,Intera Popolazione,5,Prevalenza,163,India,1,Maschi,22,Tutte le età,561,Disturbi da consumo di stupefacenti,2,Percentuale,1997,0.0048794620002388,0.0061433381584321,0.003869938929199
1,Intera Popolazione,5,Prevalenza,163,India,2,Femmine,22,Tutte le età,561,Disturbi da consumo di stupefacenti,2,Percentuale,1997,0.0026958945338025,0.0031963776541338,0.0021489002628867
1,Intera Popolazione,5,Prevalenza,95,Regno Unito,1,Maschi,22,Tutte le età,561,Disturbi da consumo di stupefacenti,2,Percentuale,2001,0.0239304731195562,0.0282970372398142,0.020074545631377
1,Intera Popolazione,5,Prevalenza,95,Regno Unito,2,Femmine,22,Tutte le età,561,Disturbi da consumo di stupefacenti,2,Percentuale,2001,0.012175688537141,0.0146701970388551,0.0103775532509769
1,Intera Popolazione,5,Prevalenza,199,Africa Subsahariana Occidentale,1,Maschi,22,Tutte le età,561,Disturbi da consumo di stupefacenti,2,Percentuale,2001,0.0023962533442697,0.0029803702664094,0.0018858487310377
1,Intera Popolazione,5,Prevalenza,199,Africa Subsahariana Occidentale,2,Femmine,22,Tutte le età,561,Disturbi da consumo di stupefacenti,2,Percentuale,2001,0.0018793621357197,0.0022555930534802,0.0015606610450591
1,Intera Popolazione,5,Prevalenza,142,Iran (Repubblica Islamica dell'),1,Maschi,22,Tutte le età,561,Disturbi da consumo di stupefacenti,2,Percentuale,2001,0.012517538321576,0.0144840285492535,0.0108240585382503
1,Intera Popolazione,5,Prevalenza,142,Iran (Repubblica Islamica dell'),2,Femmine,22,Tutte le età,561,Disturbi da consumo di stupefacenti,2,Percentuale,2001,0.004753745825003,0.0054835666399059,0.0041234389042311
1,Intera Popolazione,5,Prevalenza,102,Stati Uniti d'America,1,Maschi,22,Tutte le età,561,Disturbi da consumo di stupefacenti,2,Percentuale,2003,0.0279761077880372,0.0320399253801408,0.0244127863553418
1,Intera Popolazione,5,Prevalenza,102,Stati Uniti d'America,2,Femmine,22,Tutte le età,561,Disturbi da consumo di stupefacenti,2,Percentuale,2003,0.0150401085574275,0.0174985191730493,0.0129926154099725
1,Intera Popolazione,5,Prevalenza,130,Messico,1,Maschi,22,Tutte le età,561,Disturbi da consumo di stupefacenti,2,Percentuale,2003,0.0059084828736398,0.0069353287855211,0.005015589550147
1,Intera Popolazione,5,Prevalenza,130,Messico,2,Femmine,22,Tutte le età,561,Disturbi da consumo di stupefacenti,2,Percentuale,2003,0.0046804802853782,0.0053993954891251,0.0039751279366047
1,Intera Popolazione,5,Prevalenza,95,Regno Unito,1,Maschi,22,Tutte le età,561,Disturbi da consumo di stupefacenti,2,Percentuale,2002,0.0243608694627099,0.0288054398089982,0.020512588256141
1,Intera Popolazione,5,Prevalenza,95,Regno Unito,2,Femmine,22,Tutte le età,561,Disturbi da consumo di stupefacenti,2,Percentuale,2002,0.0123341312023505,0.0148476169336626,0.0105376760862466
1,Intera Popolazione,5,Prevalenza,214,Nigeria,1,Maschi,22,Tutte le età,561,Disturbi da consumo di stupefacenti,2,Percentuale,2003,0.0022311337183863,0.0027354242141883,0.0017988907088958
1,Intera Popolazione,5,Prevalenza,214,Nigeria,2,Femmine,22,Tutte le età,561,Disturbi da consumo di stupefacenti,2,Percentuale,2003,0.0018141797323239,0.0021578185811327,0.0015160304501371
1,Intera Popolazione,5,Prevalenza,68,Repubblica di Corea,1,Maschi,22,Tutte le età,561,Disturbi da consumo di stupefacenti,2,Percentuale,2003,0.0108289641409621,0.0133045118944884,0.0084026298834073
1,Intera Popolazione,5,Prevalenza,68,Repubblica di Corea,2,Femmine,22,Tutte le età,561,Disturbi da consumo di stupefacenti,2,Percentuale,2003,0.0079152028788376,0.0099325275169556,0.0061943851001316
1,Intera Popolazione,5,Prevalenza,6,Cina,1,Maschi,22,Tutte le età,561,Disturbi da consumo di stupefacenti,2,Percentuale,2003,0.009423443094928,0.0112665299103936,0.0080130080186991
1,Intera Popolazione,5,Prevalenza,6,Cina,2,Femmine,22,Tutte le età,561,Disturbi da consumo di stupefacenti,2,Percentuale,2003,0.0070782813598598,0.0083803207573282,0.0060000926510212
1,Intera Popolazione,5,Prevalenza,102,Stati Uniti d'America,1,Maschi,22,Tutte le età,561,Disturbi da consumo di stupefacenti,2,Percentuale,2004,0.0284217654630867,0.0324903815040838,0.0248655897450643
1,Intera Popolazione,5,Prevalenza,102,Stati Uniti d'America,2,Femmine,22,Tutte le età,561,Disturbi da consumo di stupefacenti,2,Percentuale,2004,0.0152669335281016,0.0177439956262323,0.0132246679601702
1,Intera Popolazione,5,Prevalenza,135,Brasile,1,Maschi,22,Tutte le età,561,Disturbi da consumo di stupefacenti,2,Percentuale,1997,0.0116188764003064,0.0140644349324196,0.0093164890628924
1,Intera Popolazione,5,Prevalenza,135,Brasile,2,Femmine,22,Tutte le età,561,Disturbi da consumo di stupefacenti,2,Percentuale,1997,0.0082218917560164,0.0098609964343381,0.0067481893109087
1,Intera Popolazione,5,Prevalenza,6,Cina,1,Maschi,22,Tutte le età,561,Disturbi da consumo di stupefacenti,2,Percentuale,2002,0.0097889582968692,0.0116896644081791,0.0083730031194098
1,Intera Popolazione,5,Prevalenza,6,Cina,2,Femmine,22,Tutte le età,561,Disturbi da consumo di stupefacenti,2,Percentuale,2002,0.0073256228695043,0.0087110263273654,0.0062112153363628
1,Intera Popolazione,5,Prevalenza,80,Francia,1,Maschi,22,Tutte le età,561,Disturbi da consumo di stupefacenti,2,Percentuale,2002,0.0131692862753856,0.0147956653232311,0.0117465149176327
1,Intera Popolazione,5,Prevalenza,80,Francia,2,Femmine,22,Tutte le età,561,Disturbi da consumo di stupefacenti,2,Percentuale,2002,0.0071987361971841,0.0080934625159029,0.0063926449018989
1,Intera Popolazione,5,Prevalenza,67,Giappone,1,Maschi,22,Tutte le età,561,Disturbi da consumo di stupefacenti,2,Percentuale,2002,0.0087615821573079,0.0103280617067282,0.0070931686712441
1,Intera Popolazione,5,Prevalenza,67,Giappone,2,Femmine,22,Tutte le età,561,Disturbi da consumo di stupefacenti,2,Percentuale,2002,0.0064245602268079,0.0076383057958281,0.0053261741211506
1,Intera Popolazione,5,Prevalenza,196,Sudafrica,1,Maschi,22,Tutte le età,561,Disturbi da consumo di stupefacenti,2,Percentuale,1994,0.0102989121348677,0.0121987891354952,0.0085755776684018
1,Intera Popolazione,5,Prevalenza,196,Sudafrica,2,Femmine,22,Tutte le età,561,Disturbi da consumo di stupefacenti,2,Percentuale,1994,0.0067473027873961,0.0077479505029545,0.0058712798153587
1,Intera Popolazione,5,Prevalenza,68,Repubblica di Corea,1,Maschi,22,Tutte le età,561,Disturbi da consumo di stupefacenti,2,Percentuale,2004,0.0107211001927833,0.0131618039577216,0.0082937941170558
1,Intera Popolazione,5,Prevalenza,68,Repubblica di Corea,2,Femmine,22,Tutte le età,561,Disturbi da consumo di stupefacenti,2,Percentuale,2004,0.007845730210093,0.0098254373990546,0.0061607436439366
1,Intera Popolazione,5,Prevalenza,92,Spagna,1,Maschi,22,Tutte le età,561,Disturbi da consumo di stupefacenti,2,Percentuale,2009,0.0199791200909014,0.0209422172011319,0.0190541133074531
1,Intera Popolazione,5,Prevalenza,92,Spagna,2,Femmine,22,Tutte le età,561,Disturbi da consumo di stupefacenti,2,Percentuale,2009,0.0093642661743171,0.009760485003777,0.0089603753259864
1,Intera Popolazione,5,Prevalenza,81,Germania,1,Maschi,22,Tutte le età,561,Disturbi da consumo di stupefacenti,2,Percentuale,2009,0.0114991869494831,0.0123986550047066,0.0107713090826783
1,Intera Popolazione,5,Prevalenza,81,Germania,2,Femmine,22,Tutte le età,561,Disturbi da consumo di stupefacenti,2,Percentuale,2009,0.0052897784763346,0.0057102130780959,0.0048907334315542
1,Intera Popolazione,5,Prevalenza,130,Messico,1,Maschi,22,Tutte le età,561,Disturbi da consumo di stupefacenti,2,Percentuale,2004,0.0059094681759174,0.0069419252204091,0.0050158783880049
1,Intera Popolazione,5,Prevalenza,130,Messico,2,Femmine,22,Tutte le età,561,Disturbi da consumo di stupefacenti,2,Percentuale,2004,0.0046575915135301,0.0053722414210697,0.0039542212254682
1,Intera Popolazione,5,Prevalenza,135,Brasile,1,Maschi,22,Tutte le età,561,Disturbi da consumo di stupefacenti,2,Percentuale,1998,0.0118266562857082,0.0142680929716964,0.009565476985368
1,Intera Popolazione,5,Prevalenza,135,Brasile,2,Femmine,22,Tutte le età,561,Disturbi da consumo di stupefacenti,2,Percentuale,1998,0.0081902010260027,0.0097311942805215,0.0067798408169066
1,Intera Popolazione,5,Prevalenza,199,Africa Subsahariana Occidentale,1,Maschi,22,Tutte le età,561,Disturbi da consumo di stupefacenti,2,Percentuale,2002,0.00239956923535,0.0029844029827138,0.0018885338514691
1,Intera Popolazione,5,Prevalenza,199,Africa Subsahariana Occidentale,2,Femmine,22,Tutte le età,561,Disturbi da consumo di stupefacenti,2,Percentuale,2002,0.0018840653066044,0.0022574453468382,0.0015649417139024
1,Intera Popolazione,5,Prevalenza,174,Africa Subsahariana Orientale,1,Maschi,22,Tutte le età,561,Disturbi da consumo di stupefacenti,2,Percentuale,2002,0.0036823630671973,0.0050548533162229,0.0027600776691017
1,Intera Popolazione,5,Prevalenza,174,Africa Subsahariana Orientale,2,Femmine,22,Tutte le età,561,Disturbi da consumo di stupefacenti,2,Percentuale,2002,0.0022417803790546,0.002851438838019,0.0017833771922945
1,Intera Popolazione,5,Prevalenza,86,Italia,1,Maschi,22,Tutte le età,561,Disturbi da consumo di stupefacenti,2,Percentuale,1998,0.0159016752608367,0.0192884413708116,0.0132900124512406
1,Intera Popolazione,5,Prevalenza,86,Italia,2,Femmine,22,Tutte le età,561,Disturbi da consumo di stupefacenti,2,Percentuale,1998,0.0083728317491233,0.0101417667869356,0.0069362210700596
1,Intera Popolazione,5,Prevalenza,101,Canada,1,Maschi,22,Tutte le età,561,Disturbi da consumo di stupefacenti,2,Percentuale,1998,0.0261581476287201,0.0289524025904096,0.0236845935898909
1,Intera Popolazione,5,Prevalenza,101,Canada,2,Femmine,22,Tutte le età,561,Disturbi da consumo di stupefacenti,2,Percentuale,1998,0.0177930302563047,0.019241956867719,0.0162774162925157
1,Intera Popolazione,5,Prevalenza,192,Africa Subsahariana Meridionale,1,Maschi,22,Tutte le età,561,Disturbi da consumo di stupefacenti,2,Percentuale,1998,0.0091578638277507,0.0111354754330914,0.0074933135946034
1,Intera Popolazione,5,Prevalenza,192,Africa Subsahariana Meridionale,2,Femmine,22,Tutte le età,561,Disturbi da consumo di stupefacenti,2,Percentuale,1998,0.0059922047989801,0.0068766877081405,0.0051717473297092
1,Intera Popolazione,5,Prevalenza,56,Europa Orientale,1,Maschi,22,Tutte le età,561,Disturbi da consumo di stupefacenti,2,Percentuale,1996,0.0173038921790147,0.0197359612930907,0.015089051592374
1,Intera Popolazione,5,Prevalenza,56,Europa Orientale,2,Femmine,22,Tutte le età,561,Disturbi da consumo di stupefacenti,2,Percentuale,1996,0.0078327282227519,0.0089023800638587,0.0068557280939475
1,Intera Popolazione,5,Prevalenza,11,Indonesia,1,Maschi,22,Tutte le età,561,Disturbi da consumo di stupefacenti,2,Percentuale,1998,0.0051117799294862,0.0064039629728854,0.0039771731446686
1,Intera Popolazione,5,Prevalenza,11,Indonesia,2,Femmine,22,Tutte le età,561,Disturbi da consumo di stupefacenti,2,Percentuale,1998,0.0046713922996248,0.0058786334073103,0.0036929297989898
1,Intera Popolazione,5,Prevalenza,71,Australia,1,Maschi,22,Tutte le età,561,Disturbi da consumo di stupefacenti,2,Percentuale,1998,0.0311169821495309,0.0336869552118647,0.0288459880122205
1,Intera Popolazione,5,Prevalenza,71,Australia,2,Femmine,22,Tutte le età,561,Disturbi da consumo di stupefacenti,2,Percentuale,1998,0.0174250328210427,0.018908096438027,0.0160369282002094
1,Intera Popolazione,5,Prevalenza,68,Repubblica di Corea,1,Maschi,22,Tutte le età,561,Disturbi da consumo di stupefacenti,2,Percentuale,2005,0.010618888508138,0.0129889627416703,0.0081869044706762
1,Intera Popolazione,5,Prevalenza,68,Repubblica di Corea,2,Femmine,22,Tutte le età,561,Disturbi da consumo di stupefacenti,2,Percentuale,2005,0.0077708031067542,0.0097303432418313,0.0061398174651816
1,Intera Popolazione,5,Prevalenza,6,Cina,1,Maschi,22,Tutte le età,561,Disturbi da consumo di stupefacenti,2,Percentuale,2005,0.0087594939672264,0.0104257936177189,0.0073955064327421
1,Intera Popolazione,5,Prevalenza,6,Cina,2,Femmine,22,Tutte le età,561,Disturbi da consumo di stupefacenti,2,Percentuale,2005,0.0066732582724758,0.007870576377136,0.0056411299341552
1,Intera Popolazione,5,Prevalenza,6,Cina,1,Maschi,22,Tutte le età,561,Disturbi da consumo di stupefacenti,2,Percentuale,2004,0.0090682889666598,0.0108311476203198,0.007680796036426
1,Intera Popolazione,5,Prevalenza,6,Cina,2,Femmine,22,Tutte le età,561,Disturbi da consumo di stupefacenti,2,Percentuale,2004,0.0068571683034433,0.0080852885589859,0.0058077811489993
1,Intera Popolazione,5,Prevalenza,92,Spagna,1,Maschi,22,Tutte le età,561,Disturbi da consumo di stupefacenti,2,Percentuale,2010,0.0188785694327215,0.019716536057124,0.0179483252107617
1,Intera Popolazione,5,Prevalenza,92,Spagna,2,Femmine,22,Tutte le età,561,Disturbi da consumo di stupefacenti,2,Percentuale,2010,0.0088239498171012,0.0092234580220061,0.0084326658723733
1,Intera Popolazione,5,Prevalenza,81,Germania,1,Maschi,22,Tutte le età,561,Disturbi da consumo di stupefacenti,2,Percentuale,2010,0.0115413650054253,0.0124763853648114,0.0107752629117987
1,Intera Popolazione,5,Prevalenza,81,Germania,2,Femmine,22,Tutte le età,561,Disturbi da consumo di stupefacenti,2,Percentuale,2010,0.0052463930677567,0.0056693373991238,0.0048449972920065
1,Intera Popolazione,5,Prevalenza,68,Repubblica di Corea,1,Maschi,22,Tutte le età,561,Disturbi da consumo di stupefacenti,2,Percentuale,2006,0.010546167456625,0.0129142814304345,0.0081776432853367
1,Intera Popolazione,5,Prevalenza,68,Repubblica di Corea,2,Femmine,22,Tutte le età,561,Disturbi da consumo di stupefacenti,2,Percentuale,2006,0.0077070481549613,0.009626481189548,0.0060779497540399
1,Intera Popolazione,5,Prevalenza,95,Regno Unito,1,Maschi,22,Tutte le età,561,Disturbi da consumo di stupefacenti,2,Percentuale,2003,0.0248751943820916,0.0294156105337787,0.0210246486651881
1,Intera Popolazione,5,Prevalenza,95,Regno Unito,2,Femmine,22,Tutte le età,561,Disturbi da consumo di stupefacenti,2,Percentuale,2003,0.0125291014282014,0.0150650147245711,0.0107208723748668
1,Intera Popolazione,5,Prevalenza,80,Francia,1,Maschi,22,Tutte le età,561,Disturbi da consumo di stupefacenti,2,Percentuale,2004,0.0134927518171178,0.0151227873139503,0.012080375350528
1,Intera Popolazione,5,Prevalenza,80,Francia,2,Femmine,22,Tutte le età,561,Disturbi da consumo di stupefacenti,2,Percentuale,2004,0.0074010856512671,0.0082765919686459,0.0066013041454728
1,Intera Popolazione,5,Prevalenza,67,Giappone,1,Maschi,22,Tutte le età,561,Disturbi da consumo di stupefacenti,2,Percentuale,2004,0.0085393793945221,0.0100664054693621,0.0069264528739894
1,Intera Popolazione,5,Prevalenza,67,Giappone,2,Femmine,22,Tutte le età,561,Disturbi da consumo di stupefacenti,2,Percentuale,2004,0.0062935574608115,0.0074536629100643,0.005239621505681
1,Intera Popolazione,5,Prevalenza,142,Iran (Repubblica Islamica dell'),1,Maschi,22,Tutte le età,561,Disturbi da consumo di stupefacenti,2,Percentuale,2003,0.013598656459663,0.0156344765164857,0.0117650213286417
1,Intera Popolazione,5,Prevalenza,142,Iran (Repubblica Islamica dell'),2,Femmine,22,Tutte le età,561,Disturbi da consumo di stupefacenti,2,Percentuale,2003,0.0051039141508867,0.0058614735186777,0.0044461769964641
1,Intera Popolazione,5,Prevalenza,199,Africa Subsahariana Occidentale,1,Maschi,22,Tutte le età,561,Disturbi da consumo di stupefacenti,2,Percentuale,2003,0.0024019542181,0.0029874663924498,0.0018903603466865
1,Intera Popolazione,5,Prevalenza,199,Africa Subsahariana Occidentale,2,Femmine,22,Tutte le età,561,Disturbi da consumo di stupefacenti,2,Percentuale,2003,0.0018877851867538,0.002261704440769,0.0015681979810208
1,Intera Popolazione,5,Prevalenza,142,Iran (Repubblica Islamica dell'),1,Maschi,22,Tutte le età,561,Disturbi da consumo di stupefacenti,2,Percentuale,2004,0.0140191167245325,0.0160719181473656,0.0121459671265895
1,Intera Popolazione,5,Prevalenza,142,Iran (Repubblica Islamica dell'),2,Femmine,22,Tutte le età,561,Disturbi da consumo di stupefacenti,2,Percentuale,2004,0.005242600302914,0.0060287529074931,0.0045766060014867
1,Intera Popolazione,5,Prevalenza,95,Regno Unito,1,Maschi,22,Tutte le età,561,Disturbi da consumo di stupefacenti,2,Percentuale,2004,0.0253865002798259,0.0300215061663834,0.0215345554523974
1,Intera Popolazione,5,Prevalenza,95,Regno Unito,2,Femmine,22,Tutte le età,561,Disturbi da consumo di stupefacenti,2,Percentuale,2004,0.0127338962334062,0.0152963694883992,0.0109042274272784
1,Intera Popolazione,5,Prevalenza,174,Africa Subsahariana Orientale,1,Maschi,22,Tutte le età,561,Disturbi da consumo di stupefacenti,2,Percentuale,2003,0.0036913944767916,0.0050642412573495,0.0027703867186476
1,Intera Popolazione,5,Prevalenza,174,Africa Subsahariana Orientale,2,Femmine,22,Tutte le età,561,Disturbi da consumo di stupefacenti,2,Percentuale,2003,0.0022434305406024,0.0028522697774047,0.0017876773733929
1,Intera Popolazione,5,Prevalenza,56,Europa Orientale,1,Maschi,22,Tutte le età,561,Disturbi da consumo di stupefacenti,2,Percentuale,1998,0.0186673220302198,0.0211958982504031,0.0162921281623176
1,Intera Popolazione,5,Prevalenza,56,Europa Orientale,2,Femmine,22,Tutte le età,561,Disturbi da consumo di stupefacenti,2,Percentuale,1998,0.0082819961001928,0.0094075796768067,0.0072340221016876
1,Intera Popolazione,5,Prevalenza,163,India,1,Maschi,22,Tutte le età,561,Disturbi da consumo di stupefacenti,2,Percentuale,1998,0.0049312514930591,0.0061552437595468,0.0039318125493046
1,Intera Popolazione,5,Prevalenza,163,India,2,Femmine,22,Tutte le età,561,Disturbi da consumo di stupefacenti,2,Percentuale,1998,0.0026986276095703,0.0032043242688005,0.0021619490614376
1,Intera Popolazione,5,Prevalenza,130,Messico,1,Maschi,22,Tutte le età,561,Disturbi da consumo di stupefacenti,2,Percentuale,2005,0.0059207339812558,0.006955695893893,0.0050237387713775
1,Intera Popolazione,5,Prevalenza,130,Messico,2,Femmine,22,Tutte le età,561,Disturbi da consumo di stupefacenti,2,Percentuale,2005,0.0046461038117924,0.005354004385825,0.0039423318665918
1,Intera Popolazione,5,Prevalenza,174,Africa Subsahariana Orientale,1,Maschi,22,Tutte le età,561,Disturbi da consumo di stupefacenti,2,Percentuale,2004,0.0036994939104034,0.0050723875185003,0.0027799024743673
1,Intera Popolazione,5,Prevalenza,174,Africa Subsahariana Orientale,2,Femmine,22,Tutte le età,561,Disturbi da consumo di stupefacenti,2,Percentuale,2004,0.0022448938919098,0.0028528823540659,0.0017915718343821
1,Intera Popolazione,5,Prevalenza,214,Nigeria,1,Maschi,22,Tutte le età,561,Disturbi da consumo di stupefacenti,2,Percentuale,2005,0.0022199675629047,0.0027255977829126,0.0017900331236102
1,Intera Popolazione,5,Prevalenza,214,Nigeria,2,Femmine,22,Tutte le età,561,Disturbi da consumo di stupefacenti,2,Percentuale,2005,0.0018039679294099,0.0021453291176576,0.0015081614754466
1,Intera Popolazione,5,Prevalenza,167,Africa Subsahariana Centrale,1,Maschi,22,Tutte le età,561,Disturbi da consumo di stupefacenti,2,Percentuale,1998,0.0032353989698629,0.0043658027267245,0.0023510583384537
1,Intera Popolazione,5,Prevalenza,167,Africa Subsahariana Centrale,2,Femmine,22,Tutte le età,561,Disturbi da consumo di stupefacenti,2,Percentuale,1998,0.0019565322735438,0.0024113835134614,0.0015604224820079
1,Intera Popolazione,5,Prevalenza,11,Indonesia,1,Maschi,22,Tutte le età,561,Disturbi da consumo di stupefacenti,2,Percentuale,1999,0.0051867205840834,0.0065028312721847,0.0039943824258017
1,Intera Popolazione,5,Prevalenza,11,Indonesia,2,Femmine,22,Tutte le età,561,Disturbi da consumo di stupefacenti,2,Percentuale,1999,0.0047466527111996,0.0060191166430674,0.0037474986226735
1,Intera Popolazione,5,Prevalenza,102,Stati Uniti d'America,1,Maschi,22,Tutte le età,561,Disturbi da consumo di stupefacenti,2,Percentuale,2005,0.0288309465172546,0.0329129627385618,0.0252788347228492
1,Intera Popolazione,5,Prevalenza,102,Stati Uniti d'America,2,Femmine,22,Tutte le età,561,Disturbi da consumo di stupefacenti,2,Percentuale,2005,0.0155063993719445,0.0180110829436472,0.0134660417230619
1,Intera Popolazione,5,Prevalenza,130,Messico,1,Maschi,22,Tutte le età,561,Disturbi da consumo di stupefacenti,2,Percentuale,2006,0.0059690048576419,0.0069846999343956,0.0050618339026595
1,Intera Popolazione,5,Prevalenza,130,Messico,2,Femmine,22,Tutte le età,561,Disturbi da consumo di stupefacenti,2,Percentuale,2006,0.0046373092089218,0.005340877289808,0.0039410950459361
1,Intera Popolazione,5,Prevalenza,56,Europa Orientale,1,Maschi,22,Tutte le età,561,Disturbi da consumo di stupefacenti,2,Percentuale,1999,0.0192964182431405,0.0218623490305525,0.0168132965434335
1,Intera Popolazione,5,Prevalenza,56,Europa Orientale,2,Femmine,22,Tutte le età,561,Disturbi da consumo di stupefacenti,2,Percentuale,1999,0.0084926764470835,0.0096387107460458,0.0074178483955627
1,Intera Popolazione,5,Prevalenza,80,Francia,1,Maschi,22,Tutte le età,561,Disturbi da consumo di stupefacenti,2,Percentuale,2005,0.01364649007099,0.015269711334161,0.0122161176971399
1,Intera Popolazione,5,Prevalenza,80,Francia,2,Femmine,22,Tutte le età,561,Disturbi da consumo di stupefacenti,2,Percentuale,2005,0.0074557863685582,0.0083300408767249,0.0066706027171909
1,Intera Popolazione,5,Prevalenza,92,Spagna,1,Maschi,22,Tutte le età,561,Disturbi da consumo di stupefacenti,2,Percentuale,2011,0.0183297735736938,0.0191098225865096,0.0174630266904582
1,Intera Popolazione,5,Prevalenza,92,Spagna,2,Femmine,22,Tutte le età,561,Disturbi da consumo di stupefacenti,2,Percentuale,2011,0.0086158556468945,0.0090146267658324,0.0082493566010102
1,Intera Popolazione,5,Prevalenza,81,Germania,1,Maschi,22,Tutte le età,561,Disturbi da consumo di stupefacenti,2,Percentuale,2011,0.0115956003688561,0.012490226784192,0.0108444422722195
1,Intera Popolazione,5,Prevalenza,81,Germania,2,Femmine,22,Tutte le età,561,Disturbi da consumo di stupefacenti,2,Percentuale,2011,0.0052290609678709,0.0056511039927027,0.0048319082869116
1,Intera Popolazione,5,Prevalenza,214,Nigeria,1,Maschi,22,Tutte le età,561,Disturbi da consumo di stupefacenti,2,Percentuale,2004,0.0022267321127173,0.0027320266088514,0.0017955698241742
1,Intera Popolazione,5,Prevalenza,214,Nigeria,2,Femmine,22,Tutte le età,561,Disturbi da consumo di stupefacenti,2,Percentuale,2004,0.0018100194451959,0.0021528213837378,0.0015129613688088
1,Intera Popolazione,5,Prevalenza,102,Stati Uniti d'America,1,Maschi,22,Tutte le età,561,Disturbi da consumo di stupefacenti,2,Percentuale,2006,0.0293053239115056,0.033459428312654,0.0257470854868596
1,Intera Popolazione,5,Prevalenza,102,Stati Uniti d'America,2,Femmine,22,Tutte le età,561,Disturbi da consumo di stupefacenti,2,Percentuale,2006,0.015848588851929,0.0183686665725343,0.0137930811951188
1,Intera Popolazione,5,Prevalenza,71,Australia,1,Maschi,22,Tutte le età,561,Disturbi da consumo di stupefacenti,2,Percentuale,1999,0.0305092469633489,0.0329510768451535,0.0283811060613721
1,Intera Popolazione,5,Prevalenza,71,Australia,2,Femmine,22,Tutte le età,561,Disturbi da consumo di stupefacenti,2,Percentuale,1999,0.0172377712173126,0.0186649373382106,0.0158935664775678
1,Intera Popolazione,5,Prevalenza,192,Africa Subsahariana Meridionale,1,Maschi,22,Tutte le età,561,Disturbi da consumo di stupefacenti,2,Percentuale,1999,0.0092466992654716,0.0112605590877906,0.0075896811348383
1,Intera Popolazione,5,Prevalenza,192,Africa Subsahariana Meridionale,2,Femmine,22,Tutte le età,561,Disturbi da consumo di stupefacenti,2,Percentuale,1999,0.0060684274838313,0.0069636568054797,0.0052310237485411
1,Intera Popolazione,5,Prevalenza,196,Sudafrica,1,Maschi,22,Tutte le età,561,Disturbi da consumo di stupefacenti,2,Percentuale,1996,0.0104616126596532,0.0122796660685748,0.0087141451537944
1,Intera Popolazione,5,Prevalenza,196,Sudafrica,2,Femmine,22,Tutte le età,561,Disturbi da consumo di stupefacenti,2,Percentuale,1996,0.006921524075247,0.0079242803198834,0.0060163657395932
1,Intera Popolazione,5,Prevalenza,163,India,1,Maschi,22,Tutte le età,561,Disturbi da consumo di stupefacenti,2,Percentuale,1999,0.0049809201061664,0.0061728764156434,0.0039726966889205
1,Intera Popolazione,5,Prevalenza,163,India,2,Femmine,22,Tutte le età,561,Disturbi da consumo di stupefacenti,2,Percentuale,1999,0.0027028862630255,0.0032195808364711,0.0021741331236148
1,Intera Popolazione,5,Prevalenza,86,Italia,1,Maschi,22,Tutte le età,561,Disturbi da consumo di stupefacenti,2,Percentuale,1999,0.0155198152807235,0.0187570594692256,0.0129187004077679
1,Intera Popolazione,5,Prevalenza,86,Italia,2,Femmine,22,Tutte le età,561,Disturbi da consumo di stupefacenti,2,Percentuale,1999,0.0081304348095585,0.0097965483493278,0.0067713484644812
1,Intera Popolazione,5,Prevalenza,135,Brasile,1,Maschi,22,Tutte le età,561,Disturbi da consumo di stupefacenti,2,Percentuale,1999,0.0120164090632411,0.014438399811618,0.0098421084700119
1,Intera Popolazione,5,Prevalenza,135,Brasile,2,Femmine,22,Tutte le età,561,Disturbi da consumo di stupefacenti,2,Percentuale,1999,0.008162856464178,0.0096242825104227,0.0067899261189141
1,Intera Popolazione,5,Prevalenza,68,Repubblica di Corea,1,Maschi,22,Tutte le età,561,Disturbi da consumo di stupefacenti,2,Percentuale,2007,0.0105022591382553,0.0128769548318819,0.0081836947442654
1,Intera Popolazione,5,Prevalenza,68,Repubblica di Corea,2,Femmine,22,Tutte le età,561,Disturbi da consumo di stupefacenti,2,Percentuale,2007,0.007651381071237,0.0095417057753402,0.0060390882632015
1,Intera Popolazione,5,Prevalenza,196,Sudafrica,1,Maschi,22,Tutte le età,561,Disturbi da consumo di stupefacenti,2,Percentuale,1999,0.0107275932049611,0.01266347182736,0.0089056258780496
1,Intera Popolazione,5,Prevalenza,196,Sudafrica,2,Femmine,22,Tutte le età,561,Disturbi da consumo di stupefacenti,2,Percentuale,1999,0.0072268160718828,0.0082261410986904,0.0062703759661794
1,Intera Popolazione,5,Prevalenza,214,Nigeria,1,Maschi,22,Tutte le età,561,Disturbi da consumo di stupefacenti,2,Percentuale,2006,0.0022126434176631,0.0027166672016672,0.001783853854436
1,Intera Popolazione,5,Prevalenza,214,Nigeria,2,Femmine,22,Tutte le età,561,Disturbi da consumo di stupefacenti,2,Percentuale,2006,0.0017971366351944,0.0021352494806931,0.0015022201740295
1,Intera Popolazione,5,Prevalenza,95,Regno Unito,1,Maschi,22,Tutte le età,561,Disturbi da consumo di stupefacenti,2,Percentuale,2005,0.0258042921551378,0.0305245131827332,0.0219425659533446
1,Intera Popolazione,5,Prevalenza,95,Regno Unito,2,Femmine,22,Tutte le età,561,Disturbi da consumo di stupefacenti,2,Percentuale,2005,0.0129023576897827,0.0154949295818014,0.0110574928003635
1,Intera Popolazione,5,Prevalenza,199,Africa Subsahariana Occidentale,1,Maschi,22,Tutte le età,561,Disturbi da consumo di stupefacenti,2,Percentuale,2004,0.0024027171353345,0.0029886600894544,0.0018907188309544
1,Intera Popolazione,5,Prevalenza,199,Africa Subsahariana Occidentale,2,Femmine,22,Tutte le età,561,Disturbi da consumo di stupefacenti,2,Percentuale,2004,0.0018898918619294,0.0022650035117316,0.0015700677909751
1,Intera Popolazione,5,Prevalenza,68,Repubblica di Corea,1,Maschi,22,Tutte le età,561,Disturbi da consumo di stupefacenti,2,Percentuale,2008,0.010475635903466,0.0128048212715872,0.0082012559781187
1,Intera Popolazione,5,Prevalenza,68,Repubblica di Corea,2,Femmine,22,Tutte le età,561,Disturbi da consumo di stupefacenti,2,Percentuale,2008,0.0075971739299877,0.0094675752608028,0.0060140192614819
1,Intera Popolazione,5,Prevalenza,142,Iran (Repubblica Islamica dell'),1,Maschi,22,Tutte le età,561,Disturbi da consumo di stupefacenti,2,Percentuale,2005,0.014381057306601,0.0164170712106224,0.0124853861834844
1,Intera Popolazione,5,Prevalenza,142,Iran (Repubblica Islamica dell'),2,Femmine,22,Tutte le età,561,Disturbi da consumo di stupefacenti,2,Percentuale,2005,0.0053511473079403,0.0061649319580927,0.004677568552133
1,Intera Popolazione,5,Prevalenza,6,Cina,1,Maschi,22,Tutte le età,561,Disturbi da consumo di stupefacenti,2,Percentuale,2007,0.0079356658540579,0.0094336203409668,0.0066539610233533
1,Intera Popolazione,5,Prevalenza,6,Cina,2,Femmine,22,Tutte le età,561,Disturbi da consumo di stupefacenti,2,Percentuale,2007,0.0061754139659988,0.0072800927215521,0.0051800693832727
1,Intera Popolazione,5,Prevalenza,67,Giappone,1,Maschi,22,Tutte le età,561,Disturbi da consumo di stupefacenti,2,Percentuale,2005,0.0084320555877908,0.0099416063577053,0.0068478307214178
1,Intera Popolazione,5,Prevalenza,67,Giappone,2,Femmine,22,Tutte le età,561,Disturbi da consumo di stupefacenti,2,Percentuale,2005,0.0062205374596758,0.0073571181036741,0.0051898430154858
1,Intera Popolazione,5,Prevalenza,80,Francia,1,Maschi,22,Tutte le età,561,Disturbi da consumo di stupefacenti,2,Percentuale,2003,0.0133215564387088,0.0149415592933995,0.0118888450669945
1,Intera Popolazione,5,Prevalenza,80,Francia,2,Femmine,22,Tutte le età,561,Disturbi da consumo di stupefacenti,2,Percentuale,2003,0.0073037957340006,0.0081969055990539,0.0065011797560614
1,Intera Popolazione,5,Prevalenza,142,Iran (Repubblica Islamica dell'),1,Maschi,22,Tutte le età,561,Disturbi da consumo di stupefacenti,2,Percentuale,2002,0.0130914145811954,0.0150959126036201,0.0113228834983863
1,Intera Popolazione,5,Prevalenza,142,Iran (Repubblica Islamica dell'),2,Femmine,22,Tutte le età,561,Disturbi da consumo di stupefacenti,2,Percentuale,2002,0.0049353862552994,0.0056759728657195,0.0042902461532404
1,Intera Popolazione,5,Prevalenza,214,Nigeria,1,Maschi,22,Tutte le età,561,Disturbi da consumo di stupefacenti,2,Percentuale,2007,0.0022047753759877,0.0027067194060426,0.0017772598392089
1,Intera Popolazione,5,Prevalenza,214,Nigeria,2,Femmine,22,Tutte le età,561,Disturbi da consumo di stupefacenti,2,Percentuale,2007,0.0017890979471335,0.0021241701968924,0.0014947377264241
1,Intera Popolazione,5,Prevalenza,6,Cina,1,Maschi,22,Tutte le età,561,Disturbi da consumo di stupefacenti,2,Percentuale,2006,0.0083991458499187,0.0099877431102075,0.0070915517274162
1,Intera Popolazione,5,Prevalenza,6,Cina,2,Femmine,22,Tutte le età,561,Disturbi da consumo di stupefacenti,2,Percentuale,2006,0.0064575696209326,0.0076099917281294,0.0054371457203438
1,Intera Popolazione,5,Prevalenza,130,Messico,1,Maschi,22,Tutte le età,561,Disturbi da consumo di stupefacenti,2,Percentuale,2007,0.0060589408270854,0.0070575630760812,0.0051325266827172
1,Intera Popolazione,5,Prevalenza,130,Messico,2,Femmine,22,Tutte le età,561,Disturbi da consumo di stupefacenti,2,Percentuale,2007,0.0046198692626922,0.0053160180076928,0.0039275568118138
1,Intera Popolazione,5,Prevalenza,199,Africa Subsahariana Occidentale,1,Maschi,22,Tutte le età,561,Disturbi da consumo di stupefacenti,2,Percentuale,2005,0.002401576256941,0.002987606934172,0.0018892716940263
1,Intera Popolazione,5,Prevalenza,199,Africa Subsahariana Occidentale,2,Femmine,22,Tutte le età,561,Disturbi da consumo di stupefacenti,2,Percentuale,2005,0.0018899771211452,0.0022661254949442,0.0015703136625924
1,Intera Popolazione,5,Prevalenza,92,Spagna,1,Maschi,22,Tutte le età,561,Disturbi da consumo di stupefacenti,2,Percentuale,2012,0.0179755741950163,0.0187122581001282,0.0171313590072114
1,Intera Popolazione,5,Prevalenza,92,Spagna,2,Femmine,22,Tutte le età,561,Disturbi da consumo di stupefacenti,2,Percentuale,2012,0.0084946162349518,0.0089363196153516,0.0081299534470724
1,Intera Popolazione,5,Prevalenza,81,Germania,1,Maschi,22,Tutte le età,561,Disturbi da consumo di stupefacenti,2,Percentuale,2012,0.0117048977763869,0.0125556895958215,0.0109535912808058
1,Intera Popolazione,5,Prevalenza,81,Germania,2,Femmine,22,Tutte le età,561,Disturbi da consumo di stupefacenti,2,Percentuale,2012,0.0052215563386045,0.0056241468764207,0.0048125325781537
1,Intera Popolazione,5,Prevalenza,101,Canada,1,Maschi,22,Tutte le età,561,Disturbi da consumo di stupefacenti,2,Percentuale,1999,0.0260516334205295,0.0288830905087285,0.0234339475493367
1,Intera Popolazione,5,Prevalenza,101,Canada,2,Femmine,22,Tutte le età,561,Disturbi da consumo di stupefacenti,2,Percentuale,1999,0.0176352517651058,0.0190578705778553,0.0161350467482075
1,Intera Popolazione,5,Prevalenza,56,Europa Orientale,1,Maschi,22,Tutte le età,561,Disturbi da consumo di stupefacenti,2,Percentuale,2000,0.0197605038511604,0.0223760070109036,0.0172550523359991
1,Intera Popolazione,5,Prevalenza,56,Europa Orientale,2,Femmine,22,Tutte le età,561,Disturbi da consumo di stupefacenti,2,Percentuale,2000,0.008645040947964,0.0098089609526663,0.0075398892350801
1,Intera Popolazione,5,Prevalenza,135,Brasile,1,Maschi,22,Tutte le età,561,Disturbi da consumo di stupefacenti,2,Percentuale,2000,0.0121526967216694,0.0145856813392848,0.0099875173180903
1,Intera Popolazione,5,Prevalenza,135,Brasile,2,Femmine,22,Tutte le età,561,Disturbi da consumo di stupefacenti,2,Percentuale,2000,0.0081563915339375,0.0096219661340867,0.0067712943266884
1,Intera Popolazione,5,Prevalenza,102,Stati Uniti d'America,1,Maschi,22,Tutte le età,561,Disturbi da consumo di stupefacenti,2,Percentuale,2008,0.0304561500065277,0.0347922534328048,0.0268560325070092
1,Intera Popolazione,5,Prevalenza,102,Stati Uniti d'America,2,Femmine,22,Tutte le età,561,Disturbi da consumo di stupefacenti,2,Percentuale,2008,0.0168688046251969,0.0194567665184864,0.0147631773957856
1,Intera Popolazione,5,Prevalenza,130,Messico,1,Maschi,22,Tutte le età,561,Disturbi da consumo di stupefacenti,2,Percentuale,2008,0.006161735000891,0.0071409427656596,0.0052063347944776
1,Intera Popolazione,5,Prevalenza,130,Messico,2,Femmine,22,Tutte le età,561,Disturbi da consumo di stupefacenti,2,Percentuale,2008,0.0046004849895988,0.0052986525754802,0.0038986448014973
1,Intera Popolazione,5,Prevalenza,102,Stati Uniti d'America,1,Maschi,22,Tutte le età,561,Disturbi da consumo di stupefacenti,2,Percentuale,2007,0.0298573958543395,0.0341034646762734,0.0262962920857061
1,Intera Popolazione,5,Prevalenza,102,Stati Uniti d'America,2,Femmine,22,Tutte le età,561,Disturbi da consumo di stupefacenti,2,Percentuale,2007,0.0163157919268114,0.0188752627410222,0.0142342320897293
1,Intera Popolazione,5,Prevalenza,95,Regno Unito,1,Maschi,22,Tutte le età,561,Disturbi da consumo di stupefacenti,2,Percentuale,2006,0.0261860479491626,0.0307474046471808,0.0223332910408913
1,Intera Popolazione,5,Prevalenza,95,Regno Unito,2,Femmine,22,Tutte le età,561,Disturbi da consumo di stupefacenti,2,Percentuale,2006,0.0130592452929992,0.0157219315293333,0.0112333064204112
1,Intera Popolazione,5,Prevalenza,67,Giappone,1,Maschi,22,Tutte le età,561,Disturbi da consumo di stupefacenti,2,Percentuale,2006,0.0083429419208613,0.0098291335044407,0.006781278190914
1,Intera Popolazione,5,Prevalenza,67,Giappone,2,Femmine,22,Tutte le età,561,Disturbi da consumo di stupefacenti,2,Percentuale,2006,0.006152972767929,0.0072595074705607,0.0051390919751433
1,Intera Popolazione,5,Prevalenza,67,Giappone,1,Maschi,22,Tutte le età,561,Disturbi da consumo di stupefacenti,2,Percentuale,2003,0.0086504190012853,0.0101877869327388,0.007009139985646
1,Intera Popolazione,5,Prevalenza,67,Giappone,2,Femmine,22,Tutte le età,561,Disturbi da consumo di stupefacenti,2,Percentuale,2003,0.0063599009975659,0.0075461349375688,0.0052833639663358
1,Intera Popolazione,5,Prevalenza,174,Africa Subsahariana Orientale,1,Maschi,22,Tutte le età,561,Disturbi da consumo di stupefacenti,2,Percentuale,2006,0.0037186552172542,0.0050976931794346,0.0027965502598927
1,Intera Popolazione,5,Prevalenza,174,Africa Subsahariana Orientale,2,Femmine,22,Tutte le età,561,Disturbi da consumo di stupefacenti,2,Percentuale,2006,0.0022505532644192,0.0028589502135883,0.001795501288521
1,Intera Popolazione,5,Prevalenza,174,Africa Subsahariana Orientale,1,Maschi,22,Tutte le età,561,Disturbi da consumo di stupefacenti,2,Percentuale,2005,0.0037064065218988,0.0050792774275339,0.0027881578085501
1,Intera Popolazione,5,Prevalenza,174,Africa Subsahariana Orientale,2,Femmine,22,Tutte le età,561,Disturbi da consumo di stupefacenti,2,Percentuale,2005,0.0022466608893546,0.0028539427606494,0.0017957593878578
1,Intera Popolazione,5,Prevalenza,6,Cina,1,Maschi,22,Tutte le età,561,Disturbi da consumo di stupefacenti,2,Percentuale,2008,0.0074638944821899,0.0088777394221671,0.0062335695752376
1,Intera Popolazione,5,Prevalenza,6,Cina,2,Femmine,22,Tutte le età,561,Disturbi da consumo di stupefacenti,2,Percentuale,2008,0.0058832959049502,0.0069416259081465,0.0049135065423035
1,Intera Popolazione,5,Prevalenza,214,Nigeria,1,Maschi,22,Tutte le età,561,Disturbi da consumo di stupefacenti,2,Percentuale,2008,0.0021961768032707,0.0026957370406282,0.0017690518557503
1,Intera Popolazione,5,Prevalenza,214,Nigeria,2,Femmine,22,Tutte le età,561,Disturbi da consumo di stupefacenti,2,Percentuale,2008,0.0017802321990204,0.0021102438819926,0.0014863750452846
1,Intera Popolazione,5,Prevalenza,130,Messico,1,Maschi,22,Tutte le età,561,Disturbi da consumo di stupefacenti,2,Percentuale,2009,0.0062511612702745,0.0072337031045058,0.005282859030426
1,Intera Popolazione,5,Prevalenza,130,Messico,2,Femmine,22,Tutte le età,561,Disturbi da consumo di stupefacenti,2,Percentuale,2009,0.0045882925346792,0.0052714668691044,0.0039037411798278
1,Intera Popolazione,5,Prevalenza,102,Stati Uniti d'America,1,Maschi,22,Tutte le età,561,Disturbi da consumo di stupefacenti,2,Percentuale,2009,0.0310670793215717,0.0355069549623972,0.027431673804211
1,Intera Popolazione,5,Prevalenza,102,Stati Uniti d'America,2,Femmine,22,Tutte le età,561,Disturbi da consumo di stupefacenti,2,Percentuale,2009,0.0174869746537655,0.0201375250302175,0.015368259695957
1,Intera Popolazione,5,Prevalenza,167,Africa Subsahariana Centrale,1,Maschi,22,Tutte le età,561,Disturbi da consumo di stupefacenti,2,Percentuale,2000,0.0032444292430547,0.004381288581144,0.0023597752198951
1,Intera Popolazione,5,Prevalenza,167,Africa Subsahariana Centrale,2,Femmine,22,Tutte le età,561,Disturbi da consumo di stupefacenti,2,Percentuale,2000,0.0019647430967474,0.0024292577467016,0.0015727064499502
1,Intera Popolazione,5,Prevalenza,68,Repubblica di Corea,1,Maschi,22,Tutte le età,561,Disturbi da consumo di stupefacenti,2,Percentuale,2009,0.0104409769150744,0.0127900461047979,0.0082014127536116
1,Intera Popolazione,5,Prevalenza,68,Repubblica di Corea,2,Femmine,22,Tutte le età,561,Disturbi da consumo di stupefacenti,2,Percentuale,2009,0.0075388191830423,0.0093917548185738,0.005962931818166
1,Intera Popolazione,5,Prevalenza,101,Canada,1,Maschi,22,Tutte le età,561,Disturbi da consumo di stupefacenti,2,Percentuale,2000,0.0259864671600419,0.0288819746776961,0.0231594467990602
1,Intera Popolazione,5,Prevalenza,101,Canada,2,Femmine,22,Tutte le età,561,Disturbi da consumo di stupefacenti,2,Percentuale,2000,0.0175442162666052,0.018987002958813,0.0159732935521152
1,Intera Popolazione,5,Prevalenza,86,Italia,1,Maschi,22,Tutte le età,561,Disturbi da consumo di stupefacenti,2,Percentuale,2000,0.0152335294043848,0.0184855014948589,0.0126090253300923
1,Intera Popolazione,5,Prevalenza,86,Italia,2,Femmine,22,Tutte le età,561,Disturbi da consumo di stupefacenti,2,Percentuale,2000,0.0079844150937803,0.0095736565977847,0.006674786512491
1,Intera Popolazione,5,Prevalenza,192,Africa Subsahariana Meridionale,1,Maschi,22,Tutte le età,561,Disturbi da consumo di stupefacenti,2,Percentuale,2000,0.0093328299126955,0.0113914623972362,0.0076687815275551
1,Intera Popolazione,5,Prevalenza,192,Africa Subsahariana Meridionale,2,Femmine,22,Tutte le età,561,Disturbi da consumo di stupefacenti,2,Percentuale,2000,0.0061243614578784,0.0070329414847292,0.0052667758349785
1,Intera Popolazione,5,Prevalenza,167,Africa Subsahariana Centrale,1,Maschi,22,Tutte le età,561,Disturbi da consumo di stupefacenti,2,Percentuale,1997,0.0032327516126181,0.0043606468745736,0.0023475092535433
1,Intera Popolazione,5,Prevalenza,167,Africa Subsahariana Centrale,2,Femmine,22,Tutte le età,561,Disturbi da consumo di stupefacenti,2,Percentuale,1997,0.0019536304065664,0.0024052063708348,0.0015579948104429
1,Intera Popolazione,5,Prevalenza,71,Australia,1,Maschi,22,Tutte le età,561,Disturbi da consumo di stupefacenti,2,Percentuale,2000,0.0300430964478452,0.0323664992427282,0.0278712785805383
1,Intera Popolazione,5,Prevalenza,71,Australia,2,Femmine,22,Tutte le età,561,Disturbi da consumo di stupefacenti,2,Percentuale,2000,0.0170804095785154,0.0185106388617908,0.0157201462136455
1,Intera Popolazione,5,Prevalenza,11,Indonesia,1,Maschi,22,Tutte le età,561,Disturbi da consumo di stupefacenti,2,Percentuale,2000,0.0052224153972325,0.006537284830396,0.0040036740241472
1,Intera Popolazione,5,Prevalenza,11,Indonesia,2,Femmine,22,Tutte le età,561,Disturbi da consumo di stupefacenti,2,Percentuale,2000,0.0047767280983342,0.0060869470363991,0.0037673396079651
1,Intera Popolazione,5,Prevalenza,163,India,1,Maschi,22,Tutte le età,561,Disturbi da consumo di stupefacenti,2,Percentuale,2000,0.0050170565452376,0.0061970397214395,0.0039989231847217
1,Intera Popolazione,5,Prevalenza,163,India,2,Femmine,22,Tutte le età,561,Disturbi da consumo di stupefacenti,2,Percentuale,2000,0.0027117204821973,0.0032236446535539,0.0021885860514566
1,Intera Popolazione,5,Prevalenza,6,Cina,1,Maschi,22,Tutte le età,561,Disturbi da consumo di stupefacenti,2,Percentuale,2009,0.0070803654292759,0.0084201991059446,0.0059028596516591
1,Intera Popolazione,5,Prevalenza,6,Cina,2,Femmine,22,Tutte le età,561,Disturbi da consumo di stupefacenti,2,Percentuale,2009,0.0056406528963815,0.0066704648357422,0.0047021590969593
1,Intera Popolazione,5,Prevalenza,102,Stati Uniti d'America,1,Maschi,22,Tutte le età,561,Disturbi da consumo di stupefacenti,2,Percentuale,2010,0.031610431185318,0.0361236639357128,0.0279863063096095
1,Intera Popolazione,5,Prevalenza,102,Stati Uniti d'America,2,Femmine,22,Tutte le età,561,Disturbi da consumo di stupefacenti,2,Percentuale,2010,0.0180983966576802,0.0207783162354994,0.0159929896217717
1,Intera Popolazione,5,Prevalenza,71,Australia,1,Maschi,22,Tutte le età,561,Disturbi da consumo di stupefacenti,2,Percentuale,2001,0.0296707763316739,0.0318608936637132,0.0275300930616951
1,Intera Popolazione,5,Prevalenza,71,Australia,2,Femmine,22,Tutte le età,561,Disturbi da consumo di stupefacenti,2,Percentuale,2001,0.0169180372709646,0.0182935060840194,0.0156617733013019
1,Intera Popolazione,5,Prevalenza,130,Messico,1,Maschi,22,Tutte le età,561,Disturbi da consumo di stupefacenti,2,Percentuale,2010,0.006300488671848,0.0073088660022614,0.0052971033417679
1,Intera Popolazione,5,Prevalenza,130,Messico,2,Femmine,22,Tutte le età,561,Disturbi da consumo di stupefacenti,2,Percentuale,2010,0.0045909883621512,0.0052488664227925,0.0039023463453725
1,Intera Popolazione,5,Prevalenza,80,Francia,1,Maschi,22,Tutte le età,561,Disturbi da consumo di stupefacenti,2,Percentuale,2006,0.013853713064403,0.0154785328516991,0.0123931794771612
1,Intera Popolazione,5,Prevalenza,80,Francia,2,Femmine,22,Tutte le età,561,Disturbi da consumo di stupefacenti,2,Percentuale,2006,0.0074838422285161,0.0083266319079045,0.0067032767381115
1,Intera Popolazione,5,Prevalenza,142,Iran (Repubblica Islamica dell'),1,Maschi,22,Tutte le età,561,Disturbi da consumo di stupefacenti,2,Percentuale,2006,0.0146856139006092,0.0167678709960859,0.012807262353808
1,Intera Popolazione,5,Prevalenza,142,Iran (Repubblica Islamica dell'),2,Femmine,22,Tutte le età,561,Disturbi da consumo di stupefacenti,2,Percentuale,2006,0.0054042925553743,0.0062122953501154,0.0047299615812826
1,Intera Popolazione,5,Prevalenza,6,Cina,1,Maschi,22,Tutte le età,561,Disturbi da consumo di stupefacenti,2,Percentuale,2010,0.006885539681746,0.0082075130849953,0.0057391812419238
1,Intera Popolazione,5,Prevalenza,6,Cina,2,Femmine,22,Tutte le età,561,Disturbi da consumo di stupefacenti,2,Percentuale,2010,0.0055087917027861,0.0065270322507172,0.0046059260333228
1,Intera Popolazione,5,Prevalenza,68,Repubblica di Corea,1,Maschi,22,Tutte le età,561,Disturbi da consumo di stupefacenti,2,Percentuale,2010,0.0103928898074783,0.0127145650768183,0.0081889345416606
1,Intera Popolazione,5,Prevalenza,68,Repubblica di Corea,2,Femmine,22,Tutte le età,561,Disturbi da consumo di stupefacenti,2,Percentuale,2010,0.0074785592791051,0.0093150717938995,0.005908786501453
1,Intera Popolazione,5,Prevalenza,214,Nigeria,1,Maschi,22,Tutte le età,561,Disturbi da consumo di stupefacenti,2,Percentuale,2009,0.0021865833920533,0.0026836053042931,0.0017594846532118
1,Intera Popolazione,5,Prevalenza,214,Nigeria,2,Femmine,22,Tutte le età,561,Disturbi da consumo di stupefacenti,2,Percentuale,2009,0.0017707907481736,0.0020967953742993,0.0014774951575806
1,Intera Popolazione,5,Prevalenza,199,Africa Subsahariana Occidentale,1,Maschi,22,Tutte le età,561,Disturbi da consumo di stupefacenti,2,Percentuale,2006,0.0024004517219006,0.0029842283513855,0.0018891347611428
1,Intera Popolazione,5,Prevalenza,199,Africa Subsahariana Occidentale,2,Femmine,22,Tutte le età,561,Disturbi da consumo di stupefacenti,2,Percentuale,2006,0.0018892565657456,0.002263708380002,0.0015701860612728
1,Intera Popolazione,5,Prevalenza,11,Indonesia,1,Maschi,22,Tutte le età,561,Disturbi da consumo di stupefacenti,2,Percentuale,2001,0.0052266390370009,0.0065370181442059,0.0040162278905783
1,Intera Popolazione,5,Prevalenza,11,Indonesia,2,Femmine,22,Tutte le età,561,Disturbi da consumo di stupefacenti,2,Percentuale,2001,0.004769420236636,0.0060673282796884,0.0037715617177631
1,Intera Popolazione,5,Prevalenza,81,Germania,1,Maschi,22,Tutte le età,561,Disturbi da consumo di stupefacenti,2,Percentuale,2013,0.0118236573176267,0.0127640829451521,0.0110138766141509
1,Intera Popolazione,5,Prevalenza,81,Germania,2,Femmine,22,Tutte le età,561,Disturbi da consumo di stupefacenti,2,Percentuale,2013,0.005217438810836,0.0056199442564566,0.0047910824021001
1,Intera Popolazione,5,Prevalenza,135,Brasile,1,Maschi,22,Tutte le età,561,Disturbi da consumo di stupefacenti,2,Percentuale,2001,0.0122440061416128,0.014638706838187,0.0100563715719955
1,Intera Popolazione,5,Prevalenza,135,Brasile,2,Femmine,22,Tutte le età,561,Disturbi da consumo di stupefacenti,2,Percentuale,2001,0.0081608777647728,0.009602489142765,0.0067878446244231
1,Intera Popolazione,5,Prevalenza,163,India,1,Maschi,22,Tutte le età,561,Disturbi da consumo di stupefacenti,2,Percentuale,2001,0.0050313332566839,0.0062158255964098,0.0040070586048202
1,Intera Popolazione,5,Prevalenza,163,India,2,Femmine,22,Tutte le età,561,Disturbi da consumo di stupefacenti,2,Percentuale,2001,0.0027125980597854,0.0032250866146468,0.0021902024366585
1,Intera Popolazione,5,Prevalenza,86,Italia,1,Maschi,22,Tutte le età,561,Disturbi da consumo di stupefacenti,2,Percentuale,2001,0.0151109387280262,0.0183207008958187,0.0124819715195768
1,Intera Popolazione,5,Prevalenza,86,Italia,2,Femmine,22,Tutte le età,561,Disturbi da consumo di stupefacenti,2,Percentuale,2001,0.0079565508180879,0.0095130598013358,0.0066438272389708
1,Intera Popolazione,5,Prevalenza,56,Europa Orientale,1,Maschi,22,Tutte le età,561,Disturbi da consumo di stupefacenti,2,Percentuale,2001,0.0200882151876656,0.0227309951844791,0.0176169744710845
1,Intera Popolazione,5,Prevalenza,56,Europa Orientale,2,Femmine,22,Tutte le età,561,Disturbi da consumo di stupefacenti,2,Percentuale,2001,0.0087388064081307,0.0099209176364272,0.0076193991725691
1,Intera Popolazione,5,Prevalenza,101,Canada,1,Maschi,22,Tutte le età,561,Disturbi da consumo di stupefacenti,2,Percentuale,2001,0.0259432225248229,0.0287215500463976,0.0231922354143708
1,Intera Popolazione,5,Prevalenza,101,Canada,2,Femmine,22,Tutte le età,561,Disturbi da consumo di stupefacenti,2,Percentuale,2001,0.0175047778011987,0.0189301656271742,0.0160751186025477
1,Intera Popolazione,5,Prevalenza,199,Africa Subsahariana Occidentale,1,Maschi,22,Tutte le età,561,Disturbi da consumo di stupefacenti,2,Percentuale,2007,0.0023996920897598,0.0029811124530578,0.0018891072823915
1,Intera Popolazione,5,Prevalenza,199,Africa Subsahariana Occidentale,2,Femmine,22,Tutte le età,561,Disturbi da consumo di stupefacenti,2,Percentuale,2007,0.0018879686261998,0.0022597907649825,0.0015695087476985
1,Intera Popolazione,5,Prevalenza,67,Giappone,1,Maschi,22,Tutte le età,561,Disturbi da consumo di stupefacenti,2,Percentuale,2007,0.0082488329009055,0.0097062136102776,0.0067125241170479
1,Intera Popolazione,5,Prevalenza,67,Giappone,2,Femmine,22,Tutte le età,561,Disturbi da consumo di stupefacenti,2,Percentuale,2007,0.0060755268429832,0.0071614200132231,0.0050805586706461
1,Intera Popolazione,5,Prevalenza,80,Francia,1,Maschi,22,Tutte le età,561,Disturbi da consumo di stupefacenti,2,Percentuale,2007,0.0141198426886024,0.0157447683265643,0.012627035202122
1,Intera Popolazione,5,Prevalenza,80,Francia,2,Femmine,22,Tutte le età,561,Disturbi da consumo di stupefacenti,2,Percentuale,2007,0.0075032022731726,0.0083383310024858,0.0067361201386794
1,Intera Popolazione,5,Prevalenza,102,Stati Uniti d'America,1,Maschi,22,Tutte le età,561,Disturbi da consumo di stupefacenti,2,Percentuale,2011,0.0321898422430264,0.0367291376566466,0.0285325960041446
1,Intera Popolazione,5,Prevalenza,102,Stati Uniti d'America,2,Femmine,22,Tutte le età,561,Disturbi da consumo di stupefacenti,2,Percentuale,2011,0.0189296644716204,0.0216029008079662,0.0168064044613339
1,Intera Popolazione,5,Prevalenza,67,Giappone,1,Maschi,22,Tutte le età,561,Disturbi da consumo di stupefacenti,2,Percentuale,2008,0.008152988502873,0.0095837259542229,0.0066419869661763
1,Intera Popolazione,5,Prevalenza,67,Giappone,2,Femmine,22,Tutte le età,561,Disturbi da consumo di stupefacenti,2,Percentuale,2008,0.0059945681519251,0.0070688445408546,0.0050185090992025
1,Intera Popolazione,5,Prevalenza,142,Iran (Repubblica Islamica dell'),1,Maschi,22,Tutte le età,561,Disturbi da consumo di stupefacenti,2,Percentuale,2008,0.0151322394918359,0.0172791974673079,0.0133104341430844
1,Intera Popolazione,5,Prevalenza,142,Iran (Repubblica Islamica dell'),2,Femmine,22,Tutte le età,561,Disturbi da consumo di stupefacenti,2,Percentuale,2008,0.0053494259140859,0.0061540203571421,0.0047093752158219
1,Intera Popolazione,5,Prevalenza,92,Spagna,1,Maschi,22,Tutte le età,561,Disturbi da consumo di stupefacenti,2,Percentuale,2013,0.0177531638401786,0.0185728455325352,0.0168538317992385
1,Intera Popolazione,5,Prevalenza,92,Spagna,2,Femmine,22,Tutte le età,561,Disturbi da consumo di stupefacenti,2,Percentuale,2013,0.0084366584645251,0.008893065047364,0.0080606795104256
1,Intera Popolazione,5,Prevalenza,214,Nigeria,1,Maschi,22,Tutte le età,561,Disturbi da consumo di stupefacenti,2,Percentuale,2010,0.0021752769895141,0.0026697744608074,0.0017482543830014
1,Intera Popolazione,5,Prevalenza,214,Nigeria,2,Femmine,22,Tutte le età,561,Disturbi da consumo di stupefacenti,2,Percentuale,2010,0.0017606322549045,0.0020834600267323,0.0014703927243443
1,Intera Popolazione,5,Prevalenza,6,Cina,1,Maschi,22,Tutte le età,561,Disturbi da consumo di stupefacenti,2,Percentuale,2011,0.0068099754819656,0.008112513274969,0.0056616879188528
1,Intera Popolazione,5,Prevalenza,6,Cina,2,Femmine,22,Tutte le età,561,Disturbi da consumo di stupefacenti,2,Percentuale,2011,0.005445858711943,0.0064495434070273,0.0045508997653577
1,Intera Popolazione,5,Prevalenza,196,Sudafrica,1,Maschi,22,Tutte le età,561,Disturbi da consumo di stupefacenti,2,Percentuale,2001,0.010957475836115,0.012968654729855,0.009130440746023
1,Intera Popolazione,5,Prevalenza,196,Sudafrica,2,Femmine,22,Tutte le età,561,Disturbi da consumo di stupefacenti,2,Percentuale,2001,0.0073549980166406,0.0083484793345511,0.0063470549086496
1,Intera Popolazione,5,Prevalenza,192,Africa Subsahariana Meridionale,1,Maschi,22,Tutte le età,561,Disturbi da consumo di stupefacenti,2,Percentuale,2001,0.0094433084144371,0.0115205126205545,0.0077696482256272
1,Intera Popolazione,5,Prevalenza,192,Africa Subsahariana Meridionale,2,Femmine,22,Tutte le età,561,Disturbi da consumo di stupefacenti,2,Percentuale,2001,0.006174314307547,0.0070854381825643,0.0053080004078046
1,Intera Popolazione,5,Prevalenza,174,Africa Subsahariana Orientale,1,Maschi,22,Tutte le età,561,Disturbi da consumo di stupefacenti,2,Percentuale,2007,0.003741407498375,0.0051336109490529,0.0028122423052703
1,Intera Popolazione,5,Prevalenza,174,Africa Subsahariana Orientale,2,Femmine,22,Tutte le età,561,Disturbi da consumo di stupefacenti,2,Percentuale,2007,0.0022579666199679,0.0028706723234977,0.0017970050509021
1,Intera Popolazione,5,Prevalenza,95,Regno Unito,1,Maschi,22,Tutte le età,561,Disturbi da consumo di stupefacenti,2,Percentuale,2007,0.0265550055842423,0.0309366618413606,0.0227006063192516
1,Intera Popolazione,5,Prevalenza,95,Regno Unito,2,Femmine,22,Tutte le età,561,Disturbi da consumo di stupefacenti,2,Percentuale,2007,0.0132071200597326,0.0159589293894901,0.0114085088445519
1,Intera Popolazione,5,Prevalenza,80,Francia,1,Maschi,22,Tutte le età,561,Disturbi da consumo di stupefacenti,2,Percentuale,2008,0.0143736190580135,0.0160358265939063,0.0128446867816903
1,Intera Popolazione,5,Prevalenza,80,Francia,2,Femmine,22,Tutte le età,561,Disturbi da consumo di stupefacenti,2,Percentuale,2008,0.0075127721077473,0.0083231155882468,0.0067546854255002
1,Intera Popolazione,5,Prevalenza,142,Iran (Repubblica Islamica dell'),1,Maschi,22,Tutte le età,561,Disturbi da consumo di stupefacenti,2,Percentuale,2007,0.0149421292452324,0.0170566744239774,0.0130879521405358
1,Intera Popolazione,5,Prevalenza,142,Iran (Repubblica Islamica dell'),2,Femmine,22,Tutte le età,561,Disturbi da consumo di stupefacenti,2,Percentuale,2007,0.0053983748724734,0.006197224464917,0.0047334500475437
1,Intera Popolazione,5,Prevalenza,68,Repubblica di Corea,1,Maschi,22,Tutte le età,561,Disturbi da consumo di stupefacenti,2,Percentuale,2011,0.0103336771297837,0.0126474047465192,0.0081294536064179
1,Intera Popolazione,5,Prevalenza,68,Repubblica di Corea,2,Femmine,22,Tutte le età,561,Disturbi da consumo di stupefacenti,2,Percentuale,2011,0.0074201953184702,0.009242881573316,0.0058680816113192
1,Intera Popolazione,5,Prevalenza,6,Cina,1,Maschi,22,Tutte le età,561,Disturbi da consumo di stupefacenti,2,Percentuale,2012,0.0067227864100447,0.0080029680432689,0.0055817033267521
1,Intera Popolazione,5,Prevalenza,6,Cina,2,Femmine,22,Tutte le età,561,Disturbi da consumo di stupefacenti,2,Percentuale,2012,0.005369414007894,0.0063510563101468,0.0044867540347728
1,Intera Popolazione,5,Prevalenza,81,Germania,1,Maschi,22,Tutte le età,561,Disturbi da consumo di stupefacenti,2,Percentuale,2014,0.0119258015927616,0.0129070382045152,0.0110519064734783
1,Intera Popolazione,5,Prevalenza,81,Germania,2,Femmine,22,Tutte le età,561,Disturbi da consumo di stupefacenti,2,Percentuale,2014,0.0052214102294049,0.0056374910785014,0.0047750385239343
1,Intera Popolazione,5,Prevalenza,92,Spagna,1,Maschi,22,Tutte le età,561,Disturbi da consumo di stupefacenti,2,Percentuale,2014,0.0175718223281395,0.0184811276211647,0.0166500970371974
1,Intera Popolazione,5,Prevalenza,92,Spagna,2,Femmine,22,Tutte le età,561,Disturbi da consumo di stupefacenti,2,Percentuale,2014,0.0083927603292003,0.0089016127477068,0.0080136451654557
1,Intera Popolazione,5,Prevalenza,174,Africa Subsahariana Orientale,1,Maschi,22,Tutte le età,561,Disturbi da consumo di stupefacenti,2,Percentuale,2008,0.003768943164604,0.0051776858716353,0.0028308821877424
1,Intera Popolazione,5,Prevalenza,174,Africa Subsahariana Orientale,2,Femmine,22,Tutte le età,561,Disturbi da consumo di stupefacenti,2,Percentuale,2008,0.0022670695414635,0.0028856110538027,0.0017992897337241
1,Intera Popolazione,5,Prevalenza,196,Sudafrica,1,Maschi,22,Tutte le età,561,Disturbi da consumo di stupefacenti,2,Percentuale,1998,0.0106342849378754,0.0125086731729156,0.0088005263193481
1,Intera Popolazione,5,Prevalenza,196,Sudafrica,2,Femmine,22,Tutte le età,561,Disturbi da consumo di stupefacenti,2,Percentuale,1998,0.0071335728378696,0.0081331916742995,0.0061959567325939
1,Intera Popolazione,5,Prevalenza,192,Africa Subsahariana Meridionale,1,Maschi,22,Tutte le età,561,Disturbi da consumo di stupefacenti,2,Percentuale,2002,0.0095895145017733,0.0116808254939843,0.0078961716941229
1,Intera Popolazione,5,Prevalenza,192,Africa Subsahariana Meridionale,2,Femmine,22,Tutte le età,561,Disturbi da consumo di stupefacenti,2,Percentuale,2002,0.0062328837095873,0.0071419224691329,0.0053591270282388
1,Intera Popolazione,5,Prevalenza,135,Brasile,1,Maschi,22,Tutte le età,561,Disturbi da consumo di stupefacenti,2,Percentuale,2002,0.0123287714099833,0.0146807265623264,0.0101184089555724
1,Intera Popolazione,5,Prevalenza,135,Brasile,2,Femmine,22,Tutte le età,561,Disturbi da consumo di stupefacenti,2,Percentuale,2002,0.008160216753917,0.0095760653901128,0.0067989362771284
1,Intera Popolazione,5,Prevalenza,11,Indonesia,1,Maschi,22,Tutte le età,561,Disturbi da consumo di stupefacenti,2,Percentuale,2002,0.0052244093191525,0.0065272253298594,0.0040224687825115
1,Intera Popolazione,5,Prevalenza,11,Indonesia,2,Femmine,22,Tutte le età,561,Disturbi da consumo di stupefacenti,2,Percentuale,2002,0.0047523417838249,0.0060362735614369,0.0037657119813923
1,Intera Popolazione,5,Prevalenza,163,India,1,Maschi,22,Tutte le età,561,Disturbi da consumo di stupefacenti,2,Percentuale,2002,0.0050298749612543,0.0062164457386042,0.0040006264352929
1,Intera Popolazione,5,Prevalenza,163,India,2,Femmine,22,Tutte le età,561,Disturbi da consumo di stupefacenti,2,Percentuale,2002,0.0026975008489578,0.0032100406587619,0.0021785779026069
1,Intera Popolazione,5,Prevalenza,101,Canada,1,Maschi,22,Tutte le età,561,Disturbi da consumo di stupefacenti,2,Percentuale,2002,0.0259010579179395,0.0286241267805787,0.0232348253602584
1,Intera Popolazione,5,Prevalenza,101,Canada,2,Femmine,22,Tutte le età,561,Disturbi da consumo di stupefacenti,2,Percentuale,2002,0.0174812077019555,0.0189010800760176,0.0161429418483928
1,Intera Popolazione,5,Prevalenza,199,Africa Subsahariana Occidentale,1,Maschi,22,Tutte le età,561,Disturbi da consumo di stupefacenti,2,Percentuale,2008,0.0023988640397276,0.0029780910218285,0.001888695277775
1,Intera Popolazione,5,Prevalenza,199,Africa Subsahariana Occidentale,2,Femmine,22,Tutte le età,561,Disturbi da consumo di stupefacenti,2,Percentuale,2008,0.0018860402409503,0.0022552168146351,0.0015682167748568
1,Intera Popolazione,5,Prevalenza,130,Messico,1,Maschi,22,Tutte le età,561,Disturbi da consumo di stupefacenti,2,Percentuale,2011,0.0063301987428782,0.0073276602715825,0.0053184238515345
1,Intera Popolazione,5,Prevalenza,130,Messico,2,Femmine,22,Tutte le età,561,Disturbi da consumo di stupefacenti,2,Percentuale,2011,0.0046158926615615,0.0052741348011529,0.0039195907909261
1,Intera Popolazione,5,Prevalenza,214,Nigeria,1,Maschi,22,Tutte le età,561,Disturbi da consumo di stupefacenti,2,Percentuale,2011,0.0021620957233721,0.0026534486264554,0.0017374606571462
1,Intera Popolazione,5,Prevalenza,214,Nigeria,2,Femmine,22,Tutte le età,561,Disturbi da consumo di stupefacenti,2,Percentuale,2011,0.0017479764585144,0.0020704411776415,0.0014581466483154
1,Intera Popolazione,5,Prevalenza,130,Messico,1,Maschi,22,Tutte le età,561,Disturbi da consumo di stupefacenti,2,Percentuale,2012,0.0063672307567863,0.0073575349648883,0.0053619576835945
1,Intera Popolazione,5,Prevalenza,130,Messico,2,Femmine,22,Tutte le età,561,Disturbi da consumo di stupefacenti,2,Percentuale,2012,0.0046506197143317,0.0053164344038756,0.003941874746545
1,Intera Popolazione,5,Prevalenza,92,Spagna,1,Maschi,22,Tutte le età,561,Disturbi da consumo di stupefacenti,2,Percentuale,2015,0.0173870459073407,0.018285068519904,0.0164295338111457
1,Intera Popolazione,5,Prevalenza,92,Spagna,2,Femmine,22,Tutte le età,561,Disturbi da consumo di stupefacenti,2,Percentuale,2015,0.0083483184232299,0.0088950317064101,0.0079220919955494
1,Intera Popolazione,5,Prevalenza,81,Germania,1,Maschi,22,Tutte le età,561,Disturbi da consumo di stupefacenti,2,Percentuale,2015,0.0119504153622612,0.012939047848722,0.0110166580291347
1,Intera Popolazione,5,Prevalenza,81,Germania,2,Femmine,22,Tutte le età,561,Disturbi da consumo di stupefacenti,2,Percentuale,2015,0.0052071350623941,0.0056477621338163,0.004740645434333
1,Intera Popolazione,5,Prevalenza,102,Stati Uniti d'America,1,Maschi,22,Tutte le età,561,Disturbi da consumo di stupefacenti,2,Percentuale,2012,0.0328625597280059,0.0374372614785279,0.0292398337117415
1,Intera Popolazione,5,Prevalenza,102,Stati Uniti d'America,2,Femmine,22,Tutte le età,561,Disturbi da consumo di stupefacenti,2,Percentuale,2012,0.020113150154357,0.0227987509676073,0.0179194446885151
1,Intera Popolazione,5,Prevalenza,95,Regno Unito,1,Maschi,22,Tutte le età,561,Disturbi da consumo di stupefacenti,2,Percentuale,2008,0.0268649573303702,0.0311493762471171,0.0230115961989789
1,Intera Popolazione,5,Prevalenza,95,Regno Unito,2,Femmine,22,Tutte le età,561,Disturbi da consumo di stupefacenti,2,Percentuale,2008,0.0133469964261233,0.0160149566904672,0.0115819373572972
1,Intera Popolazione,5,Prevalenza,67,Giappone,1,Maschi,22,Tutte le età,561,Disturbi da consumo di stupefacenti,2,Percentuale,2009,0.0080609257927726,0.0094708083426795,0.0065723779226494
1,Intera Popolazione,5,Prevalenza,67,Giappone,2,Femmine,22,Tutte le età,561,Disturbi da consumo di stupefacenti,2,Percentuale,2009,0.005920016718324,0.006987093398067,0.004960031604903
1,Intera Popolazione,5,Prevalenza,95,Regno Unito,1,Maschi,22,Tutte le età,561,Disturbi da consumo di stupefacenti,2,Percentuale,2009,0.0270670076745814,0.031333505200979,0.0232306031180348
1,Intera Popolazione,5,Prevalenza,95,Regno Unito,2,Femmine,22,Tutte le età,561,Disturbi da consumo di stupefacenti,2,Percentuale,2009,0.0134864764692012,0.0160421810963216,0.0117500258983326
1,Intera Popolazione,5,Prevalenza,56,Europa Orientale,1,Maschi,22,Tutte le età,561,Disturbi da consumo di stupefacenti,2,Percentuale,2002,0.020370765913454,0.0230339601383614,0.017928770123863
1,Intera Popolazione,5,Prevalenza,56,Europa Orientale,2,Femmine,22,Tutte le età,561,Disturbi da consumo di stupefacenti,2,Percentuale,2002,0.0088070930821263,0.010003092409837,0.0076745772598035
1,Intera Popolazione,5,Prevalenza,86,Italia,1,Maschi,22,Tutte le età,561,Disturbi da consumo di stupefacenti,2,Percentuale,2002,0.015103210542146,0.0182876039863003,0.0124944053546037
1,Intera Popolazione,5,Prevalenza,86,Italia,2,Femmine,22,Tutte le età,561,Disturbi da consumo di stupefacenti,2,Percentuale,2002,0.0079921888248735,0.0094882101144415,0.0066603237277896
1,Intera Popolazione,5,Prevalenza,71,Australia,1,Maschi,22,Tutte le età,561,Disturbi da consumo di stupefacenti,2,Percentuale,2002,0.0293192683698582,0.0315107948404937,0.0271951036311036
1,Intera Popolazione,5,Prevalenza,71,Australia,2,Femmine,22,Tutte le età,561,Disturbi da consumo di stupefacenti,2,Percentuale,2002,0.0167355094189673,0.0180577905777522,0.015561481507372
1,Intera Popolazione,5,Prevalenza,142,Iran (Repubblica Islamica dell'),1,Maschi,22,Tutte le età,561,Disturbi da consumo di stupefacenti,2,Percentuale,2009,0.01522427260976,0.0173803752712818,0.0134486466460645
1,Intera Popolazione,5,Prevalenza,142,Iran (Repubblica Islamica dell'),2,Femmine,22,Tutte le età,561,Disturbi da consumo di stupefacenti,2,Percentuale,2009,0.0052737481880488,0.0060846966047582,0.0046366412450679
1,Intera Popolazione,5,Prevalenza,68,Repubblica di Corea,1,Maschi,22,Tutte le età,561,Disturbi da consumo di stupefacenti,2,Percentuale,2012,0.0102620546213035,0.0125150494436445,0.0081169992208276
1,Intera Popolazione,5,Prevalenza,68,Repubblica di Corea,2,Femmine,22,Tutte le età,561,Disturbi da consumo di stupefacenti,2,Percentuale,2012,0.0073521344150499,0.0091507465060758,0.005822816254328
1,Intera Popolazione,5,Prevalenza,214,Nigeria,1,Maschi,22,Tutte le età,561,Disturbi da consumo di stupefacenti,2,Percentuale,2012,0.0021480588341393,0.0026362306287192,0.0017248789329934
1,Intera Popolazione,5,Prevalenza,214,Nigeria,2,Femmine,22,Tutte le età,561,Disturbi da consumo di stupefacenti,2,Percentuale,2012,0.0017325121491796,0.0020544169652195,0.0014462250535357
1,Intera Popolazione,5,Prevalenza,80,Francia,1,Maschi,22,Tutte le età,561,Disturbi da consumo di stupefacenti,2,Percentuale,2009,0.0145463897791529,0.0161770547651388,0.0129836542257805
1,Intera Popolazione,5,Prevalenza,80,Francia,2,Femmine,22,Tutte le età,561,Disturbi da consumo di stupefacenti,2,Percentuale,2009,0.007514227478379,0.0083020934944429,0.0067526906639319
1,Intera Popolazione,5,Prevalenza,6,Cina,1,Maschi,22,Tutte le età,561,Disturbi da consumo di stupefacenti,2,Percentuale,2013,0.0066219849119346,0.0078803477689734,0.0055078514298081
1,Intera Popolazione,5,Prevalenza,6,Cina,2,Femmine,22,Tutte le età,561,Disturbi da consumo di stupefacenti,2,Percentuale,2013,0.0052767924711733,0.0062436567548942,0.0044068010899438
1,Intera Popolazione,5,Prevalenza,167,Africa Subsahariana Centrale,1,Maschi,22,Tutte le età,561,Disturbi da consumo di stupefacenti,2,Percentuale,1999,0.0032389568106789,0.0043723560976695,0.0023549630915732
1,Intera Popolazione,5,Prevalenza,167,Africa Subsahariana Centrale,2,Femmine,22,Tutte le età,561,Disturbi da consumo di stupefacenti,2,Percentuale,1999,0.0019602235588259,0.0024196721218135,0.0015656804262889
1,Intera Popolazione,5,Prevalenza,67,Giappone,1,Maschi,22,Tutte le età,561,Disturbi da consumo di stupefacenti,2,Percentuale,2010,0.0079696760688517,0.0093615029868654,0.0065046078875661
1,Intera Popolazione,5,Prevalenza,67,Giappone,2,Femmine,22,Tutte le età,561,Disturbi da consumo di stupefacenti,2,Percentuale,2010,0.0058483719604629,0.0069110594438869,0.0048965405837759
1,Intera Popolazione,5,Prevalenza,199,Africa Subsahariana Occidentale,1,Maschi,22,Tutte le età,561,Disturbi da consumo di stupefacenti,2,Percentuale,2009,0.0023974141532366,0.0029746554534535,0.0018875195442747
1,Intera Popolazione,5,Prevalenza,199,Africa Subsahariana Occidentale,2,Femmine,22,Tutte le età,561,Disturbi da consumo di stupefacenti,2,Percentuale,2009,0.0018832399488356,0.002250198756993,0.0015661259436441
1,Intera Popolazione,5,Prevalenza,174,Africa Subsahariana Orientale,1,Maschi,22,Tutte le età,561,Disturbi da consumo di stupefacenti,2,Percentuale,2009,0.0037948272639955,0.0052191462329556,0.0028490922260931
1,Intera Popolazione,5,Prevalenza,174,Africa Subsahariana Orientale,2,Femmine,22,Tutte le età,561,Disturbi da consumo di stupefacenti,2,Percentuale,2009,0.0022759240802184,0.002899903866346,0.001801448355391
1,Intera Popolazione,5,Prevalenza,68,Repubblica di Corea,1,Maschi,22,Tutte le età,561,Disturbi da consumo di stupefacenti,2,Percentuale,2013,0.0101812149712736,0.0123865677656035,0.0080999344526513
1,Intera Popolazione,5,Prevalenza,68,Repubblica di Corea,2,Femmine,22,Tutte le età,561,Disturbi da consumo di stupefacenti,2,Percentuale,2013,0.0072821474386256,0.0090576958832349,0.0057762767861424
1,Intera Popolazione,5,Prevalenza,102,Stati Uniti d'America,1,Maschi,22,Tutte le età,561,Disturbi da consumo di stupefacenti,2,Percentuale,2013,0.0336267491237162,0.0383192204317446,0.0300312286773043
1,Intera Popolazione,5,Prevalenza,102,Stati Uniti d'America,2,Femmine,22,Tutte le età,561,Disturbi da consumo di stupefacenti,2,Percentuale,2013,0.0215173175676249,0.0242213656041179,0.0191897569385269
1,Intera Popolazione,5,Prevalenza,214,Nigeria,1,Maschi,22,Tutte le età,561,Disturbi da consumo di stupefacenti,2,Percentuale,2013,0.0021349896188559,0.0026203099718925,0.0017120100929143
1,Intera Popolazione,5,Prevalenza,214,Nigeria,2,Femmine,22,Tutte le età,561,Disturbi da consumo di stupefacenti,2,Percentuale,2013,0.001717102601407,0.0020393408011373,0.0014338629490427
1,Intera Popolazione,5,Prevalenza,130,Messico,1,Maschi,22,Tutte le età,561,Disturbi da consumo di stupefacenti,2,Percentuale,2013,0.0064035984551987,0.0073865248550842,0.0053868392006347
1,Intera Popolazione,5,Prevalenza,130,Messico,2,Femmine,22,Tutte le età,561,Disturbi da consumo di stupefacenti,2,Percentuale,2013,0.004684441519761,0.0053579535704052,0.0039621890922254
1,Intera Popolazione,5,Prevalenza,199,Africa Subsahariana Occidentale,1,Maschi,22,Tutte le età,561,Disturbi da consumo di stupefacenti,2,Percentuale,2010,0.0023948024828163,0.0029702602748506,0.0018847161352748
1,Intera Popolazione,5,Prevalenza,199,Africa Subsahariana Occidentale,2,Femmine,22,Tutte le età,561,Disturbi da consumo di stupefacenti,2,Percentuale,2010,0.0018792980375593,0.0022449256838353,0.0015630224278612
1,Intera Popolazione,5,Prevalenza,174,Africa Subsahariana Orientale,1,Maschi,22,Tutte le età,561,Disturbi da consumo di stupefacenti,2,Percentuale,2010,0.0038128910822873,0.0052453792019809,0.0028632962371637
1,Intera Popolazione,5,Prevalenza,174,Africa Subsahariana Orientale,2,Femmine,22,Tutte le età,561,Disturbi da consumo di stupefacenti,2,Percentuale,2010,0.0022828176820261,0.0029097145185691,0.001802835311801
1,Intera Popolazione,5,Prevalenza,142,Iran (Repubblica Islamica dell'),1,Maschi,22,Tutte le età,561,Disturbi da consumo di stupefacenti,2,Percentuale,2010,0.0152072050933162,0.0173417345129174,0.0134854288395148
1,Intera Popolazione,5,Prevalenza,142,Iran (Repubblica Islamica dell'),2,Femmine,22,Tutte le età,561,Disturbi da consumo di stupefacenti,2,Percentuale,2010,0.0051971423558977,0.0059970897200125,0.004563129892702
1,Intera Popolazione,5,Prevalenza,95,Regno Unito,1,Maschi,22,Tutte le età,561,Disturbi da consumo di stupefacenti,2,Percentuale,2010,0.027121917633665,0.0313919195494243,0.0234394582112706
1,Intera Popolazione,5,Prevalenza,95,Regno Unito,2,Femmine,22,Tutte le età,561,Disturbi da consumo di stupefacenti,2,Percentuale,2010,0.0136141782589918,0.0160181531609758,0.01187844577816
1,Intera Popolazione,5,Prevalenza,196,Sudafrica,1,Maschi,22,Tutte le età,561,Disturbi da consumo di stupefacenti,2,Percentuale,2000,0.010822763150622,0.0128192172351944,0.009015399277541
1,Intera Popolazione,5,Prevalenza,196,Sudafrica,2,Femmine,22,Tutte le età,561,Disturbi da consumo di stupefacenti,2,Percentuale,2000,0.007293563317872,0.0082914207644612,0.0063075160713165
1,Intera Popolazione,5,Prevalenza,130,Messico,1,Maschi,22,Tutte le età,561,Disturbi da consumo di stupefacenti,2,Percentuale,2014,0.0064309522964088,0.007410780947266,0.0053847285096283
1,Intera Popolazione,5,Prevalenza,130,Messico,2,Femmine,22,Tutte le età,561,Disturbi da consumo di stupefacenti,2,Percentuale,2014,0.0047058064479856,0.0053849985731831,0.0039728317961327
1,Intera Popolazione,5,Prevalenza,68,Repubblica di Corea,1,Maschi,22,Tutte le età,561,Disturbi da consumo di stupefacenti,2,Percentuale,2014,0.0100814405979039,0.0122487667170522,0.0080648371034407
1,Intera Popolazione,5,Prevalenza,68,Repubblica di Corea,2,Femmine,22,Tutte le età,561,Disturbi da consumo di stupefacenti,2,Percentuale,2014,0.0072044278044248,0.0089717392974752,0.0057245613269475
1,Intera Popolazione,5,Prevalenza,80,Francia,1,Maschi,22,Tutte le età,561,Disturbi da consumo di stupefacenti,2,Percentuale,2010,0.0145636635919319,0.0161693490693882,0.0129596633210559
1,Intera Popolazione,5,Prevalenza,80,Francia,2,Femmine,22,Tutte le età,561,Disturbi da consumo di stupefacenti,2,Percentuale,2010,0.0075061392917848,0.0082951701885531,0.0067474125826148
1,Intera Popolazione,5,Prevalenza,102,Stati Uniti d'America,1,Maschi,22,Tutte le età,561,Disturbi da consumo di stupefacenti,2,Percentuale,2014,0.034492643799571,0.0394231144082809,0.030829673960605
1,Intera Popolazione,5,Prevalenza,102,Stati Uniti d'America,2,Femmine,22,Tutte le età,561,Disturbi da consumo di stupefacenti,2,Percentuale,2014,0.0230282189402131,0.025758126457728,0.0206307172666946
1,Intera Popolazione,5,Prevalenza,92,Spagna,1,Maschi,22,Tutte le età,561,Disturbi da consumo di stupefacenti,2,Percentuale,2016,0.0172648361685984,0.0181868944891227,0.0162904861828337
1,Intera Popolazione,5,Prevalenza,92,Spagna,2,Femmine,22,Tutte le età,561,Disturbi da consumo di stupefacenti,2,Percentuale,2016,0.0083529587781278,0.0088735328184738,0.0079511050593355
1,Intera Popolazione,5,Prevalenza,86,Italia,1,Maschi,22,Tutte le età,561,Disturbi da consumo di stupefacenti,2,Percentuale,2003,0.0151190369397882,0.0182675050205686,0.0125235270320633
1,Intera Popolazione,5,Prevalenza,86,Italia,2,Femmine,22,Tutte le età,561,Disturbi da consumo di stupefacenti,2,Percentuale,2003,0.0080405005337563,0.0095030254111365,0.0066862815417529
1,Intera Popolazione,5,Prevalenza,163,India,1,Maschi,22,Tutte le età,561,Disturbi da consumo di stupefacenti,2,Percentuale,2003,0.0050181813019269,0.0062043710824119,0.0039853100844299
1,Intera Popolazione,5,Prevalenza,163,India,2,Femmine,22,Tutte le età,561,Disturbi da consumo di stupefacenti,2,Percentuale,2003,0.0026734827102158,0.0031883359976765,0.0021582069363066
1,Intera Popolazione,5,Prevalenza,101,Canada,1,Maschi,22,Tutte le età,561,Disturbi da consumo di stupefacenti,2,Percentuale,2003,0.025867105226557,0.0286013589854012,0.0232594629299936
1,Intera Popolazione,5,Prevalenza,101,Canada,2,Femmine,22,Tutte le età,561,Disturbi da consumo di stupefacenti,2,Percentuale,2003,0.0174591304415206,0.018909123333814,0.016088025646198
1,Intera Popolazione,5,Prevalenza,11,Indonesia,1,Maschi,22,Tutte le età,561,Disturbi da consumo di stupefacenti,2,Percentuale,2003,0.0052162763304011,0.0065068652731512,0.0040221753733266
1,Intera Popolazione,5,Prevalenza,11,Indonesia,2,Femmine,22,Tutte le età,561,Disturbi da consumo di stupefacenti,2,Percentuale,2003,0.0047291081941174,0.0059976577781558,0.0037541108523304
1,Intera Popolazione,5,Prevalenza,192,Africa Subsahariana Meridionale,1,Maschi,22,Tutte le età,561,Disturbi da consumo di stupefacenti,2,Percentuale,2003,0.0097423571028908,0.0118450186285745,0.0080265585348269
1,Intera Popolazione,5,Prevalenza,192,Africa Subsahariana Meridionale,2,Femmine,22,Tutte le età,561,Disturbi da consumo di stupefacenti,2,Percentuale,2003,0.0062889726491279,0.0071962932835504,0.0054079356876725
1,Intera Popolazione,5,Prevalenza,71,Australia,1,Maschi,22,Tutte le età,561,Disturbi da consumo di stupefacenti,2,Percentuale,2003,0.0290420034441397,0.0312881374043999,0.0269580773623766
1,Intera Popolazione,5,Prevalenza,71,Australia,2,Femmine,22,Tutte le età,561,Disturbi da consumo di stupefacenti,2,Percentuale,2003,0.0165826834514981,0.0178202386015483,0.0154767224932309
1,Intera Popolazione,5,Prevalenza,135,Brasile,1,Maschi,22,Tutte le età,561,Disturbi da consumo di stupefacenti,2,Percentuale,2003,0.0124149378559592,0.0147776831157655,0.0101973853408879
1,Intera Popolazione,5,Prevalenza,135,Brasile,2,Femmine,22,Tutte le età,561,Disturbi da consumo di stupefacenti,2,Percentuale,2003,0.008157925303271,0.009547742430869,0.0068042265107842
1,Intera Popolazione,5,Prevalenza,81,Germania,1,Maschi,22,Tutte le età,561,Disturbi da consumo di stupefacenti,2,Percentuale,2016,0.0119216074361345,0.0129094461467457,0.0110002886152878
1,Intera Popolazione,5,Prevalenza,81,Germania,2,Femmine,22,Tutte le età,561,Disturbi da consumo di stupefacenti,2,Percentuale,2016,0.0052151840864181,0.0056478838834745,0.0047477819492114
1,Intera Popolazione,5,Prevalenza,95,Regno Unito,1,Maschi,22,Tutte le età,561,Disturbi da consumo di stupefacenti,2,Percentuale,2011,0.0270974854689334,0.0313248820505762,0.0232784112255455
1,Intera Popolazione,5,Prevalenza,95,Regno Unito,2,Femmine,22,Tutte le età,561,Disturbi da consumo di stupefacenti,2,Percentuale,2011,0.0137640233521299,0.0160798059554798,0.012005118961048
1,Intera Popolazione,5,Prevalenza,6,Cina,1,Maschi,22,Tutte le età,561,Disturbi da consumo di stupefacenti,2,Percentuale,2015,0.0063869891582133,0.0076061379517981,0.0053345621941351
1,Intera Popolazione,5,Prevalenza,6,Cina,2,Femmine,22,Tutte le età,561,Disturbi da consumo di stupefacenti,2,Percentuale,2015,0.0050502753989989,0.0059572280224751,0.0042374929923963
1,Intera Popolazione,5,Prevalenza,68,Repubblica di Corea,1,Maschi,22,Tutte le età,561,Disturbi da consumo di stupefacenti,2,Percentuale,2015,0.0099774747934446,0.012095109173119,0.0080151764096211
1,Intera Popolazione,5,Prevalenza,68,Repubblica di Corea,2,Femmine,22,Tutte le età,561,Disturbi da consumo di stupefacenti,2,Percentuale,2015,0.0071290849176531,0.008884221381723,0.005668609037453
1,Intera Popolazione,5,Prevalenza,214,Nigeria,1,Maschi,22,Tutte le età,561,Disturbi da consumo di stupefacenti,2,Percentuale,2014,0.0021242764738369,0.0026073977912356,0.0017010127334698
1,Intera Popolazione,5,Prevalenza,214,Nigeria,2,Femmine,22,Tutte le età,561,Disturbi da consumo di stupefacenti,2,Percentuale,2014,0.0017041661452712,0.0020269395487755,0.0014210886947678
1,Intera Popolazione,5,Prevalenza,6,Cina,1,Maschi,22,Tutte le età,561,Disturbi da consumo di stupefacenti,2,Percentuale,2014,0.0065084392896114,0.0077491026701263,0.0054243531018061
1,Intera Popolazione,5,Prevalenza,6,Cina,2,Femmine,22,Tutte le età,561,Disturbi da consumo di stupefacenti,2,Percentuale,2014,0.0051691675832986,0.0061180149525106,0.004321879972512
1,Intera Popolazione,5,Prevalenza,142,Iran (Repubblica Islamica dell'),1,Maschi,22,Tutte le età,561,Disturbi da consumo di stupefacenti,2,Percentuale,2011,0.0150395254985059,0.0171235469557071,0.0133651028755476
1,Intera Popolazione,5,Prevalenza,142,Iran (Repubblica Islamica dell'),2,Femmine,22,Tutte le età,561,Disturbi da consumo di stupefacenti,2,Percentuale,2011,0.0051227482973986,0.0059033799881254,0.004506747172546
1,Intera Popolazione,5,Prevalenza,67,Giappone,1,Maschi,22,Tutte le età,561,Disturbi da consumo di stupefacenti,2,Percentuale,2011,0.0078842076421162,0.0092554791567039,0.0064415352242465
1,Intera Popolazione,5,Prevalenza,67,Giappone,2,Femmine,22,Tutte le età,561,Disturbi da consumo di stupefacenti,2,Percentuale,2011,0.0057835590525515,0.0068335374772431,0.0048377649769085
1,Intera Popolazione,5,Prevalenza,174,Africa Subsahariana Orientale,1,Maschi,22,Tutte le età,561,Disturbi da consumo di stupefacenti,2,Percentuale,2011,0.0038274845293841,0.005263922621372,0.0028762772828151
1,Intera Popolazione,5,Prevalenza,174,Africa Subsahariana Orientale,2,Femmine,22,Tutte le età,561,Disturbi da consumo di stupefacenti,2,Percentuale,2011,0.0022875270810858,0.0029168170132892,0.0018083335485936
1,Intera Popolazione,5,Prevalenza,196,Sudafrica,1,Maschi,22,Tutte le età,561,Disturbi da consumo di stupefacenti,2,Percentuale,2003,0.0113483434034008,0.0133447378629544,0.0094580604605971
1,Intera Popolazione,5,Prevalenza,196,Sudafrica,2,Femmine,22,Tutte le età,561,Disturbi da consumo di stupefacenti,2,Percentuale,2003,0.0075090265584145,0.0085161532684195,0.0064638344035782
1,Intera Popolazione,5,Prevalenza,167,Africa Subsahariana Centrale,1,Maschi,22,Tutte le età,561,Disturbi da consumo di stupefacenti,2,Percentuale,2001,0.0032495088196892,0.0043955873153912,0.0023659056884276
1,Intera Popolazione,5,Prevalenza,167,Africa Subsahariana Centrale,2,Femmine,22,Tutte le età,561,Disturbi da consumo di stupefacenti,2,Percentuale,2001,0.0019701136179046,0.0024318902221766,0.0015749926692046
1,Intera Popolazione,5,Prevalenza,56,Europa Orientale,1,Maschi,22,Tutte le età,561,Disturbi da consumo di stupefacenti,2,Percentuale,2003,0.0206239781259551,0.0233009078421611,0.0181503917096773
1,Intera Popolazione,5,Prevalenza,56,Europa Orientale,2,Femmine,22,Tutte le età,561,Disturbi da consumo di stupefacenti,2,Percentuale,2003,0.0088657954186939,0.0100723178613088,0.0077257107430838
1,Intera Popolazione,5,Prevalenza,102,Stati Uniti d'America,1,Maschi,22,Tutte le età,561,Disturbi da consumo di stupefacenti,2,Percentuale,2015,0.0354248759288078,0.0405399701430324,0.0317602485750363
1,Intera Popolazione,5,Prevalenza,102,Stati Uniti d'America,2,Femmine,22,Tutte le età,561,Disturbi da consumo di stupefacenti,2,Percentuale,2015,0.0244987714424185,0.0274339074343627,0.0218745485226292
1,Intera Popolazione,5,Prevalenza,163,India,1,Maschi,22,Tutte le età,561,Disturbi da consumo di stupefacenti,2,Percentuale,2004,0.0050020003413366,0.0061929571244986,0.0039706113348021
1,Intera Popolazione,5,Prevalenza,163,India,2,Femmine,22,Tutte le età,561,Disturbi da consumo di stupefacenti,2,Percentuale,2004,0.0026477640880984,0.0031646884345697,0.0021306037809491
1,Intera Popolazione,5,Prevalenza,135,Brasile,1,Maschi,22,Tutte le età,561,Disturbi da consumo di stupefacenti,2,Percentuale,2004,0.0125086278459354,0.0148975370796839,0.010295192000517
1,Intera Popolazione,5,Prevalenza,135,Brasile,2,Femmine,22,Tutte le età,561,Disturbi da consumo di stupefacenti,2,Percentuale,2004,0.008156167255761,0.0095232551532082,0.0068078036468405
1,Intera Popolazione,5,Prevalenza,92,Spagna,1,Maschi,22,Tutte le età,561,Disturbi da consumo di stupefacenti,2,Percentuale,2017,0.0172340092184297,0.0181420336303226,0.0162840037587366
1,Intera Popolazione,5,Prevalenza,92,Spagna,2,Femmine,22,Tutte le età,561,Disturbi da consumo di stupefacenti,2,Percentuale,2017,0.0084158638647174,0.0089279031020913,0.0079557011501799
1,Intera Popolazione,5,Prevalenza,81,Germania,1,Maschi,22,Tutte le età,561,Disturbi da consumo di stupefacenti,2,Percentuale,2017,0.0118721641162645,0.0128453232076209,0.0109607276082891
1,Intera Popolazione,5,Prevalenza,81,Germania,2,Femmine,22,Tutte le età,561,Disturbi da consumo di stupefacenti,2,Percentuale,2017,0.0052341398757568,0.0056695286832766,0.0047731476835071
1,Intera Popolazione,5,Prevalenza,67,Giappone,1,Maschi,22,Tutte le età,561,Disturbi da consumo di stupefacenti,2,Percentuale,2012,0.0077890581174285,0.0091429814576164,0.0063664475941271
1,Intera Popolazione,5,Prevalenza,67,Giappone,2,Femmine,22,Tutte le età,561,Disturbi da consumo di stupefacenti,2,Percentuale,2012,0.0057131345095996,0.0067580130178363,0.0047743928779205
1,Intera Popolazione,5,Prevalenza,80,Francia,1,Maschi,22,Tutte le età,561,Disturbi da consumo di stupefacenti,2,Percentuale,2011,0.014394804271069,0.0159650011495605,0.0128960576077498
1,Intera Popolazione,5,Prevalenza,80,Francia,2,Femmine,22,Tutte le età,561,Disturbi da consumo di stupefacenti,2,Percentuale,2011,0.0075068986470124,0.00827900157034,0.0067662015955644
1,Intera Popolazione,5,Prevalenza,214,Nigeria,1,Maschi,22,Tutte le età,561,Disturbi da consumo di stupefacenti,2,Percentuale,2015,0.0021173610401672,0.0026000216894237,0.0016932616334945
1,Intera Popolazione,5,Prevalenza,214,Nigeria,2,Femmine,22,Tutte le età,561,Disturbi da consumo di stupefacenti,2,Percentuale,2015,0.0016959946202973,0.0020196248784002,0.0014130989252982
1,Intera Popolazione,5,Prevalenza,130,Messico,1,Maschi,22,Tutte le età,561,Disturbi da consumo di stupefacenti,2,Percentuale,2015,0.0064385537694792,0.0074373378648602,0.0053869416401952
1,Intera Popolazione,5,Prevalenza,130,Messico,2,Femmine,22,Tutte le età,561,Disturbi da consumo di stupefacenti,2,Percentuale,2015,0.0047024931607618,0.0053756039301776,0.0039659901141431
1,Intera Popolazione,5,Prevalenza,102,Stati Uniti d'America,1,Maschi,22,Tutte le età,561,Disturbi da consumo di stupefacenti,2,Percentuale,2016,0.0367959062424677,0.0418542230040216,0.0330646021224863
1,Intera Popolazione,5,Prevalenza,102,Stati Uniti d'America,2,Femmine,22,Tutte le età,561,Disturbi da consumo di stupefacenti,2,Percentuale,2016,0.0263401706429871,0.0293892774574562,0.0236415882310684
1,Intera Popolazione,5,Prevalenza,101,Canada,1,Maschi,22,Tutte le età,561,Disturbi da consumo di stupefacenti,2,Percentuale,2004,0.0258745548396276,0.0285422086092543,0.0232477758976136
1,Intera Popolazione,5,Prevalenza,101,Canada,2,Femmine,22,Tutte le età,561,Disturbi da consumo di stupefacenti,2,Percentuale,2004,0.0174391377287041,0.0188964955912985,0.0159826136711582
1,Intera Popolazione,5,Prevalenza,86,Italia,1,Maschi,22,Tutte le età,561,Disturbi da consumo di stupefacenti,2,Percentuale,2004,0.015080619357878,0.018201909953103,0.0125025873481885
1,Intera Popolazione,5,Prevalenza,86,Italia,2,Femmine,22,Tutte le età,561,Disturbi da consumo di stupefacenti,2,Percentuale,2004,0.0080674745128338,0.0095531007676488,0.0066944205482452
1,Intera Popolazione,5,Prevalenza,71,Australia,1,Maschi,22,Tutte le età,561,Disturbi da consumo di stupefacenti,2,Percentuale,2004,0.0288438326577941,0.0310232308212232,0.0268203439951125
1,Intera Popolazione,5,Prevalenza,71,Australia,2,Femmine,22,Tutte le età,561,Disturbi da consumo di stupefacenti,2,Percentuale,2004,0.016479822781055,0.0177199660174914,0.0154043246575359
1,Intera Popolazione,5,Prevalenza,11,Indonesia,1,Maschi,22,Tutte le età,561,Disturbi da consumo di stupefacenti,2,Percentuale,2004,0.0052028388443221,0.0064841758842378,0.0040124626686071
1,Intera Popolazione,5,Prevalenza,11,Indonesia,2,Femmine,22,Tutte le età,561,Disturbi da consumo di stupefacenti,2,Percentuale,2004,0.0047029780763346,0.0059540074724174,0.0037397133989005
1,Intera Popolazione,5,Prevalenza,142,Iran (Repubblica Islamica dell'),1,Maschi,22,Tutte le età,561,Disturbi da consumo di stupefacenti,2,Percentuale,2012,0.0147209847458274,0.0167237002028277,0.0130681471317003
1,Intera Popolazione,5,Prevalenza,142,Iran (Repubblica Islamica dell'),2,Femmine,22,Tutte le età,561,Disturbi da consumo di stupefacenti,2,Percentuale,2012,0.0050373068192243,0.0057842868837757,0.004430636584411
1,Intera Popolazione,5,Prevalenza,95,Regno Unito,1,Maschi,22,Tutte le età,561,Disturbi da consumo di stupefacenti,2,Percentuale,2012,0.0270583467298037,0.0312060664667928,0.0231016366593805
1,Intera Popolazione,5,Prevalenza,95,Regno Unito,2,Femmine,22,Tutte le età,561,Disturbi da consumo di stupefacenti,2,Percentuale,2012,0.0139223757057265,0.0162649591781607,0.0121327450979149
1,Intera Popolazione,5,Prevalenza,6,Cina,1,Maschi,22,Tutte le età,561,Disturbi da consumo di stupefacenti,2,Percentuale,2016,0.0063096088436984,0.0074919641203904,0.0052903173748337
1,Intera Popolazione,5,Prevalenza,6,Cina,2,Femmine,22,Tutte le età,561,Disturbi da consumo di stupefacenti,2,Percentuale,2016,0.004953865711265,0.0058328854699988,0.0041588705986128
1,Intera Popolazione,5,Prevalenza,68,Repubblica di Corea,1,Maschi,22,Tutte le età,561,Disturbi da consumo di stupefacenti,2,Percentuale,2016,0.0098339536992511,0.0119042958132928,0.0078768720176748
1,Intera Popolazione,5,Prevalenza,68,Repubblica di Corea,2,Femmine,22,Tutte le età,561,Disturbi da consumo di stupefacenti,2,Percentuale,2016,0.0070377990962883,0.0087485788178292,0.0055911054825149
1,Intera Popolazione,5,Prevalenza,174,Africa Subsahariana Orientale,1,Maschi,22,Tutte le età,561,Disturbi da consumo di stupefacenti,2,Percentuale,2012,0.003845942270653,0.0052870247402397,0.0028939296330436
1,Intera Popolazione,5,Prevalenza,174,Africa Subsahariana Orientale,2,Femmine,22,Tutte le età,561,Disturbi da consumo di stupefacenti,2,Percentuale,2012,0.0022917634059929,0.0029243770162176,0.0018123733619078
1,Intera Popolazione,5,Prevalenza,130,Messico,1,Maschi,22,Tutte le età,561,Disturbi da consumo di stupefacenti,2,Percentuale,2016,0.0064083085956419,0.0074034903574822,0.0053775859882141
1,Intera Popolazione,5,Prevalenza,130,Messico,2,Femmine,22,Tutte le età,561,Disturbi da consumo di stupefacenti,2,Percentuale,2016,0.0046683573094687,0.0053442744524519,0.0039426740706694
1,Intera Popolazione,5,Prevalenza,199,Africa Subsahariana Occidentale,1,Maschi,22,Tutte le età,561,Disturbi da consumo di stupefacenti,2,Percentuale,2012,0.0023875690390434,0.0029647385002902,0.0018765845235803
1,Intera Popolazione,5,Prevalenza,199,Africa Subsahariana Occidentale,2,Femmine,22,Tutte le età,561,Disturbi da consumo di stupefacenti,2,Percentuale,2012,0.0018645219874937,0.0022328478315197,0.0015525072979479
1,Intera Popolazione,5,Prevalenza,80,Francia,1,Maschi,22,Tutte le età,561,Disturbi da consumo di stupefacenti,2,Percentuale,2012,0.0141053494438807,0.0156807386353697,0.0127148085129892
1,Intera Popolazione,5,Prevalenza,80,Francia,2,Femmine,22,Tutte le età,561,Disturbi da consumo di stupefacenti,2,Percentuale,2012,0.0075309793356296,0.0083003891013244,0.0067579444287158
1,Intera Popolazione,5,Prevalenza,199,Africa Subsahariana Occidentale,1,Maschi,22,Tutte le età,561,Disturbi da consumo di stupefacenti,2,Percentuale,2011,0.0023910983468265,0.00296694649637,0.0018805773755375
1,Intera Popolazione,5,Prevalenza,199,Africa Subsahariana Occidentale,2,Femmine,22,Tutte le età,561,Disturbi da consumo di stupefacenti,2,Percentuale,2011,0.0018730059725817,0.0022396585541008,0.0015590379657925
1,Intera Popolazione,5,Prevalenza,192,Africa Subsahariana Meridionale,1,Maschi,22,Tutte le età,561,Disturbi da consumo di stupefacenti,2,Percentuale,2004,0.0098723514186714,0.0119862005597364,0.0081383584455382
1,Intera Popolazione,5,Prevalenza,192,Africa Subsahariana Meridionale,2,Femmine,22,Tutte le età,561,Disturbi da consumo di stupefacenti,2,Percentuale,2004,0.0063313302852156,0.0072350377358088,0.0054377155305184
1,Intera Popolazione,5,Prevalenza,56,Europa Orientale,1,Maschi,22,Tutte le età,561,Disturbi da consumo di stupefacenti,2,Percentuale,2004,0.0208104404204717,0.0235258351270863,0.0182609472268663
1,Intera Popolazione,5,Prevalenza,56,Europa Orientale,2,Femmine,22,Tutte le età,561,Disturbi da consumo di stupefacenti,2,Percentuale,2004,0.0089033560317712,0.0101178998621502,0.0077600715109241
1,Intera Popolazione,5,Prevalenza,11,Indonesia,1,Maschi,22,Tutte le età,561,Disturbi da consumo di stupefacenti,2,Percentuale,2005,0.0051831678992043,0.0064574070950347,0.0039970008501083
1,Intera Popolazione,5,Prevalenza,11,Indonesia,2,Femmine,22,Tutte le età,561,Disturbi da consumo di stupefacenti,2,Percentuale,2005,0.0046761586299785,0.0059079412756538,0.0037242500515457
1,Intera Popolazione,5,Prevalenza,80,Francia,1,Maschi,22,Tutte le età,561,Disturbi da consumo di stupefacenti,2,Percentuale,2013,0.0137707709161596,0.0153654869850353,0.0124596367903419
1,Intera Popolazione,5,Prevalenza,80,Francia,2,Femmine,22,Tutte le età,561,Disturbi da consumo di stupefacenti,2,Percentuale,2013,0.0075644862593271,0.0083602543446108,0.0067747320240374
1,Intera Popolazione,5,Prevalenza,95,Regno Unito,1,Maschi,22,Tutte le età,561,Disturbi da consumo di stupefacenti,2,Percentuale,2013,0.026998156607873,0.0311578993828449,0.0230056800619102
1,Intera Popolazione,5,Prevalenza,95,Regno Unito,2,Femmine,22,Tutte le età,561,Disturbi da consumo di stupefacenti,2,Percentuale,2013,0.0140789141355774,0.0164462599260614,0.0122565728657302
1,Intera Popolazione,5,Prevalenza,214,Nigeria,1,Maschi,22,Tutte le età,561,Disturbi da consumo di stupefacenti,2,Percentuale,2016,0.0021378184569275,0.0026205622279778,0.0017013686548358
1,Intera Popolazione,5,Prevalenza,214,Nigeria,2,Femmine,22,Tutte le età,561,Disturbi da consumo di stupefacenti,2,Percentuale,2016,0.0016992995052777,0.0020147890747476,0.0014211092898613
1,Intera Popolazione,5,Prevalenza,67,Giappone,1,Maschi,22,Tutte le età,561,Disturbi da consumo di stupefacenti,2,Percentuale,2013,0.0076927163775158,0.0090258067914254,0.0062895367566265
1,Intera Popolazione,5,Prevalenza,67,Giappone,2,Femmine,22,Tutte le età,561,Disturbi da consumo di stupefacenti,2,Percentuale,2013,0.0056436112015883,0.0066836878560308,0.0047101182677715
1,Intera Popolazione,5,Prevalenza,6,Cina,1,Maschi,22,Tutte le età,561,Disturbi da consumo di stupefacenti,2,Percentuale,2017,0.0062944936478082,0.0074682905163346,0.0052982759338699
1,Intera Popolazione,5,Prevalenza,6,Cina,2,Femmine,22,Tutte le età,561,Disturbi da consumo di stupefacenti,2,Percentuale,2017,0.0048938912664045,0.0057508693517151,0.0041144236390215
1,Intera Popolazione,5,Prevalenza,196,Sudafrica,1,Maschi,22,Tutte le età,561,Disturbi da consumo di stupefacenti,2,Percentuale,2002,0.0111465626669101,0.0131658544591889,0.0092888444875827
1,Intera Popolazione,5,Prevalenza,196,Sudafrica,2,Femmine,22,Tutte le età,561,Disturbi da consumo di stupefacenti,2,Percentuale,2002,0.0074324736880725,0.0084257140005526,0.0064015943967255
1,Intera Popolazione,5,Prevalenza,68,Repubblica di Corea,1,Maschi,22,Tutte le età,561,Disturbi da consumo di stupefacenti,2,Percentuale,2017,0.0096374871366156,0.0116440926677811,0.0076783132349744
1,Intera Popolazione,5,Prevalenza,68,Repubblica di Corea,2,Femmine,22,Tutte le età,561,Disturbi da consumo di stupefacenti,2,Percentuale,2017,0.0069163295372644,0.0085730014042884,0.0054898312553281
1,Intera Popolazione,5,Prevalenza,102,Stati Uniti d'America,1,Maschi,22,Tutte le età,561,Disturbi da consumo di stupefacenti,2,Percentuale,2017,0.0386893164214934,0.0437028089614732,0.0350111115128903
1,Intera Popolazione,5,Prevalenza,102,Stati Uniti d'America,2,Femmine,22,Tutte le età,561,Disturbi da consumo di stupefacenti,2,Percentuale,2017,0.0286486858593799,0.0318581323309554,0.0258143864264448
1,Intera Popolazione,5,Prevalenza,130,Messico,1,Maschi,22,Tutte le età,561,Disturbi da consumo di stupefacenti,2,Percentuale,2017,0.0063439125654684,0.0073401172637059,0.0053199209067732
1,Intera Popolazione,5,Prevalenza,130,Messico,2,Femmine,22,Tutte le età,561,Disturbi da consumo di stupefacenti,2,Percentuale,2017,0.0046163648911137,0.0053095897283834,0.0039205082709459
1,Intera Popolazione,5,Prevalenza,92,Spagna,1,Maschi,22,Tutte le età,561,Disturbi da consumo di stupefacenti,2,Percentuale,2018,0.0172592701014324,0.0183178924722433,0.0162498636041139
1,Intera Popolazione,5,Prevalenza,92,Spagna,2,Femmine,22,Tutte le età,561,Disturbi da consumo di stupefacenti,2,Percentuale,2018,0.008509008307229,0.0089898668387575,0.0080062290606524
1,Intera Popolazione,5,Prevalenza,81,Germania,1,Maschi,22,Tutte le età,561,Disturbi da consumo di stupefacenti,2,Percentuale,2018,0.0118162316498043,0.0127442115486107,0.0108708483979146
1,Intera Popolazione,5,Prevalenza,81,Germania,2,Femmine,22,Tutte le età,561,Disturbi da consumo di stupefacenti,2,Percentuale,2018,0.0052675637990373,0.0057269796384941,0.0047834909241833
1,Intera Popolazione,5,Prevalenza,86,Italia,1,Maschi,22,Tutte le età,561,Disturbi da consumo di stupefacenti,2,Percentuale,2005,0.0148714811272277,0.0179645294494483,0.0123424635361071
1,Intera Popolazione,5,Prevalenza,86,Italia,2,Femmine,22,Tutte le età,561,Disturbi da consumo di stupefacenti,2,Percentuale,2005,0.00799409438118,0.0094595460081295,0.0066189826938284
1,Intera Popolazione,5,Prevalenza,214,Nigeria,1,Maschi,22,Tutte le età,561,Disturbi da consumo di stupefacenti,2,Percentuale,2017,0.0021943479248613,0.0026804081771651,0.0017550977030813
1,Intera Popolazione,5,Prevalenza,214,Nigeria,2,Femmine,22,Tutte le età,561,Disturbi da consumo di stupefacenti,2,Percentuale,2017,0.0017152100942324,0.002028758562987,0.0014353609345905
1,Intera Popolazione,5,Prevalenza,68,Repubblica di Corea,1,Maschi,22,Tutte le età,561,Disturbi da consumo di stupefacenti,2,Percentuale,2018,0.0094314341377826,0.0114000024398364,0.007494919643868
1,Intera Popolazione,5,Prevalenza,68,Repubblica di Corea,2,Femmine,22,Tutte le età,561,Disturbi da consumo di stupefacenti,2,Percentuale,2018,0.0067948162779123,0.0083985163312284,0.005389582237267
1,Intera Popolazione,5,Prevalenza,102,Stati Uniti d'America,1,Maschi,22,Tutte le età,561,Disturbi da consumo di stupefacenti,2,Percentuale,2018,0.0407795230446196,0.0457162210723111,0.0370454710981211
1,Intera Popolazione,5,Prevalenza,102,Stati Uniti d'America,2,Femmine,22,Tutte le età,561,Disturbi da consumo di stupefacenti,2,Percentuale,2018,0.0309658150768974,0.0342773374293921,0.027945239721983
1,Intera Popolazione,5,Prevalenza,6,Cina,1,Maschi,22,Tutte le età,561,Disturbi da consumo di stupefacenti,2,Percentuale,2018,0.0062953612030415,0.0075027765249448,0.0053154517310285
1,Intera Popolazione,5,Prevalenza,6,Cina,2,Femmine,22,Tutte le età,561,Disturbi da consumo di stupefacenti,2,Percentuale,2018,0.0048460234301981,0.0056677571669788,0.0040877350849132
1,Intera Popolazione,5,Prevalenza,135,Brasile,1,Maschi,22,Tutte le età,561,Disturbi da consumo di stupefacenti,2,Percentuale,2005,0.0126180416764417,0.0150366151678704,0.0104265125305837
1,Intera Popolazione,5,Prevalenza,135,Brasile,2,Femmine,22,Tutte le età,561,Disturbi da consumo di stupefacenti,2,Percentuale,2005,0.0081589230024754,0.0095229998131793,0.0068158934264084
1,Intera Popolazione,5,Prevalenza,174,Africa Subsahariana Orientale,1,Maschi,22,Tutte le età,561,Disturbi da consumo di stupefacenti,2,Percentuale,2013,0.0038669545769167,0.0053134871943871,0.0029134006407575
1,Intera Popolazione,5,Prevalenza,174,Africa Subsahariana Orientale,2,Femmine,22,Tutte le età,561,Disturbi da consumo di stupefacenti,2,Percentuale,2013,0.0022961376145075,0.0029324079568946,0.0018162132180987
1,Intera Popolazione,5,Prevalenza,142,Iran (Repubblica Islamica dell'),1,Maschi,22,Tutte le età,561,Disturbi da consumo di stupefacenti,2,Percentuale,2013,0.0142900117337627,0.0162053676004273,0.0126544767156721
1,Intera Popolazione,5,Prevalenza,142,Iran (Repubblica Islamica dell'),2,Femmine,22,Tutte le età,561,Disturbi da consumo di stupefacenti,2,Percentuale,2013,0.0049349613728484,0.0056501866191043,0.0043341140291808
1,Intera Popolazione,5,Prevalenza,130,Messico,1,Maschi,22,Tutte le età,561,Disturbi da consumo di stupefacenti,2,Percentuale,2018,0.0062730074500541,0.0072710550428834,0.0052749871475037
1,Intera Popolazione,5,Prevalenza,130,Messico,2,Femmine,22,Tutte le età,561,Disturbi da consumo di stupefacenti,2,Percentuale,2018,0.0045635873809468,0.0052454712114639,0.0039016376881311
1,Intera Popolazione,5,Prevalenza,214,Nigeria,1,Maschi,22,Tutte le età,561,Disturbi da consumo di stupefacenti,2,Percentuale,2018,0.0022661153789107,0.0027978572369383,0.0018057401081192
1,Intera Popolazione,5,Prevalenza,214,Nigeria,2,Femmine,22,Tutte le età,561,Disturbi da consumo di stupefacenti,2,Percentuale,2018,0.0017379855395043,0.0020636796957632,0.0014560131179487
1,Intera Popolazione,5,Prevalenza,199,Africa Subsahariana Occidentale,1,Maschi,22,Tutte le età,561,Disturbi da consumo di stupefacenti,2,Percentuale,2013,0.0023845610898652,0.0029633356436606,0.0018730425029063
1,Intera Popolazione,5,Prevalenza,199,Africa Subsahariana Occidentale,2,Femmine,22,Tutte le età,561,Disturbi da consumo di stupefacenti,2,Percentuale,2013,0.0018556692343931,0.0022252090918154,0.0015406233574185
1,Intera Popolazione,5,Prevalenza,80,Francia,1,Maschi,22,Tutte le età,561,Disturbi da consumo di stupefacenti,2,Percentuale,2014,0.0134573637996973,0.0149882940288851,0.0120887617667879
1,Intera Popolazione,5,Prevalenza,80,Francia,2,Femmine,22,Tutte le età,561,Disturbi da consumo di stupefacenti,2,Percentuale,2014,0.0075944996602539,0.0084230891720279,0.0067806054603019
1,Intera Popolazione,5,Prevalenza,67,Giappone,1,Maschi,22,Tutte le età,561,Disturbi da consumo di stupefacenti,2,Percentuale,2014,0.0076003223843376,0.0089082677795516,0.0062131107179715
1,Intera Popolazione,5,Prevalenza,67,Giappone,2,Femmine,22,Tutte le età,561,Disturbi da consumo di stupefacenti,2,Percentuale,2014,0.0055787120653194,0.0066077195002836,0.0046504555106958
1,Intera Popolazione,5,Prevalenza,67,Giappone,1,Maschi,22,Tutte le età,561,Disturbi da consumo di stupefacenti,2,Percentuale,2015,0.0075178774483307,0.0087911673894534,0.0061422339066999
1,Intera Popolazione,5,Prevalenza,67,Giappone,2,Femmine,22,Tutte le età,561,Disturbi da consumo di stupefacenti,2,Percentuale,2015,0.0055205245773145,0.0065337720719248,0.0045972330897531
1,Intera Popolazione,5,Prevalenza,167,Africa Subsahariana Centrale,1,Maschi,22,Tutte le età,561,Disturbi da consumo di stupefacenti,2,Percentuale,2002,0.0032545494591226,0.0044041420156987,0.0023718813003728
1,Intera Popolazione,5,Prevalenza,167,Africa Subsahariana Centrale,2,Femmine,22,Tutte le età,561,Disturbi da consumo di stupefacenti,2,Percentuale,2002,0.0019773192152509,0.0024398428085797,0.0015819007651295
1,Intera Popolazione,5,Prevalenza,192,Africa Subsahariana Meridionale,1,Maschi,22,Tutte le età,561,Disturbi da consumo di stupefacenti,2,Percentuale,2005,0.0099513267959687,0.0120787321379161,0.0082114397849196
1,Intera Popolazione,5,Prevalenza,192,Africa Subsahariana Meridionale,2,Femmine,22,Tutte le età,561,Disturbi da consumo di stupefacenti,2,Percentuale,2005,0.0063502285238615,0.0072609296091434,0.0054564228447896
1,Intera Popolazione,5,Prevalenza,163,India,1,Maschi,22,Tutte le età,561,Disturbi da consumo di stupefacenti,2,Percentuale,2005,0.004987728344211,0.00619021969869,0.0039566047429677
1,Intera Popolazione,5,Prevalenza,163,India,2,Femmine,22,Tutte le età,561,Disturbi da consumo di stupefacenti,2,Percentuale,2005,0.0026278513503764,0.0031469492009336,0.0021080902516108
1,Intera Popolazione,5,Prevalenza,101,Canada,1,Maschi,22,Tutte le età,561,Disturbi da consumo di stupefacenti,2,Percentuale,2005,0.0259205008048451,0.0286613397322467,0.023313223833645
1,Intera Popolazione,5,Prevalenza,101,Canada,2,Femmine,22,Tutte le età,561,Disturbi da consumo di stupefacenti,2,Percentuale,2005,0.0174109188654093,0.0188913300484534,0.015915096690058
1,Intera Popolazione,5,Prevalenza,71,Australia,1,Maschi,22,Tutte le età,561,Disturbi da consumo di stupefacenti,2,Percentuale,2005,0.0287501949334741,0.0309231739435663,0.0267738820376803
1,Intera Popolazione,5,Prevalenza,71,Australia,2,Femmine,22,Tutte le età,561,Disturbi da consumo di stupefacenti,2,Percentuale,2005,0.016449447341342,0.0176954563771341,0.0153622136202383
1,Intera Popolazione,5,Prevalenza,56,Europa Orientale,1,Maschi,22,Tutte le età,561,Disturbi da consumo di stupefacenti,2,Percentuale,2005,0.0209128633519299,0.0236669152228027,0.0182945558550537
1,Intera Popolazione,5,Prevalenza,56,Europa Orientale,2,Femmine,22,Tutte le età,561,Disturbi da consumo di stupefacenti,2,Percentuale,2005,0.0089156736589625,0.0101341660762026,0.0077744731748375
1,Intera Popolazione,5,Prevalenza,81,Germania,1,Maschi,22,Tutte le età,561,Disturbi da consumo di stupefacenti,2,Percentuale,2019,0.0117241445698391,0.0127120929533209,0.0107119293012618
1,Intera Popolazione,5,Prevalenza,81,Germania,2,Femmine,22,Tutte le età,561,Disturbi da consumo di stupefacenti,2,Percentuale,2019,0.0052952741946387,0.0057785625684408,0.0047833559823238
1,Intera Popolazione,5,Prevalenza,56,Europa Orientale,1,Maschi,22,Tutte le età,561,Disturbi da consumo di stupefacenti,2,Percentuale,2006,0.0208962357407304,0.0236307015969961,0.0183062713353603
1,Intera Popolazione,5,Prevalenza,56,Europa Orientale,2,Femmine,22,Tutte le età,561,Disturbi da consumo di stupefacenti,2,Percentuale,2006,0.0088938460871596,0.0100924423491889,0.0077496077588901
1,Intera Popolazione,5,Prevalenza,71,Australia,1,Maschi,22,Tutte le età,561,Disturbi da consumo di stupefacenti,2,Percentuale,2006,0.0287709661499484,0.0310148599834002,0.0267692219417024
1,Intera Popolazione,5,Prevalenza,71,Australia,2,Femmine,22,Tutte le età,561,Disturbi da consumo di stupefacenti,2,Percentuale,2006,0.0165135925417918,0.0177467283207416,0.0154078766468994
1,Intera Popolazione,5,Prevalenza,6,Cina,1,Maschi,22,Tutte le età,561,Disturbi da consumo di stupefacenti,2,Percentuale,2019,0.006271696067652,0.0075040431949242,0.0053108329533971
1,Intera Popolazione,5,Prevalenza,6,Cina,2,Femmine,22,Tutte le età,561,Disturbi da consumo di stupefacenti,2,Percentuale,2019,0.0047902109656893,0.0055922139462592,0.0040573031692945
1,Intera Popolazione,5,Prevalenza,102,Stati Uniti d'America,1,Maschi,22,Tutte le età,561,Disturbi da consumo di stupefacenti,2,Percentuale,2019,0.0427489702087474,0.0475788943080583,0.0389392838752225
1,Intera Popolazione,5,Prevalenza,102,Stati Uniti d'America,2,Femmine,22,Tutte le età,561,Disturbi da consumo di stupefacenti,2,Percentuale,2019,0.0328247964995912,0.0362371931859837,0.0295595634278752
1,Intera Popolazione,5,Prevalenza,86,Italia,1,Maschi,22,Tutte le età,561,Disturbi da consumo di stupefacenti,2,Percentuale,2006,0.0145742962276217,0.017620397025939,0.0120875253999953
1,Intera Popolazione,5,Prevalenza,86,Italia,2,Femmine,22,Tutte le età,561,Disturbi da consumo di stupefacenti,2,Percentuale,2006,0.0078801623993287,0.009331902978148,0.0065190293012709
1,Intera Popolazione,5,Prevalenza,130,Messico,1,Maschi,22,Tutte le età,561,Disturbi da consumo di stupefacenti,2,Percentuale,2019,0.0062210589059681,0.0072179859932605,0.0052508624836821
1,Intera Popolazione,5,Prevalenza,130,Messico,2,Femmine,22,Tutte le età,561,Disturbi da consumo di stupefacenti,2,Percentuale,2019,0.0045252790662303,0.0051850172008266,0.0038909493185407
1,Intera Popolazione,5,Prevalenza,68,Repubblica di Corea,1,Maschi,22,Tutte le età,561,Disturbi da consumo di stupefacenti,2,Percentuale,2019,0.0092332625983561,0.0111316663090046,0.0073566637685909
1,Intera Popolazione,5,Prevalenza,68,Repubblica di Corea,2,Femmine,22,Tutte le età,561,Disturbi da consumo di stupefacenti,2,Percentuale,2019,0.0066805285161134,0.0082366410282115,0.0052998519699902
1,Intera Popolazione,5,Prevalenza,214,Nigeria,1,Maschi,22,Tutte le età,561,Disturbi da consumo di stupefacenti,2,Percentuale,2019,0.002331621910135,0.0028766428673398,0.0018367617488221
1,Intera Popolazione,5,Prevalenza,214,Nigeria,2,Femmine,22,Tutte le età,561,Disturbi da consumo di stupefacenti,2,Percentuale,2019,0.0017614298506964,0.002099345084131,0.0014701464119222
1,Intera Popolazione,5,Prevalenza,174,Africa Subsahariana Orientale,1,Maschi,22,Tutte le età,561,Disturbi da consumo di stupefacenti,2,Percentuale,2015,0.0039146866682088,0.0053750959260584,0.0029567598359619
1,Intera Popolazione,5,Prevalenza,174,Africa Subsahariana Orientale,2,Femmine,22,Tutte le età,561,Disturbi da consumo di stupefacenti,2,Percentuale,2015,0.0023102567869648,0.0029542186593813,0.0018285203915826
1,Intera Popolazione,5,Prevalenza,80,Francia,1,Maschi,22,Tutte le età,561,Disturbi da consumo di stupefacenti,2,Percentuale,2015,0.0132193576750469,0.0148022470318678,0.0118790019648413
1,Intera Popolazione,5,Prevalenza,80,Francia,2,Femmine,22,Tutte le età,561,Disturbi da consumo di stupefacenti,2,Percentuale,2015,0.0076085788306357,0.0084632995452347,0.0067822428112992
1,Intera Popolazione,5,Prevalenza,95,Regno Unito,1,Maschi,22,Tutte le età,561,Disturbi da consumo di stupefacenti,2,Percentuale,2014,0.0268925462383958,0.0310763177665532,0.0228670266090692
1,Intera Popolazione,5,Prevalenza,95,Regno Unito,2,Femmine,22,Tutte le età,561,Disturbi da consumo di stupefacenti,2,Percentuale,2014,0.0141988139979343,0.0165695643188074,0.0123512428947049
1,Intera Popolazione,5,Prevalenza,199,Africa Subsahariana Occidentale,1,Maschi,22,Tutte le età,561,Disturbi da consumo di stupefacenti,2,Percentuale,2014,0.0023829627655768,0.0029635060109526,0.0018705053913263
1,Intera Popolazione,5,Prevalenza,199,Africa Subsahariana Occidentale,2,Femmine,22,Tutte le età,561,Disturbi da consumo di stupefacenti,2,Percentuale,2014,0.001848248684032,0.0022180536045828,0.0015297478541255
1,Intera Popolazione,5,Prevalenza,174,Africa Subsahariana Orientale,1,Maschi,22,Tutte le età,561,Disturbi da consumo di stupefacenti,2,Percentuale,2014,0.0038906286761485,0.005344265040456,0.0029347707746354
1,Intera Popolazione,5,Prevalenza,174,Africa Subsahariana Orientale,2,Femmine,22,Tutte le età,561,Disturbi da consumo di stupefacenti,2,Percentuale,2014,0.0023020020170485,0.0029421730883538,0.001821206686231
1,Intera Popolazione,5,Prevalenza,95,Regno Unito,1,Maschi,22,Tutte le età,561,Disturbi da consumo di stupefacenti,2,Percentuale,2015,0.0267222480405353,0.0309492565742797,0.0226330077546546
1,Intera Popolazione,5,Prevalenza,95,Regno Unito,2,Femmine,22,Tutte le età,561,Disturbi da consumo di stupefacenti,2,Percentuale,2015,0.0142443866006898,0.0166325632890074,0.0123846950353674
1,Intera Popolazione,5,Prevalenza,102,Stati Uniti d'America,1,Maschi,22,Tutte le età,561,Disturbi da consumo di stupefacenti,2,Percentuale,2020,0.0441436902728194,0.0488651859438071,0.0403107722970275
1,Intera Popolazione,5,Prevalenza,102,Stati Uniti d'America,2,Femmine,22,Tutte le età,561,Disturbi da consumo di stupefacenti,2,Percentuale,2020,0.0336794800110247,0.0371890267494909,0.0303065134614991
1,Intera Popolazione,5,Prevalenza,6,Cina,1,Maschi,22,Tutte le età,561,Disturbi da consumo di stupefacenti,2,Percentuale,2020,0.0061937414950125,0.0074160810409393,0.0052668119777578
1,Intera Popolazione,5,Prevalenza,6,Cina,2,Femmine,22,Tutte le età,561,Disturbi da consumo di stupefacenti,2,Percentuale,2020,0.004712567015064,0.0055013154657181,0.0039850128624168
1,Intera Popolazione,5,Prevalenza,68,Repubblica di Corea,1,Maschi,22,Tutte le età,561,Disturbi da consumo di stupefacenti,2,Percentuale,2020,0.0090583722304874,0.0109244116346479,0.007239648330166
1,Intera Popolazione,5,Prevalenza,68,Repubblica di Corea,2,Femmine,22,Tutte le età,561,Disturbi da consumo di stupefacenti,2,Percentuale,2020,0.0065672821842453,0.0080681699265964,0.0052035354281698
1,Intera Popolazione,5,Prevalenza,130,Messico,1,Maschi,22,Tutte le età,561,Disturbi da consumo di stupefacenti,2,Percentuale,2020,0.0062087200148268,0.007212237757096,0.0052641210795687
1,Intera Popolazione,5,Prevalenza,130,Messico,2,Femmine,22,Tutte le età,561,Disturbi da consumo di stupefacenti,2,Percentuale,2020,0.0045146802976168,0.0051543092830808,0.0038890294491986
1,Intera Popolazione,5,Prevalenza,192,Africa Subsahariana Meridionale,1,Maschi,22,Tutte le età,561,Disturbi da consumo di stupefacenti,2,Percentuale,2006,0.0099713129563227,0.0120866458051405,0.0082451932189461
1,Intera Popolazione,5,Prevalenza,192,Africa Subsahariana Meridionale,2,Femmine,22,Tutte le età,561,Disturbi da consumo di stupefacenti,2,Percentuale,2006,0.0063342516175279,0.007240985907424,0.0054456659891791
1,Intera Popolazione,5,Prevalenza,101,Canada,1,Maschi,22,Tutte le età,561,Disturbi da consumo di stupefacenti,2,Percentuale,2006,0.026178881627323,0.0288215266997492,0.0237198017518562
1,Intera Popolazione,5,Prevalenza,101,Canada,2,Femmine,22,Tutte le età,561,Disturbi da consumo di stupefacenti,2,Percentuale,2006,0.0174599401707524,0.0188994270397228,0.0159801896976619
1,Intera Popolazione,5,Prevalenza,11,Indonesia,1,Maschi,22,Tutte le età,561,Disturbi da consumo di stupefacenti,2,Percentuale,2006,0.0051514902762335,0.0064158057161607,0.0039588995153607
1,Intera Popolazione,5,Prevalenza,11,Indonesia,2,Femmine,22,Tutte le età,561,Disturbi da consumo di stupefacenti,2,Percentuale,2006,0.004647219448143,0.0058748748171898,0.0036961872716482
1,Intera Popolazione,5,Prevalenza,135,Brasile,1,Maschi,22,Tutte le età,561,Disturbi da consumo di stupefacenti,2,Percentuale,2006,0.0128501383000167,0.0152988041606493,0.0106458471466591
1,Intera Popolazione,5,Prevalenza,135,Brasile,2,Femmine,22,Tutte le età,561,Disturbi da consumo di stupefacenti,2,Percentuale,2006,0.0081954184609917,0.0095620639843816,0.0068541069493411
1,Intera Popolazione,5,Prevalenza,163,India,1,Maschi,22,Tutte le età,561,Disturbi da consumo di stupefacenti,2,Percentuale,2006,0.0049933768740293,0.0061933900870582,0.0039631122631473
1,Intera Popolazione,5,Prevalenza,163,India,2,Femmine,22,Tutte le età,561,Disturbi da consumo di stupefacenti,2,Percentuale,2006,0.0026100008841362,0.0031313720792785,0.0020905554738946
1,Intera Popolazione,5,Prevalenza,92,Spagna,1,Maschi,22,Tutte le età,561,Disturbi da consumo di stupefacenti,2,Percentuale,2019,0.0173087366678669,0.0184838846770679,0.0162075517246087
1,Intera Popolazione,5,Prevalenza,92,Spagna,2,Femmine,22,Tutte le età,561,Disturbi da consumo di stupefacenti,2,Percentuale,2019,0.0086093494122013,0.0091999226473705,0.0080387262148125
1,Intera Popolazione,5,Prevalenza,214,Nigeria,1,Maschi,22,Tutte le età,561,Disturbi da consumo di stupefacenti,2,Percentuale,2020,0.002366846412188,0.0029374594469923,0.0018425188371662
1,Intera Popolazione,5,Prevalenza,214,Nigeria,2,Femmine,22,Tutte le età,561,Disturbi da consumo di stupefacenti,2,Percentuale,2020,0.0017778380445169,0.002127579584167,0.0014774506465476
1,Intera Popolazione,5,Prevalenza,142,Iran (Repubblica Islamica dell'),1,Maschi,22,Tutte le età,561,Disturbi da consumo di stupefacenti,2,Percentuale,2014,0.0138472525412097,0.0156953045361796,0.0122349102920008
1,Intera Popolazione,5,Prevalenza,142,Iran (Repubblica Islamica dell'),2,Femmine,22,Tutte le età,561,Disturbi da consumo di stupefacenti,2,Percentuale,2014,0.0048323484148311,0.0055167674755405,0.0042643116524427
1,Intera Popolazione,5,Prevalenza,142,Iran (Repubblica Islamica dell'),1,Maschi,22,Tutte le età,561,Disturbi da consumo di stupefacenti,2,Percentuale,2015,0.0134275719238786,0.015199582729867,0.0118716862558994
1,Intera Popolazione,5,Prevalenza,142,Iran (Repubblica Islamica dell'),2,Femmine,22,Tutte le età,561,Disturbi da consumo di stupefacenti,2,Percentuale,2015,0.0047239426109071,0.0053727019908842,0.0041772911972049
1,Intera Popolazione,5,Prevalenza,80,Francia,1,Maschi,22,Tutte le età,561,Disturbi da consumo di stupefacenti,2,Percentuale,2016,0.0130457069631977,0.0145620990485608,0.0117546324236962
1,Intera Popolazione,5,Prevalenza,80,Francia,2,Femmine,22,Tutte le età,561,Disturbi da consumo di stupefacenti,2,Percentuale,2016,0.0075913671193451,0.0083789803700273,0.0067668332939485
1,Intera Popolazione,5,Prevalenza,199,Africa Subsahariana Occidentale,1,Maschi,22,Tutte le età,561,Disturbi da consumo di stupefacenti,2,Percentuale,2015,0.0023846331483245,0.0029672343900378,0.0018702753793056
1,Intera Popolazione,5,Prevalenza,199,Africa Subsahariana Occidentale,2,Femmine,22,Tutte le età,561,Disturbi da consumo di stupefacenti,2,Percentuale,2015,0.0018443886824072,0.0022149290426535,0.0015219387749763
1,Intera Popolazione,5,Prevalenza,67,Giappone,1,Maschi,22,Tutte le età,561,Disturbi da consumo di stupefacenti,2,Percentuale,2016,0.0074155085983694,0.0086870431084971,0.0061066908108741
1,Intera Popolazione,5,Prevalenza,67,Giappone,2,Femmine,22,Tutte le età,561,Disturbi da consumo di stupefacenti,2,Percentuale,2016,0.0054672374366393,0.0064650390649372,0.0045451564551708
1,Intera Popolazione,5,Prevalenza,174,Africa Subsahariana Orientale,1,Maschi,22,Tutte le età,561,Disturbi da consumo di stupefacenti,2,Percentuale,2016,0.0039259795065059,0.005407029417193,0.0029605858265096
1,Intera Popolazione,5,Prevalenza,174,Africa Subsahariana Orientale,2,Femmine,22,Tutte le età,561,Disturbi da consumo di stupefacenti,2,Percentuale,2016,0.0023101146447239,0.002966236768292,0.0018297505027578
1,Intera Popolazione,5,Prevalenza,6,Cina,1,Maschi,22,Tutte le età,561,Disturbi da consumo di stupefacenti,2,Percentuale,2021,0.0061605695686729,0.007384375626521,0.0052441931281726
1,Intera Popolazione,5,Prevalenza,6,Cina,2,Femmine,22,Tutte le età,561,Disturbi da consumo di stupefacenti,2,Percentuale,2021,0.0046936431669787,0.005473645079121,0.0039964488336591
1,Intera Popolazione,5,Prevalenza,95,Regno Unito,1,Maschi,22,Tutte le età,561,Disturbi da consumo di stupefacenti,2,Percentuale,2016,0.0264325672035535,0.030916966091683,0.0225134686021033
1,Intera Popolazione,5,Prevalenza,95,Regno Unito,2,Femmine,22,Tutte le età,561,Disturbi da consumo di stupefacenti,2,Percentuale,2016,0.0141848392334757,0.0165068357289994,0.0123539806771351
1,Intera Popolazione,5,Prevalenza,199,Africa Subsahariana Occidentale,1,Maschi,22,Tutte le età,561,Disturbi da consumo di stupefacenti,2,Percentuale,2016,0.0024003212663634,0.002980400504315,0.0018820740242318
1,Intera Popolazione,5,Prevalenza,199,Africa Subsahariana Occidentale,2,Femmine,22,Tutte le età,561,Disturbi da consumo di stupefacenti,2,Percentuale,2016,0.0018469253223344,0.0022167076705536,0.0015290942614297
1,Intera Popolazione,5,Prevalenza,81,Germania,1,Maschi,22,Tutte le età,561,Disturbi da consumo di stupefacenti,2,Percentuale,2020,0.0116120066054367,0.012659364517567,0.0106094297547192
1,Intera Popolazione,5,Prevalenza,81,Germania,2,Femmine,22,Tutte le età,561,Disturbi da consumo di stupefacenti,2,Percentuale,2020,0.0053003234089782,0.0058339848046495,0.0047441062259093
1,Intera Popolazione,5,Prevalenza,92,Spagna,1,Maschi,22,Tutte le età,561,Disturbi da consumo di stupefacenti,2,Percentuale,2020,0.0172925057274731,0.0185988329437871,0.0160675746361566
1,Intera Popolazione,5,Prevalenza,92,Spagna,2,Femmine,22,Tutte le età,561,Disturbi da consumo di stupefacenti,2,Percentuale,2020,0.0086524776880296,0.0093082312917219,0.0080764300685836
1,Intera Popolazione,5,Prevalenza,68,Repubblica di Corea,1,Maschi,22,Tutte le età,561,Disturbi da consumo di stupefacenti,2,Percentuale,2021,0.0089901089299318,0.0107862716706683,0.0072744943943557
1,Intera Popolazione,5,Prevalenza,68,Repubblica di Corea,2,Femmine,22,Tutte le età,561,Disturbi da consumo di stupefacenti,2,Percentuale,2021,0.0065135967722852,0.0079681539638785,0.0052118720655835
1,Intera Popolazione,5,Prevalenza,102,Stati Uniti d'America,1,Maschi,22,Tutte le età,561,Disturbi da consumo di stupefacenti,2,Percentuale,2021,0.0456194342210634,0.0503522739838901,0.0415751299918865
1,Intera Popolazione,5,Prevalenza,102,Stati Uniti d'America,2,Femmine,22,Tutte le età,561,Disturbi da consumo di stupefacenti,2,Percentuale,2021,0.0339738792410694,0.0375125962111305,0.0306024710764806
1,Intera Popolazione,5,Prevalenza,86,Italia,1,Maschi,22,Tutte le età,561,Disturbi da consumo di stupefacenti,2,Percentuale,2007,0.0142663216045426,0.0172919241466249,0.0118190733026814
1,Intera Popolazione,5,Prevalenza,86,Italia,2,Femmine,22,Tutte le età,561,Disturbi da consumo di stupefacenti,2,Percentuale,2007,0.007753653886281,0.0091956463565943,0.0064084459439665
1,Intera Popolazione,5,Prevalenza,167,Africa Subsahariana Centrale,1,Maschi,22,Tutte le età,561,Disturbi da consumo di stupefacenti,2,Percentuale,2003,0.0032597952184632,0.0044122604336196,0.0023778688681825
1,Intera Popolazione,5,Prevalenza,167,Africa Subsahariana Centrale,2,Femmine,22,Tutte le età,561,Disturbi da consumo di stupefacenti,2,Percentuale,2003,0.0019855701980022,0.002452090939584,0.0015852652149796
1,Intera Popolazione,5,Prevalenza,130,Messico,1,Maschi,22,Tutte le età,561,Disturbi da consumo di stupefacenti,2,Percentuale,2021,0.0062968616231176,0.0072964973847173,0.0053501451624602
1,Intera Popolazione,5,Prevalenza,130,Messico,2,Femmine,22,Tutte le età,561,Disturbi da consumo di stupefacenti,2,Percentuale,2021,0.0045764117149275,0.0052212213580977,0.0039416416157714
1,Intera Popolazione,5,Prevalenza,101,Canada,1,Maschi,22,Tutte le età,561,Disturbi da consumo di stupefacenti,2,Percentuale,2007,0.026715003265245,0.0293323109486551,0.0242828932340076
1,Intera Popolazione,5,Prevalenza,101,Canada,2,Femmine,22,Tutte le età,561,Disturbi da consumo di stupefacenti,2,Percentuale,2007,0.0176267868357678,0.0190794553286113,0.016143047080373
1,Intera Popolazione,5,Prevalenza,11,Indonesia,1,Maschi,22,Tutte le età,561,Disturbi da consumo di stupefacenti,2,Percentuale,2007,0.0051111412342984,0.00636725998155,0.0039254489480916
1,Intera Popolazione,5,Prevalenza,11,Indonesia,2,Femmine,22,Tutte le età,561,Disturbi da consumo di stupefacenti,2,Percentuale,2007,0.004616930954186,0.0058363344534994,0.0036657485117571
1,Intera Popolazione,5,Prevalenza,142,Iran (Repubblica Islamica dell'),1,Maschi,22,Tutte le età,561,Disturbi da consumo di stupefacenti,2,Percentuale,2016,0.0131198307977848,0.0148093482516307,0.0115897995769097
1,Intera Popolazione,5,Prevalenza,142,Iran (Repubblica Islamica dell'),2,Femmine,22,Tutte le età,561,Disturbi da consumo di stupefacenti,2,Percentuale,2016,0.0046208129448729,0.0052571864288563,0.0040723083499729
1,Intera Popolazione,5,Prevalenza,142,Iran (Repubblica Islamica dell'),1,Maschi,22,Tutte le età,561,Disturbi da consumo di stupefacenti,2,Percentuale,2017,0.0129188719862646,0.0145600359787249,0.0114080881313574
1,Intera Popolazione,5,Prevalenza,142,Iran (Repubblica Islamica dell'),2,Femmine,22,Tutte le età,561,Disturbi da consumo di stupefacenti,2,Percentuale,2017,0.0045290218474266,0.0051440648168251,0.0039831961234809
1,Intera Popolazione,5,Prevalenza,95,Regno Unito,1,Maschi,22,Tutte le età,561,Disturbi da consumo di stupefacenti,2,Percentuale,2017,0.0259875571080837,0.0302445663603757,0.0222552484752977
1,Intera Popolazione,5,Prevalenza,95,Regno Unito,2,Femmine,22,Tutte le età,561,Disturbi da consumo di stupefacenti,2,Percentuale,2017,0.013977089583957,0.0161808573550292,0.0121470552146701
1,Intera Popolazione,5,Prevalenza,80,Francia,1,Maschi,22,Tutte le età,561,Disturbi da consumo di stupefacenti,2,Percentuale,2017,0.0128705020531666,0.0143613255301236,0.0115186009731747
1,Intera Popolazione,5,Prevalenza,80,Francia,2,Femmine,22,Tutte le età,561,Disturbi da consumo di stupefacenti,2,Percentuale,2017,0.0075406902590931,0.0083537302762474,0.0067305662468827
1,Intera Popolazione,5,Prevalenza,214,Nigeria,1,Maschi,22,Tutte le età,561,Disturbi da consumo di stupefacenti,2,Percentuale,2021,0.0023240721405269,0.002857242053144,0.0018358369545473
1,Intera Popolazione,5,Prevalenza,214,Nigeria,2,Femmine,22,Tutte le età,561,Disturbi da consumo di stupefacenti,2,Percentuale,2021,0.0017687019325242,0.0020909096069732,0.0014708379554531
1,Intera Popolazione,5,Prevalenza,167,Africa Subsahariana Centrale,1,Maschi,22,Tutte le età,561,Disturbi da consumo di stupefacenti,2,Percentuale,2004,0.0032651084343563,0.0044202283206635,0.002383888900548
1,Intera Popolazione,5,Prevalenza,167,Africa Subsahariana Centrale,2,Femmine,22,Tutte le età,561,Disturbi da consumo di stupefacenti,2,Percentuale,2004,0.001993954229641,0.0024664721955916,0.0015899552496729
1,Intera Popolazione,5,Prevalenza,167,Africa Subsahariana Centrale,1,Maschi,22,Tutte le età,561,Disturbi da consumo di stupefacenti,2,Percentuale,2007,0.0032809334692301,0.0044383028134226,0.0024076792603478
1,Intera Popolazione,5,Prevalenza,167,Africa Subsahariana Centrale,2,Femmine,22,Tutte le età,561,Disturbi da consumo di stupefacenti,2,Percentuale,2007,0.0020170322948149,0.0024930595112465,0.0016156072847833
1,Intera Popolazione,5,Prevalenza,6,Cina,1,Maschi,22,Tutte le età,561,Disturbi da consumo di stupefacenti,2,Percentuale,2022,0.0061334221434515,0.0073417573011278,0.0052126395406675
1,Intera Popolazione,5,Prevalenza,6,Cina,2,Femmine,22,Tutte le età,561,Disturbi da consumo di stupefacenti,2,Percentuale,2022,0.0046763712814747,0.0054554679951856,0.0039824221118747
1,Intera Popolazione,5,Prevalenza,68,Repubblica di Corea,1,Maschi,22,Tutte le età,561,Disturbi da consumo di stupefacenti,2,Percentuale,2022,0.0088878140784317,0.0106573016791272,0.0072102639917439
1,Intera Popolazione,5,Prevalenza,68,Repubblica di Corea,2,Femmine,22,Tutte le età,561,Disturbi da consumo di stupefacenti,2,Percentuale,2022,0.0064392131522257,0.0078376648231868,0.0052064956142146
1,Intera Popolazione,5,Prevalenza,130,Messico,1,Maschi,22,Tutte le età,561,Disturbi da consumo di stupefacenti,2,Percentuale,2022,0.0063579170840497,0.0073233915879161,0.0054144913229166
1,Intera Popolazione,5,Prevalenza,130,Messico,2,Femmine,22,Tutte le età,561,Disturbi da consumo di stupefacenti,2,Percentuale,2022,0.0046225922882166,0.005297929719151,0.0039785215106893
1,Intera Popolazione,5,Prevalenza,67,Giappone,1,Maschi,22,Tutte le età,561,Disturbi da consumo di stupefacenti,2,Percentuale,2017,0.0072635834469907,0.0085503412527914,0.0059790888283865
1,Intera Popolazione,5,Prevalenza,67,Giappone,2,Femmine,22,Tutte le età,561,Disturbi da consumo di stupefacenti,2,Percentuale,2017,0.0054009637471087,0.0063864002223817,0.0044834132060765
1,Intera Popolazione,5,Prevalenza,102,Stati Uniti d'America,1,Maschi,22,Tutte le età,561,Disturbi da consumo di stupefacenti,2,Percentuale,2022,0.0464389654914791,0.0513387740745627,0.0420873750787166
1,Intera Popolazione,5,Prevalenza,102,Stati Uniti d'America,2,Femmine,22,Tutte le età,561,Disturbi da consumo di stupefacenti,2,Percentuale,2022,0.034022884706234,0.0376429032065829,0.0306064960372674
1,Intera Popolazione,5,Prevalenza,92,Spagna,1,Maschi,22,Tutte le età,561,Disturbi da consumo di stupefacenti,2,Percentuale,2021,0.0171288298693117,0.018357158285089,0.0159464442185458
1,Intera Popolazione,5,Prevalenza,92,Spagna,2,Femmine,22,Tutte le età,561,Disturbi da consumo di stupefacenti,2,Percentuale,2021,0.0086515332020566,0.0092968112232875,0.0080225097042084
1,Intera Popolazione,5,Prevalenza,81,Germania,1,Maschi,22,Tutte le età,561,Disturbi da consumo di stupefacenti,2,Percentuale,2021,0.0116498948883196,0.0127226212870402,0.010581798990124
1,Intera Popolazione,5,Prevalenza,81,Germania,2,Femmine,22,Tutte le età,561,Disturbi da consumo di stupefacenti,2,Percentuale,2021,0.0053942149897824,0.0059032437228089,0.0047991004495784
1,Intera Popolazione,5,Prevalenza,163,India,1,Maschi,22,Tutte le età,561,Disturbi da consumo di stupefacenti,2,Percentuale,2007,0.0050268404357269,0.0062760653524395,0.003992334752562
1,Intera Popolazione,5,Prevalenza,163,India,2,Femmine,22,Tutte le età,561,Disturbi da consumo di stupefacenti,2,Percentuale,2007,0.0025894525031432,0.0031084450074899,0.0020699007305241
1,Intera Popolazione,5,Prevalenza,56,Europa Orientale,1,Maschi,22,Tutte le età,561,Disturbi da consumo di stupefacenti,2,Percentuale,2007,0.0207202157916434,0.0234148690487848,0.0181795501566171
1,Intera Popolazione,5,Prevalenza,56,Europa Orientale,2,Femmine,22,Tutte le età,561,Disturbi da consumo di stupefacenti,2,Percentuale,2007,0.0088188373070555,0.0099775700556743,0.0077048903980022
1,Intera Popolazione,5,Prevalenza,196,Sudafrica,1,Maschi,22,Tutte le età,561,Disturbi da consumo di stupefacenti,2,Percentuale,2004,0.0115211503089975,0.0135031284964828,0.0096103879438105
1,Intera Popolazione,5,Prevalenza,196,Sudafrica,2,Femmine,22,Tutte le età,561,Disturbi da consumo di stupefacenti,2,Percentuale,2004,0.007567920796758,0.0086243082737428,0.0065163532497436
1,Intera Popolazione,5,Prevalenza,135,Brasile,1,Maschi,22,Tutte le età,561,Disturbi da consumo di stupefacenti,2,Percentuale,2008,0.0136761732298086,0.016115017129297,0.0114157147765886
1,Intera Popolazione,5,Prevalenza,135,Brasile,2,Femmine,22,Tutte le età,561,Disturbi da consumo di stupefacenti,2,Percentuale,2008,0.0083711706036898,0.0097394139622163,0.007013588893802
1,Intera Popolazione,5,Prevalenza,86,Italia,1,Maschi,22,Tutte le età,561,Disturbi da consumo di stupefacenti,2,Percentuale,2008,0.0139702884836551,0.0169845476714526,0.0115575684967077
1,Intera Popolazione,5,Prevalenza,86,Italia,2,Femmine,22,Tutte le età,561,Disturbi da consumo di stupefacenti,2,Percentuale,2008,0.0076317271821587,0.0090650628400761,0.0063007459172387
1,Intera Popolazione,5,Prevalenza,71,Australia,1,Maschi,22,Tutte le età,561,Disturbi da consumo di stupefacenti,2,Percentuale,2007,0.0289184853714755,0.0310774047229879,0.0267458124361536
1,Intera Popolazione,5,Prevalenza,71,Australia,2,Femmine,22,Tutte le età,561,Disturbi da consumo di stupefacenti,2,Percentuale,2007,0.0166658400131314,0.0179198421437753,0.0154910438679969
1,Intera Popolazione,5,Prevalenza,56,Europa Orientale,1,Maschi,22,Tutte le età,561,Disturbi da consumo di stupefacenti,2,Percentuale,2008,0.0204146245365417,0.0230556877044856,0.0179443223141721
1,Intera Popolazione,5,Prevalenza,56,Europa Orientale,2,Femmine,22,Tutte le età,561,Disturbi da consumo di stupefacenti,2,Percentuale,2008,0.0087016786474332,0.0098135881211161,0.0076202094913099
1,Intera Popolazione,5,Prevalenza,101,Canada,1,Maschi,22,Tutte le età,561,Disturbi da consumo di stupefacenti,2,Percentuale,2008,0.0273587390399698,0.0300315194351803,0.0248776900282729
1,Intera Popolazione,5,Prevalenza,101,Canada,2,Femmine,22,Tutte le età,561,Disturbi da consumo di stupefacenti,2,Percentuale,2008,0.0178299648636808,0.0193831891408943,0.0163424589252726
1,Intera Popolazione,5,Prevalenza,214,Nigeria,1,Maschi,22,Tutte le età,561,Disturbi da consumo di stupefacenti,2,Percentuale,2022,0.0022809075101769,0.002780104946255,0.0018073670667356
1,Intera Popolazione,5,Prevalenza,214,Nigeria,2,Femmine,22,Tutte le età,561,Disturbi da consumo di stupefacenti,2,Percentuale,2022,0.0017599600611061,0.0020618142295773,0.0014666066920552
1,Intera Popolazione,5,Prevalenza,174,Africa Subsahariana Orientale,1,Maschi,22,Tutte le età,561,Disturbi da consumo di stupefacenti,2,Percentuale,2017,0.0039207006225017,0.005426527337855,0.0029463043648124
1,Intera Popolazione,5,Prevalenza,174,Africa Subsahariana Orientale,2,Femmine,22,Tutte le età,561,Disturbi da consumo di stupefacenti,2,Percentuale,2017,0.0022967084639577,0.0029639128779258,0.0018175272320692
1,Intera Popolazione,5,Prevalenza,199,Africa Subsahariana Occidentale,1,Maschi,22,Tutte le età,561,Disturbi da consumo di stupefacenti,2,Percentuale,2017,0.0024336703089877,0.0030277124662634,0.0019078357555697
1,Intera Popolazione,5,Prevalenza,199,Africa Subsahariana Occidentale,2,Femmine,22,Tutte le età,561,Disturbi da consumo di stupefacenti,2,Percentuale,2017,0.0018557741193312,0.0022363585284864,0.0015403267551545
1,Intera Popolazione,5,Prevalenza,67,Giappone,1,Maschi,22,Tutte le età,561,Disturbi da consumo di stupefacenti,2,Percentuale,2018,0.0071038211468919,0.008382207372779,0.0058485482946415
1,Intera Popolazione,5,Prevalenza,67,Giappone,2,Femmine,22,Tutte le età,561,Disturbi da consumo di stupefacenti,2,Percentuale,2018,0.0053362323713019,0.0063102912502612,0.0044292758976222
1,Intera Popolazione,5,Prevalenza,6,Cina,1,Maschi,22,Tutte le età,561,Disturbi da consumo di stupefacenti,2,Percentuale,2023,0.0060209222821424,0.0072169949989687,0.005113957518338
1,Intera Popolazione,5,Prevalenza,6,Cina,2,Femmine,22,Tutte le età,561,Disturbi da consumo di stupefacenti,2,Percentuale,2023,0.0045739782840024,0.0053208350346851,0.0039015157846324
1,Intera Popolazione,5,Prevalenza,135,Brasile,1,Maschi,22,Tutte le età,561,Disturbi da consumo di stupefacenti,2,Percentuale,2007,0.013239265744496,0.0156849535660639,0.0110309507378959
1,Intera Popolazione,5,Prevalenza,135,Brasile,2,Femmine,22,Tutte le età,561,Disturbi da consumo di stupefacenti,2,Percentuale,2007,0.0082769959793696,0.0096516116799867,0.0069295414682121
1,Intera Popolazione,5,Prevalenza,11,Indonesia,1,Maschi,22,Tutte le età,561,Disturbi da consumo di stupefacenti,2,Percentuale,2008,0.0050703594077469,0.0063204552838839,0.0039009114066449
1,Intera Popolazione,5,Prevalenza,11,Indonesia,2,Femmine,22,Tutte le età,561,Disturbi da consumo di stupefacenti,2,Percentuale,2008,0.0045882123912289,0.0057967305024527,0.0036362947611851
1,Intera Popolazione,5,Prevalenza,192,Africa Subsahariana Meridionale,1,Maschi,22,Tutte le età,561,Disturbi da consumo di stupefacenti,2,Percentuale,2007,0.0099510043311511,0.0120076744330584,0.0082401297421022
1,Intera Popolazione,5,Prevalenza,192,Africa Subsahariana Meridionale,2,Femmine,22,Tutte le età,561,Disturbi da consumo di stupefacenti,2,Percentuale,2007,0.0062857801025754,0.0071937583073764,0.005412092681144
1,Intera Popolazione,5,Prevalenza,68,Repubblica di Corea,1,Maschi,22,Tutte le età,561,Disturbi da consumo di stupefacenti,2,Percentuale,2023,0.0087884633957379,0.0104620568178519,0.0070981551430337
1,Intera Popolazione,5,Prevalenza,68,Repubblica di Corea,2,Femmine,22,Tutte le età,561,Disturbi da consumo di stupefacenti,2,Percentuale,2023,0.0063534161833835,0.0077198183848633,0.0051360632873394
1,Intera Popolazione,5,Prevalenza,192,Africa Subsahariana Meridionale,1,Maschi,22,Tutte le età,561,Disturbi da consumo di stupefacenti,2,Percentuale,2008,0.0099064956751822,0.0119594994831534,0.0082112059530278
1,Intera Popolazione,5,Prevalenza,192,Africa Subsahariana Meridionale,2,Femmine,22,Tutte le età,561,Disturbi da consumo di stupefacenti,2,Percentuale,2008,0.006213892480585,0.0071194160514779,0.0053497924765777
1,Intera Popolazione,5,Prevalenza,92,Spagna,1,Maschi,22,Tutte le età,561,Disturbi da consumo di stupefacenti,2,Percentuale,2022,0.0169569824710804,0.0183879726463326,0.0157385761270491
1,Intera Popolazione,5,Prevalenza,92,Spagna,2,Femmine,22,Tutte le età,561,Disturbi da consumo di stupefacenti,2,Percentuale,2022,0.0086227048967819,0.0093332080209337,0.0079965960866425
1,Intera Popolazione,5,Prevalenza,81,Germania,1,Maschi,22,Tutte le età,561,Disturbi da consumo di stupefacenti,2,Percentuale,2022,0.0116394549095349,0.0127971265798498,0.0104918427279673
1,Intera Popolazione,5,Prevalenza,81,Germania,2,Femmine,22,Tutte le età,561,Disturbi da consumo di stupefacenti,2,Percentuale,2022,0.0054589010390767,0.006044155734394,0.0048414751683957
1,Intera Popolazione,5,Prevalenza,102,Stati Uniti d'America,1,Maschi,22,Tutte le età,561,Disturbi da consumo di stupefacenti,2,Percentuale,2023,0.0464919156688644,0.0515213374322998,0.0420952636488448
1,Intera Popolazione,5,Prevalenza,102,Stati Uniti d'America,2,Femmine,22,Tutte le età,561,Disturbi da consumo di stupefacenti,2,Percentuale,2023,0.0339917570931825,0.0375542385758523,0.030583414605672
1,Intera Popolazione,5,Prevalenza,199,Africa Subsahariana Occidentale,1,Maschi,22,Tutte le età,561,Disturbi da consumo di stupefacenti,2,Percentuale,2018,0.0024748203641215,0.0030956517322552,0.0019402717571766
1,Intera Popolazione,5,Prevalenza,199,Africa Subsahariana Occidentale,2,Femmine,22,Tutte le età,561,Disturbi da consumo di stupefacenti,2,Percentuale,2018,0.001868488417573,0.0022485806938467,0.0015543645703934
1,Intera Popolazione,5,Prevalenza,95,Regno Unito,1,Maschi,22,Tutte le età,561,Disturbi da consumo di stupefacenti,2,Percentuale,2018,0.0254782619510984,0.0295749802191072,0.0219239633160955
1,Intera Popolazione,5,Prevalenza,95,Regno Unito,2,Femmine,22,Tutte le età,561,Disturbi da consumo di stupefacenti,2,Percentuale,2018,0.0137088741454931,0.0158089184067645,0.011878384268531
1,Intera Popolazione,5,Prevalenza,130,Messico,1,Maschi,22,Tutte le età,561,Disturbi da consumo di stupefacenti,2,Percentuale,2023,0.0063656170690204,0.0073639436083784,0.005417887558797
1,Intera Popolazione,5,Prevalenza,130,Messico,2,Femmine,22,Tutte le età,561,Disturbi da consumo di stupefacenti,2,Percentuale,2023,0.0046033406989565,0.005256646078289,0.0039585293335473
1,Intera Popolazione,5,Prevalenza,142,Iran (Repubblica Islamica dell'),1,Maschi,22,Tutte le età,561,Disturbi da consumo di stupefacenti,2,Percentuale,2018,0.0127719297440693,0.0143824744125183,0.0112665126371577
1,Intera Popolazione,5,Prevalenza,142,Iran (Repubblica Islamica dell'),2,Femmine,22,Tutte le età,561,Disturbi da consumo di stupefacenti,2,Percentuale,2018,0.0044465644247222,0.0050422135688652,0.0039147923303671
1,Intera Popolazione,5,Prevalenza,174,Africa Subsahariana Orientale,1,Maschi,22,Tutte le età,561,Disturbi da consumo di stupefacenti,2,Percentuale,2018,0.0039101649937733,0.0054428702033049,0.002916186995705
1,Intera Popolazione,5,Prevalenza,174,Africa Subsahariana Orientale,2,Femmine,22,Tutte le età,561,Disturbi da consumo di stupefacenti,2,Percentuale,2018,0.0022792247601603,0.0029567770595595,0.0017915194686178
1,Intera Popolazione,5,Prevalenza,71,Australia,1,Maschi,22,Tutte le età,561,Disturbi da consumo di stupefacenti,2,Percentuale,2008,0.0291153754648196,0.0312091476997655,0.0268589831090843
1,Intera Popolazione,5,Prevalenza,71,Australia,2,Femmine,22,Tutte le età,561,Disturbi da consumo di stupefacenti,2,Percentuale,2008,0.0168507391330465,0.0181377703000886,0.0156551240823229
1,Intera Popolazione,5,Prevalenza,163,India,1,Maschi,22,Tutte le età,561,Disturbi da consumo di stupefacenti,2,Percentuale,2008,0.005075100547683,0.0063462259916511,0.0040175176806026
1,Intera Popolazione,5,Prevalenza,163,India,2,Femmine,22,Tutte le età,561,Disturbi da consumo di stupefacenti,2,Percentuale,2008,0.0025709540439377,0.0030828650271919,0.0020512219173679
1,Intera Popolazione,5,Prevalenza,214,Nigeria,1,Maschi,22,Tutte le età,561,Disturbi da consumo di stupefacenti,2,Percentuale,2023,0.0022922606681817,0.0027935257483998,0.0018161943921483
1,Intera Popolazione,5,Prevalenza,214,Nigeria,2,Femmine,22,Tutte le età,561,Disturbi da consumo di stupefacenti,2,Percentuale,2023,0.0017680811364344,0.0020718591054813,0.0014730264234798
1,Intera Popolazione,5,Prevalenza,167,Africa Subsahariana Centrale,1,Maschi,22,Tutte le età,561,Disturbi da consumo di stupefacenti,2,Percentuale,2009,0.0032925993906556,0.0044536731580479,0.0024118342373422
1,Intera Popolazione,5,Prevalenza,167,Africa Subsahariana Centrale,2,Femmine,22,Tutte le età,561,Disturbi da consumo di stupefacenti,2,Percentuale,2009,0.0020317104209113,0.0025031644599556,0.0016323267511282
1,Intera Popolazione,5,Prevalenza,80,Francia,1,Maschi,22,Tutte le età,561,Disturbi da consumo di stupefacenti,2,Percentuale,2018,0.0126983196840016,0.0141826497421293,0.0113180404702852
1,Intera Popolazione,5,Prevalenza,80,Francia,2,Femmine,22,Tutte le età,561,Disturbi da consumo di stupefacenti,2,Percentuale,2018,0.0074616079853837,0.0082573604588522,0.006669147928814
1,Intera Popolazione,5,Prevalenza,174,Africa Subsahariana Orientale,1,Maschi,22,Tutte le età,561,Disturbi da consumo di stupefacenti,2,Percentuale,2019,0.0039095102740395,0.0054713168308769,0.0029020591011956
1,Intera Popolazione,5,Prevalenza,174,Africa Subsahariana Orientale,2,Femmine,22,Tutte le età,561,Disturbi da consumo di stupefacenti,2,Percentuale,2019,0.0022681582135292,0.0029561671437964,0.0017688290583838
1,Intera Popolazione,5,Prevalenza,80,Francia,1,Maschi,22,Tutte le età,561,Disturbi da consumo di stupefacenti,2,Percentuale,2019,0.0125265598242834,0.0139578574720914,0.0111193899573111
1,Intera Popolazione,5,Prevalenza,80,Francia,2,Femmine,22,Tutte le età,561,Disturbi da consumo di stupefacenti,2,Percentuale,2019,0.0073596745347389,0.0081415572024091,0.0065688619036415
1,Intera Popolazione,5,Prevalenza,95,Regno Unito,1,Maschi,22,Tutte le età,561,Disturbi da consumo di stupefacenti,2,Percentuale,2019,0.0249671683027917,0.0290337730786955,0.0215422923328122
1,Intera Popolazione,5,Prevalenza,95,Regno Unito,2,Femmine,22,Tutte le età,561,Disturbi da consumo di stupefacenti,2,Percentuale,2019,0.0134481413267934,0.0154653453863489,0.011648997985357
1,Intera Popolazione,5,Prevalenza,199,Africa Subsahariana Occidentale,1,Maschi,22,Tutte le età,561,Disturbi da consumo di stupefacenti,2,Percentuale,2019,0.0025138613380947,0.0031634383025556,0.0019680742631341
1,Intera Popolazione,5,Prevalenza,199,Africa Subsahariana Occidentale,2,Femmine,22,Tutte le età,561,Disturbi da consumo di stupefacenti,2,Percentuale,2019,0.0018824478340616,0.002263325802491,0.0015689867514028
1,Intera Popolazione,5,Prevalenza,142,Iran (Repubblica Islamica dell'),1,Maschi,22,Tutte le età,561,Disturbi da consumo di stupefacenti,2,Percentuale,2019,0.0126115223797474,0.0141887545783548,0.011108429509126
1,Intera Popolazione,5,Prevalenza,142,Iran (Repubblica Islamica dell'),2,Femmine,22,Tutte le età,561,Disturbi da consumo di stupefacenti,2,Percentuale,2019,0.0043681110329818,0.0049324455512364,0.0038624050221413
1,Intera Popolazione,5,Prevalenza,67,Giappone,1,Maschi,22,Tutte le età,561,Disturbi da consumo di stupefacenti,2,Percentuale,2019,0.0069671505338875,0.0081935140270694,0.005738101944105
1,Intera Popolazione,5,Prevalenza,67,Giappone,2,Femmine,22,Tutte le età,561,Disturbi da consumo di stupefacenti,2,Percentuale,2019,0.0052786645243204,0.0062429638411665,0.004382314897365
1,Intera Popolazione,5,Prevalenza,80,Francia,1,Maschi,22,Tutte le età,561,Disturbi da consumo di stupefacenti,2,Percentuale,2020,0.0123459947916869,0.0138567397588278,0.0109147982469081
1,Intera Popolazione,5,Prevalenza,80,Francia,2,Femmine,22,Tutte le età,561,Disturbi da consumo di stupefacenti,2,Percentuale,2020,0.0072331789809652,0.0080224819113636,0.0064666492278455
1,Intera Popolazione,5,Prevalenza,92,Spagna,1,Maschi,22,Tutte le età,561,Disturbi da consumo di stupefacenti,2,Percentuale,2023,0.0174233800993502,0.0188466838023359,0.0161234222993385
1,Intera Popolazione,5,Prevalenza,92,Spagna,2,Femmine,22,Tutte le età,561,Disturbi da consumo di stupefacenti,2,Percentuale,2023,0.0088155607730124,0.009563054309677,0.0081345243129525
1,Intera Popolazione,5,Prevalenza,163,India,1,Maschi,22,Tutte le età,561,Disturbi da consumo di stupefacenti,2,Percentuale,2009,0.0051245755246824,0.0064073583489167,0.0040335641138686
1,Intera Popolazione,5,Prevalenza,163,India,2,Femmine,22,Tutte le età,561,Disturbi da consumo di stupefacenti,2,Percentuale,2009,0.0025592670210552,0.0030656511916821,0.0020393183828406
1,Intera Popolazione,5,Prevalenza,167,Africa Subsahariana Centrale,1,Maschi,22,Tutte le età,561,Disturbi da consumo di stupefacenti,2,Percentuale,2005,0.0032700127849909,0.0044249650216605,0.0023899466647951
1,Intera Popolazione,5,Prevalenza,167,Africa Subsahariana Centrale,2,Femmine,22,Tutte le età,561,Disturbi da consumo di stupefacenti,2,Percentuale,2005,0.0020015567497048,0.0024805661598263,0.0015963170833625
1,Intera Popolazione,5,Prevalenza,192,Africa Subsahariana Meridionale,1,Maschi,22,Tutte le età,561,Disturbi da consumo di stupefacenti,2,Percentuale,2009,0.0098509993303765,0.0118628794756054,0.0081737014266808
1,Intera Popolazione,5,Prevalenza,192,Africa Subsahariana Meridionale,2,Femmine,22,Tutte le età,561,Disturbi da consumo di stupefacenti,2,Percentuale,2009,0.0061261083247377,0.0070231011433056,0.0052822289951747
1,Intera Popolazione,5,Prevalenza,11,Indonesia,1,Maschi,22,Tutte le età,561,Disturbi da consumo di stupefacenti,2,Percentuale,2009,0.0050372893529452,0.006285881546902,0.0038813939436563
1,Intera Popolazione,5,Prevalenza,11,Indonesia,2,Femmine,22,Tutte le età,561,Disturbi da consumo di stupefacenti,2,Percentuale,2009,0.0045638545260438,0.0057618689256394,0.0036109470371766
1,Intera Popolazione,5,Prevalenza,86,Italia,1,Maschi,22,Tutte le età,561,Disturbi da consumo di stupefacenti,2,Percentuale,2009,0.0136733128950199,0.0166737350112714,0.0112960742387084
1,Intera Popolazione,5,Prevalenza,86,Italia,2,Femmine,22,Tutte le età,561,Disturbi da consumo di stupefacenti,2,Percentuale,2009,0.0075064626661845,0.0089130721222354,0.0061890303680788
1,Intera Popolazione,5,Prevalenza,81,Germania,1,Maschi,22,Tutte le età,561,Disturbi da consumo di stupefacenti,2,Percentuale,2023,0.011665459217357,0.0128088021014645,0.0105659709872948
1,Intera Popolazione,5,Prevalenza,81,Germania,2,Femmine,22,Tutte le età,561,Disturbi da consumo di stupefacenti,2,Percentuale,2023,0.0054680375400949,0.0060299896779107,0.0048441534449515
1,Intera Popolazione,5,Prevalenza,101,Canada,1,Maschi,22,Tutte le età,561,Disturbi da consumo di stupefacenti,2,Percentuale,2009,0.027942620358622,0.0307762319388892,0.025424013599015
1,Intera Popolazione,5,Prevalenza,101,Canada,2,Femmine,22,Tutte le età,561,Disturbi da consumo di stupefacenti,2,Percentuale,2009,0.0179767277337205,0.0195689808778591,0.0164577587634728
1,Intera Popolazione,5,Prevalenza,174,Africa Subsahariana Orientale,1,Maschi,22,Tutte le età,561,Disturbi da consumo di stupefacenti,2,Percentuale,2020,0.0039276755833809,0.0055173648606681,0.0028936651502976
1,Intera Popolazione,5,Prevalenza,174,Africa Subsahariana Orientale,2,Femmine,22,Tutte le età,561,Disturbi da consumo di stupefacenti,2,Percentuale,2020,0.0022724923633137,0.0029715082176506,0.0017667883304677
1,Intera Popolazione,5,Prevalenza,142,Iran (Repubblica Islamica dell'),1,Maschi,22,Tutte le età,561,Disturbi da consumo di stupefacenti,2,Percentuale,2020,0.012389670465544,0.0139137574330106,0.0108618730594567
1,Intera Popolazione,5,Prevalenza,142,Iran (Repubblica Islamica dell'),2,Femmine,22,Tutte le età,561,Disturbi da consumo di stupefacenti,2,Percentuale,2020,0.0042915269464847,0.0048404570271704,0.0038142112774942
1,Intera Popolazione,5,Prevalenza,67,Giappone,1,Maschi,22,Tutte le età,561,Disturbi da consumo di stupefacenti,2,Percentuale,2020,0.0068850140103196,0.0081312082323928,0.0056578226396433
1,Intera Popolazione,5,Prevalenza,67,Giappone,2,Femmine,22,Tutte le età,561,Disturbi da consumo di stupefacenti,2,Percentuale,2020,0.0052388489705485,0.0061956863868736,0.0043525327768246
1,Intera Popolazione,5,Prevalenza,167,Africa Subsahariana Centrale,1,Maschi,22,Tutte le età,561,Disturbi da consumo di stupefacenti,2,Percentuale,2006,0.003274927282573,0.0044310803343888,0.002398312850832
1,Intera Popolazione,5,Prevalenza,167,Africa Subsahariana Centrale,2,Femmine,22,Tutte le età,561,Disturbi da consumo di stupefacenti,2,Percentuale,2006,0.0020088901117112,0.0024865300044758,0.001605513621508
1,Intera Popolazione,5,Prevalenza,135,Brasile,1,Maschi,22,Tutte le età,561,Disturbi da consumo di stupefacenti,2,Percentuale,2009,0.0140537632473833,0.016497602774735,0.011718346202866
1,Intera Popolazione,5,Prevalenza,135,Brasile,2,Femmine,22,Tutte le età,561,Disturbi da consumo di stupefacenti,2,Percentuale,2009,0.0084464890163902,0.0098190269072061,0.0070817664735271
1,Intera Popolazione,5,Prevalenza,196,Sudafrica,1,Maschi,22,Tutte le età,561,Disturbi da consumo di stupefacenti,2,Percentuale,2005,0.0116258731051909,0.0136286595273457,0.0097352229439438
1,Intera Popolazione,5,Prevalenza,196,Sudafrica,2,Femmine,22,Tutte le età,561,Disturbi da consumo di stupefacenti,2,Percentuale,2005,0.0075948380684705,0.0087008194670672,0.0065420134858605
1,Intera Popolazione,5,Prevalenza,71,Australia,1,Maschi,22,Tutte le età,561,Disturbi da consumo di stupefacenti,2,Percentuale,2009,0.0292943893225246,0.0313840030705303,0.0270143418240624
1,Intera Popolazione,5,Prevalenza,71,Australia,2,Femmine,22,Tutte le età,561,Disturbi da consumo di stupefacenti,2,Percentuale,2009,0.0170264582555972,0.0183645166958105,0.0158222662922506
1,Intera Popolazione,5,Prevalenza,95,Regno Unito,1,Maschi,22,Tutte le età,561,Disturbi da consumo di stupefacenti,2,Percentuale,2020,0.0244721216855658,0.0285739725384212,0.0210422965392279
1,Intera Popolazione,5,Prevalenza,95,Regno Unito,2,Femmine,22,Tutte le età,561,Disturbi da consumo di stupefacenti,2,Percentuale,2020,0.0132242488024025,0.0151937442382288,0.0114456957295626
1,Intera Popolazione,5,Prevalenza,67,Giappone,1,Maschi,22,Tutte le età,561,Disturbi da consumo di stupefacenti,2,Percentuale,2022,0.0069657366148252,0.0081772557295915,0.0057594108566394
1,Intera Popolazione,5,Prevalenza,67,Giappone,2,Femmine,22,Tutte le età,561,Disturbi da consumo di stupefacenti,2,Percentuale,2022,0.0052619022417526,0.0062204107030202,0.0043734919008523
1,Intera Popolazione,5,Prevalenza,56,Europa Orientale,1,Maschi,22,Tutte le età,561,Disturbi da consumo di stupefacenti,2,Percentuale,2009,0.0200151314561134,0.0225979817327003,0.0176320104240409
1,Intera Popolazione,5,Prevalenza,56,Europa Orientale,2,Femmine,22,Tutte le età,561,Disturbi da consumo di stupefacenti,2,Percentuale,2009,0.0085519101901093,0.009613665453924,0.0074974298499863
1,Intera Popolazione,5,Prevalenza,196,Sudafrica,1,Maschi,22,Tutte le età,561,Disturbi da consumo di stupefacenti,2,Percentuale,2006,0.0116520513205991,0.013670456148727,0.0097541213656793
1,Intera Popolazione,5,Prevalenza,196,Sudafrica,2,Femmine,22,Tutte le età,561,Disturbi da consumo di stupefacenti,2,Percentuale,2006,0.0075741903829097,0.0086593725743724,0.0065252363058121
1,Intera Popolazione,5,Prevalenza,101,Canada,1,Maschi,22,Tutte le età,561,Disturbi da consumo di stupefacenti,2,Percentuale,2010,0.0283093807445238,0.0314351289281988,0.0257871314399208
1,Intera Popolazione,5,Prevalenza,101,Canada,2,Femmine,22,Tutte le età,561,Disturbi da consumo di stupefacenti,2,Percentuale,2010,0.017985441371533,0.0196023082345991,0.0164294985765062
1,Intera Popolazione,5,Prevalenza,56,Europa Orientale,1,Maschi,22,Tutte le età,561,Disturbi da consumo di stupefacenti,2,Percentuale,2010,0.0195481334409835,0.0220576956246039,0.0172569550074803
1,Intera Popolazione,5,Prevalenza,56,Europa Orientale,2,Femmine,22,Tutte le età,561,Disturbi da consumo di stupefacenti,2,Percentuale,2010,0.0083772695014473,0.0093889786582789,0.0073464202163851
1,Intera Popolazione,5,Prevalenza,71,Australia,1,Maschi,22,Tutte le età,561,Disturbi da consumo di stupefacenti,2,Percentuale,2010,0.0293686377460854,0.0315468966589471,0.02706353857692
1,Intera Popolazione,5,Prevalenza,71,Australia,2,Femmine,22,Tutte le età,561,Disturbi da consumo di stupefacenti,2,Percentuale,2010,0.0171146088632699,0.0185192338175239,0.0158268871307608
1,Intera Popolazione,5,Prevalenza,163,India,1,Maschi,22,Tutte le età,561,Disturbi da consumo di stupefacenti,2,Percentuale,2010,0.0051617734690104,0.006472943491868,0.0040538254777258
1,Intera Popolazione,5,Prevalenza,163,India,2,Femmine,22,Tutte le età,561,Disturbi da consumo di stupefacenti,2,Percentuale,2010,0.002559298287525,0.0030659033272242,0.0020391224868793
1,Intera Popolazione,5,Prevalenza,11,Indonesia,1,Maschi,22,Tutte le età,561,Disturbi da consumo di stupefacenti,2,Percentuale,2010,0.0050206238944079,0.0062681452254561,0.00387641686773
1,Intera Popolazione,5,Prevalenza,11,Indonesia,2,Femmine,22,Tutte le età,561,Disturbi da consumo di stupefacenti,2,Percentuale,2010,0.0045469352849461,0.0057355455156475,0.0035930461267001
1,Intera Popolazione,5,Prevalenza,135,Brasile,1,Maschi,22,Tutte le età,561,Disturbi da consumo di stupefacenti,2,Percentuale,2010,0.0142649389649831,0.016788316271097,0.0119475549009393
1,Intera Popolazione,5,Prevalenza,135,Brasile,2,Femmine,22,Tutte le età,561,Disturbi da consumo di stupefacenti,2,Percentuale,2010,0.0084716249574872,0.0098339843456804,0.0071105978013765
1,Intera Popolazione,5,Prevalenza,86,Italia,1,Maschi,22,Tutte le età,561,Disturbi da consumo di stupefacenti,2,Percentuale,2010,0.0133641357481676,0.0163710665303343,0.0110056151007648
1,Intera Popolazione,5,Prevalenza,86,Italia,2,Femmine,22,Tutte le età,561,Disturbi da consumo di stupefacenti,2,Percentuale,2010,0.0073717990366639,0.0087501267124026,0.006068496212845
1,Intera Popolazione,5,Prevalenza,199,Africa Subsahariana Occidentale,1,Maschi,22,Tutte le età,561,Disturbi da consumo di stupefacenti,2,Percentuale,2020,0.0025388031087286,0.0032109176312232,0.0019839775800586
1,Intera Popolazione,5,Prevalenza,199,Africa Subsahariana Occidentale,2,Femmine,22,Tutte le età,561,Disturbi da consumo di stupefacenti,2,Percentuale,2020,0.0018937504138902,0.0022754059108154,0.0015764414262877
1,Intera Popolazione,5,Prevalenza,142,Iran (Repubblica Islamica dell'),1,Maschi,22,Tutte le età,561,Disturbi da consumo di stupefacenti,2,Percentuale,2022,0.0118537304320265,0.0133984377433704,0.0103637291392642
1,Intera Popolazione,5,Prevalenza,142,Iran (Repubblica Islamica dell'),2,Femmine,22,Tutte le età,561,Disturbi da consumo di stupefacenti,2,Percentuale,2022,0.004124231623444,0.0046211540028474,0.0036215076306266
1,Intera Popolazione,5,Prevalenza,199,Africa Subsahariana Occidentale,1,Maschi,22,Tutte le età,561,Disturbi da consumo di stupefacenti,2,Percentuale,2021,0.0025355396513091,0.0031969606627547,0.0019838623484171
1,Intera Popolazione,5,Prevalenza,199,Africa Subsahariana Occidentale,2,Femmine,22,Tutte le età,561,Disturbi da consumo di stupefacenti,2,Percentuale,2021,0.0019023912638407,0.0022749135813688,0.0015910715320482
1,Intera Popolazione,5,Prevalenza,142,Iran (Repubblica Islamica dell'),1,Maschi,22,Tutte le età,561,Disturbi da consumo di stupefacenti,2,Percentuale,2021,0.0121017205001563,0.0136229569134957,0.0105849942411353
1,Intera Popolazione,5,Prevalenza,142,Iran (Repubblica Islamica dell'),2,Femmine,22,Tutte le età,561,Disturbi da consumo di stupefacenti,2,Percentuale,2021,0.0042045509254379,0.0047266317508207,0.003710483645757
1,Intera Popolazione,5,Prevalenza,95,Regno Unito,1,Maschi,22,Tutte le età,561,Disturbi da consumo di stupefacenti,2,Percentuale,2021,0.024017050217188,0.0280736823519599,0.020671949499153
1,Intera Popolazione,5,Prevalenza,95,Regno Unito,2,Femmine,22,Tutte le età,561,Disturbi da consumo di stupefacenti,2,Percentuale,2021,0.0130095637646471,0.0148826115361772,0.011427602835183
1,Intera Popolazione,5,Prevalenza,67,Giappone,1,Maschi,22,Tutte le età,561,Disturbi da consumo di stupefacenti,2,Percentuale,2021,0.0069395248270753,0.0081648975348455,0.0057189740813295
1,Intera Popolazione,5,Prevalenza,67,Giappone,2,Femmine,22,Tutte le età,561,Disturbi da consumo di stupefacenti,2,Percentuale,2021,0.0052607941466244,0.0062188286164442,0.0043722343029855
1,Intera Popolazione,5,Prevalenza,192,Africa Subsahariana Meridionale,1,Maschi,22,Tutte le età,561,Disturbi da consumo di stupefacenti,2,Percentuale,2010,0.0097990065091305,0.0117756454659504,0.0081410403570429
1,Intera Popolazione,5,Prevalenza,192,Africa Subsahariana Meridionale,2,Femmine,22,Tutte le età,561,Disturbi da consumo di stupefacenti,2,Percentuale,2010,0.0060308609892214,0.0069229991685447,0.0052033226821689
1,Intera Popolazione,5,Prevalenza,196,Sudafrica,1,Maschi,22,Tutte le età,561,Disturbi da consumo di stupefacenti,2,Percentuale,2010,0.0114250825463825,0.0135102197162469,0.0095658753094046
1,Intera Popolazione,5,Prevalenza,196,Sudafrica,2,Femmine,22,Tutte le età,561,Disturbi da consumo di stupefacenti,2,Percentuale,2010,0.007163511844447,0.0081448448935411,0.0061640575546666
1,Intera Popolazione,5,Prevalenza,174,Africa Subsahariana Orientale,1,Maschi,22,Tutte le età,561,Disturbi da consumo di stupefacenti,2,Percentuale,2021,0.0039711830164079,0.0055714068261564,0.0029262427710682
1,Intera Popolazione,5,Prevalenza,174,Africa Subsahariana Orientale,2,Femmine,22,Tutte le età,561,Disturbi da consumo di stupefacenti,2,Percentuale,2021,0.0023110526180883,0.003013893053327,0.0018013006402064
1,Intera Popolazione,5,Prevalenza,80,Francia,1,Maschi,22,Tutte le età,561,Disturbi da consumo di stupefacenti,2,Percentuale,2022,0.0117995912516381,0.0136081531728808,0.0102275393986832
1,Intera Popolazione,5,Prevalenza,80,Francia,2,Femmine,22,Tutte le età,561,Disturbi da consumo di stupefacenti,2,Percentuale,2022,0.006824565233843,0.0076665337562593,0.0060561085647272
1,Intera Popolazione,5,Prevalenza,95,Regno Unito,1,Maschi,22,Tutte le età,561,Disturbi da consumo di stupefacenti,2,Percentuale,2022,0.023725984495331,0.0279174262244852,0.0204352474687571
1,Intera Popolazione,5,Prevalenza,95,Regno Unito,2,Femmine,22,Tutte le età,561,Disturbi da consumo di stupefacenti,2,Percentuale,2022,0.0128339777130488,0.0145847680774752,0.0113262718240257
1,Intera Popolazione,5,Prevalenza,174,Africa Subsahariana Orientale,1,Maschi,22,Tutte le età,561,Disturbi da consumo di stupefacenti,2,Percentuale,2022,0.0040173386179399,0.0056208137030769,0.0029600154605435
1,Intera Popolazione,5,Prevalenza,174,Africa Subsahariana Orientale,2,Femmine,22,Tutte le età,561,Disturbi da consumo di stupefacenti,2,Percentuale,2022,0.0023506065664748,0.0030565269541167,0.0018363616555906
1,Intera Popolazione,5,Prevalenza,80,Francia,1,Maschi,22,Tutte le età,561,Disturbi da consumo di stupefacenti,2,Percentuale,2021,0.0120497909015311,0.0136613300115029,0.0105782163213115
1,Intera Popolazione,5,Prevalenza,80,Francia,2,Femmine,22,Tutte le età,561,Disturbi da consumo di stupefacenti,2,Percentuale,2021,0.0070024446849663,0.00781710313336,0.0062443073206175
1,Intera Popolazione,5,Prevalenza,67,Giappone,1,Maschi,22,Tutte le età,561,Disturbi da consumo di stupefacenti,2,Percentuale,2023,0.0069512812222952,0.0081537922767804,0.0057471055995685
1,Intera Popolazione,5,Prevalenza,67,Giappone,2,Femmine,22,Tutte le età,561,Disturbi da consumo di stupefacenti,2,Percentuale,2023,0.0052275625002346,0.0061796006407803,0.0043423885086454
1,Intera Popolazione,5,Prevalenza,199,Africa Subsahariana Occidentale,1,Maschi,22,Tutte le età,561,Disturbi da consumo di stupefacenti,2,Percentuale,2022,0.0025331134645421,0.003173357873357,0.0019956861255424
1,Intera Popolazione,5,Prevalenza,199,Africa Subsahariana Occidentale,2,Femmine,22,Tutte le età,561,Disturbi da consumo di stupefacenti,2,Percentuale,2022,0.001911756383482,0.0022740159416338,0.0015985729349856
1,Intera Popolazione,5,Prevalenza,80,Francia,1,Maschi,22,Tutte le età,561,Disturbi da consumo di stupefacenti,2,Percentuale,2023,0.0118027599218398,0.0136196349476624,0.0102418892660515
1,Intera Popolazione,5,Prevalenza,80,Francia,2,Femmine,22,Tutte le età,561,Disturbi da consumo di stupefacenti,2,Percentuale,2023,0.0068175969267227,0.0076266119114957,0.0060298767904635
1,Intera Popolazione,5,Prevalenza,174,Africa Subsahariana Orientale,1,Maschi,22,Tutte le età,561,Disturbi da consumo di stupefacenti,2,Percentuale,2023,0.0040444020795721,0.005655868201686,0.0029828324670799
1,Intera Popolazione,5,Prevalenza,174,Africa Subsahariana Orientale,2,Femmine,22,Tutte le età,561,Disturbi da consumo di stupefacenti,2,Percentuale,2023,0.0023591912374208,0.0030682724422631,0.0018425878870649
1,Intera Popolazione,5,Prevalenza,196,Sudafrica,1,Maschi,22,Tutte le età,561,Disturbi da consumo di stupefacenti,2,Percentuale,2007,0.0116263795309635,0.0136885656101076,0.0097313842169988
1,Intera Popolazione,5,Prevalenza,196,Sudafrica,2,Femmine,22,Tutte le età,561,Disturbi da consumo di stupefacenti,2,Percentuale,2007,0.007509817930977,0.0085674716615931,0.0064667764563695
1,Intera Popolazione,5,Prevalenza,56,Europa Orientale,1,Maschi,22,Tutte le età,561,Disturbi da consumo di stupefacenti,2,Percentuale,2011,0.0189300590773727,0.0213604458813695,0.016702954668148
1,Intera Popolazione,5,Prevalenza,56,Europa Orientale,2,Femmine,22,Tutte le età,561,Disturbi da consumo di stupefacenti,2,Percentuale,2011,0.0081504886874766,0.009095015656209,0.0071633973651675
1,Intera Popolazione,5,Prevalenza,101,Canada,1,Maschi,22,Tutte le età,561,Disturbi da consumo di stupefacenti,2,Percentuale,2011,0.0285628797476371,0.031532388808004,0.0260679405905113
1,Intera Popolazione,5,Prevalenza,101,Canada,2,Femmine,22,Tutte le età,561,Disturbi da consumo di stupefacenti,2,Percentuale,2011,0.0179414914724963,0.0195624766673775,0.0164198255912386
1,Intera Popolazione,5,Prevalenza,142,Iran (Repubblica Islamica dell'),1,Maschi,22,Tutte le età,561,Disturbi da consumo di stupefacenti,2,Percentuale,2023,0.011822324897488,0.0133639576348112,0.0103206486682439
1,Intera Popolazione,5,Prevalenza,142,Iran (Repubblica Islamica dell'),2,Femmine,22,Tutte le età,561,Disturbi da consumo di stupefacenti,2,Percentuale,2023,0.0040876826142062,0.0045894252026822,0.0035986248630165
1,Intera Popolazione,5,Prevalenza,199,Africa Subsahariana Occidentale,1,Maschi,22,Tutte le età,561,Disturbi da consumo di stupefacenti,2,Percentuale,2023,0.0025473947181407,0.0032013799786072,0.0020039341256655
1,Intera Popolazione,5,Prevalenza,199,Africa Subsahariana Occidentale,2,Femmine,22,Tutte le età,561,Disturbi da consumo di stupefacenti,2,Percentuale,2023,0.0019177469326383,0.0022846147902299,0.0016020825240443
1,Intera Popolazione,5,Prevalenza,95,Regno Unito,1,Maschi,22,Tutte le età,561,Disturbi da consumo di stupefacenti,2,Percentuale,2023,0.0242253732828263,0.028124826080637,0.020942177933073
1,Intera Popolazione,5,Prevalenza,95,Regno Unito,2,Femmine,22,Tutte le età,561,Disturbi da consumo di stupefacenti,2,Percentuale,2023,0.0128799646664737,0.0146008134148095,0.0112943243263374
1,Intera Popolazione,5,Prevalenza,196,Sudafrica,1,Maschi,22,Tutte le età,561,Disturbi da consumo di stupefacenti,2,Percentuale,2008,0.0115675927699361,0.0136604578127725,0.0096889793929649
1,Intera Popolazione,5,Prevalenza,196,Sudafrica,2,Femmine,22,Tutte le età,561,Disturbi da consumo di stupefacenti,2,Percentuale,2008,0.0074127636468914,0.0084360305300107,0.0063852490111659
1,Intera Popolazione,5,Prevalenza,86,Italia,1,Maschi,22,Tutte le età,561,Disturbi da consumo di stupefacenti,2,Percentuale,2011,0.0129479606839648,0.0158452447277036,0.0106951394796798
1,Intera Popolazione,5,Prevalenza,86,Italia,2,Femmine,22,Tutte le età,561,Disturbi da consumo di stupefacenti,2,Percentuale,2011,0.0071699823641886,0.0085184968946823,0.0059164061956659
1,Intera Popolazione,5,Prevalenza,11,Indonesia,1,Maschi,22,Tutte le età,561,Disturbi da consumo di stupefacenti,2,Percentuale,2011,0.0050161655025423,0.0062495196126218,0.0038716742791775
1,Intera Popolazione,5,Prevalenza,11,Indonesia,2,Femmine,22,Tutte le età,561,Disturbi da consumo di stupefacenti,2,Percentuale,2011,0.0045362496553015,0.0057177557977222,0.003592288621541
1,Intera Popolazione,5,Prevalenza,192,Africa Subsahariana Meridionale,1,Maschi,22,Tutte le età,561,Disturbi da consumo di stupefacenti,2,Percentuale,2011,0.0096959634786488,0.0116408575637185,0.0080413931290627
1,Intera Popolazione,5,Prevalenza,192,Africa Subsahariana Meridionale,2,Femmine,22,Tutte le età,561,Disturbi da consumo di stupefacenti,2,Percentuale,2011,0.0058741567398457,0.006741448223361,0.0050662510108358
1,Intera Popolazione,5,Prevalenza,163,India,1,Maschi,22,Tutte le età,561,Disturbi da consumo di stupefacenti,2,Percentuale,2011,0.0052286532018848,0.0065396464341152,0.0041183842862295
1,Intera Popolazione,5,Prevalenza,163,India,2,Femmine,22,Tutte le età,561,Disturbi da consumo di stupefacenti,2,Percentuale,2011,0.0025708748020315,0.0030788650035772,0.0020480411547349
1,Intera Popolazione,5,Prevalenza,167,Africa Subsahariana Centrale,1,Maschi,22,Tutte le età,561,Disturbi da consumo di stupefacenti,2,Percentuale,2008,0.0032871022800758,0.004446667463868,0.0024148534372532
1,Intera Popolazione,5,Prevalenza,167,Africa Subsahariana Centrale,2,Femmine,22,Tutte le età,561,Disturbi da consumo di stupefacenti,2,Percentuale,2008,0.0020249327669822,0.0024989196016213,0.0016273721819711
1,Intera Popolazione,5,Prevalenza,135,Brasile,1,Maschi,22,Tutte le età,561,Disturbi da consumo di stupefacenti,2,Percentuale,2011,0.0143184511352496,0.0168521068474367,0.0119776166029685
1,Intera Popolazione,5,Prevalenza,135,Brasile,2,Femmine,22,Tutte le età,561,Disturbi da consumo di stupefacenti,2,Percentuale,2011,0.0084374654941762,0.0097852329467437,0.0070922749744861
1,Intera Popolazione,5,Prevalenza,71,Australia,1,Maschi,22,Tutte le età,561,Disturbi da consumo di stupefacenti,2,Percentuale,2011,0.0292296924140957,0.0312991970005462,0.026907125731943
1,Intera Popolazione,5,Prevalenza,71,Australia,2,Femmine,22,Tutte le età,561,Disturbi da consumo di stupefacenti,2,Percentuale,2011,0.0171052750886711,0.0185052095454116,0.0158432835803614
1,Intera Popolazione,5,Prevalenza,101,Canada,1,Maschi,22,Tutte le età,561,Disturbi da consumo di stupefacenti,2,Percentuale,2012,0.0288749789086966,0.0315837178715107,0.0263830011450691
1,Intera Popolazione,5,Prevalenza,101,Canada,2,Femmine,22,Tutte le età,561,Disturbi da consumo di stupefacenti,2,Percentuale,2012,0.0179406019143093,0.0195435107203781,0.0165339098480904
1,Intera Popolazione,5,Prevalenza,11,Indonesia,1,Maschi,22,Tutte le età,561,Disturbi da consumo di stupefacenti,2,Percentuale,2012,0.0050135896599797,0.0062326230809291,0.0038670042073168
1,Intera Popolazione,5,Prevalenza,11,Indonesia,2,Femmine,22,Tutte le età,561,Disturbi da consumo di stupefacenti,2,Percentuale,2012,0.0045277777067698,0.0057028670726804,0.0035931051177268
1,Intera Popolazione,5,Prevalenza,167,Africa Subsahariana Centrale,1,Maschi,22,Tutte le età,561,Disturbi da consumo di stupefacenti,2,Percentuale,2011,0.0033011483689706,0.004455191837085,0.0024224155497572
1,Intera Popolazione,5,Prevalenza,167,Africa Subsahariana Centrale,2,Femmine,22,Tutte le età,561,Disturbi da consumo di stupefacenti,2,Percentuale,2011,0.0020400520809926,0.002511149127069,0.0016430330631416
1,Intera Popolazione,5,Prevalenza,192,Africa Subsahariana Meridionale,1,Maschi,22,Tutte le età,561,Disturbi da consumo di stupefacenti,2,Percentuale,2012,0.009511505653948,0.0114248760904314,0.007870326276205
1,Intera Popolazione,5,Prevalenza,192,Africa Subsahariana Meridionale,2,Femmine,22,Tutte le età,561,Disturbi da consumo di stupefacenti,2,Percentuale,2012,0.0056369881009792,0.0064704862330896,0.0048677521736132
1,Intera Popolazione,5,Prevalenza,56,Europa Orientale,1,Maschi,22,Tutte le età,561,Disturbi da consumo di stupefacenti,2,Percentuale,2012,0.0181239354796986,0.0203760472812478,0.0160675245184802
1,Intera Popolazione,5,Prevalenza,56,Europa Orientale,2,Femmine,22,Tutte le età,561,Disturbi da consumo di stupefacenti,2,Percentuale,2012,0.0078546108887808,0.0087771195448087,0.0069228394738062
1,Intera Popolazione,5,Prevalenza,196,Sudafrica,1,Maschi,22,Tutte le età,561,Disturbi da consumo di stupefacenti,2,Percentuale,2012,0.0110208728290574,0.0130050707331983,0.0092222691978089
1,Intera Popolazione,5,Prevalenza,196,Sudafrica,2,Femmine,22,Tutte le età,561,Disturbi da consumo di stupefacenti,2,Percentuale,2012,0.0066176274694318,0.0075379870438254,0.0057107409299442
1,Intera Popolazione,5,Prevalenza,11,Indonesia,1,Maschi,22,Tutte le età,561,Disturbi da consumo di stupefacenti,2,Percentuale,2013,0.0050120632264203,0.0062166114174131,0.0038609211633189
1,Intera Popolazione,5,Prevalenza,11,Indonesia,2,Femmine,22,Tutte le età,561,Disturbi da consumo di stupefacenti,2,Percentuale,2013,0.0045206026192731,0.0056897309317271,0.0035949054615012
1,Intera Popolazione,5,Prevalenza,163,India,1,Maschi,22,Tutte le età,561,Disturbi da consumo di stupefacenti,2,Percentuale,2012,0.005354315317221,0.0066730902494728,0.0042464149390083
1,Intera Popolazione,5,Prevalenza,163,India,2,Femmine,22,Tutte le età,561,Disturbi da consumo di stupefacenti,2,Percentuale,2012,0.0025902005790752,0.0031007084891772,0.0020641747118725
1,Intera Popolazione,5,Prevalenza,196,Sudafrica,1,Maschi,22,Tutte le età,561,Disturbi da consumo di stupefacenti,2,Percentuale,2009,0.0114941768161046,0.0135909791514883,0.0096261204322257
1,Intera Popolazione,5,Prevalenza,196,Sudafrica,2,Femmine,22,Tutte le età,561,Disturbi da consumo di stupefacenti,2,Percentuale,2009,0.0072935164732453,0.0082833889581766,0.0062765157948587
1,Intera Popolazione,5,Prevalenza,135,Brasile,1,Maschi,22,Tutte le età,561,Disturbi da consumo di stupefacenti,2,Percentuale,2012,0.0143087675589762,0.0168127285378361,0.0119616751266051
1,Intera Popolazione,5,Prevalenza,135,Brasile,2,Femmine,22,Tutte le età,561,Disturbi da consumo di stupefacenti,2,Percentuale,2012,0.0083681617144468,0.0097031314527837,0.0070452078906618
1,Intera Popolazione,5,Prevalenza,86,Italia,1,Maschi,22,Tutte le età,561,Disturbi da consumo di stupefacenti,2,Percentuale,2012,0.0123817524638581,0.0150870087547374,0.0102312326254873
1,Intera Popolazione,5,Prevalenza,86,Italia,2,Femmine,22,Tutte le età,561,Disturbi da consumo di stupefacenti,2,Percentuale,2012,0.0068681230972578,0.008230461359388,0.0056687705319231
1,Intera Popolazione,5,Prevalenza,71,Australia,1,Maschi,22,Tutte le età,561,Disturbi da consumo di stupefacenti,2,Percentuale,2012,0.0289176266185269,0.0310224219024949,0.026595419215154
1,Intera Popolazione,5,Prevalenza,71,Australia,2,Femmine,22,Tutte le età,561,Disturbi da consumo di stupefacenti,2,Percentuale,2012,0.0170495193514119,0.0184143144049115,0.0158060664822828
1,Intera Popolazione,5,Prevalenza,167,Africa Subsahariana Centrale,1,Maschi,22,Tutte le età,561,Disturbi da consumo di stupefacenti,2,Percentuale,2010,0.0032968533968936,0.0044580814074201,0.0024073754366887
1,Intera Popolazione,5,Prevalenza,167,Africa Subsahariana Centrale,2,Femmine,22,Tutte le età,561,Disturbi da consumo di stupefacenti,2,Percentuale,2010,0.0020366056367483,0.0025049809440668,0.0016387228412333
1,Intera Popolazione,5,Prevalenza,56,Europa Orientale,1,Maschi,22,Tutte le età,561,Disturbi da consumo di stupefacenti,2,Percentuale,2013,0.0172687346467226,0.0193766394949539,0.0153768704358532
1,Intera Popolazione,5,Prevalenza,56,Europa Orientale,2,Femmine,22,Tutte le età,561,Disturbi da consumo di stupefacenti,2,Percentuale,2013,0.0075408675883751,0.0084448915705167,0.0066620352893403
1,Intera Popolazione,5,Prevalenza,71,Australia,1,Maschi,22,Tutte le età,561,Disturbi da consumo di stupefacenti,2,Percentuale,2013,0.0285052326630443,0.0307922307038868,0.0262176762825263
1,Intera Popolazione,5,Prevalenza,71,Australia,2,Femmine,22,Tutte le età,561,Disturbi da consumo di stupefacenti,2,Percentuale,2013,0.0169597092362452,0.0183685973525029,0.0157478871344075
1,Intera Popolazione,5,Prevalenza,167,Africa Subsahariana Centrale,1,Maschi,22,Tutte le età,561,Disturbi da consumo di stupefacenti,2,Percentuale,2013,0.0033154633551259,0.004456936424459,0.0024556781202723
1,Intera Popolazione,5,Prevalenza,167,Africa Subsahariana Centrale,2,Femmine,22,Tutte le età,561,Disturbi da consumo di stupefacenti,2,Percentuale,2013,0.002047371971472,0.0025239709808923,0.0016514033662348
1,Intera Popolazione,5,Prevalenza,135,Brasile,1,Maschi,22,Tutte le età,561,Disturbi da consumo di stupefacenti,2,Percentuale,2013,0.0142567594020297,0.016741685652943,0.011915718929249
1,Intera Popolazione,5,Prevalenza,135,Brasile,2,Femmine,22,Tutte le età,561,Disturbi da consumo di stupefacenti,2,Percentuale,2013,0.0082813871191608,0.0095919946704256,0.0069847833652776
1,Intera Popolazione,5,Prevalenza,86,Italia,1,Maschi,22,Tutte le età,561,Disturbi da consumo di stupefacenti,2,Percentuale,2013,0.0117814721004358,0.0143120375027583,0.0097361425912004
1,Intera Popolazione,5,Prevalenza,86,Italia,2,Femmine,22,Tutte le età,561,Disturbi da consumo di stupefacenti,2,Percentuale,2013,0.0065401185772302,0.0078702547263469,0.0053900800394944
1,Intera Popolazione,5,Prevalenza,163,India,1,Maschi,22,Tutte le età,561,Disturbi da consumo di stupefacenti,2,Percentuale,2013,0.0055008057066329,0.0068290153290973,0.0043957269086475
1,Intera Popolazione,5,Prevalenza,163,India,2,Femmine,22,Tutte le età,561,Disturbi da consumo di stupefacenti,2,Percentuale,2013,0.0026161007498574,0.0031299410076101,0.0020863892734152
1,Intera Popolazione,5,Prevalenza,101,Canada,1,Maschi,22,Tutte le età,561,Disturbi da consumo di stupefacenti,2,Percentuale,2013,0.0292055204867044,0.0320258339353362,0.0266287719231033
1,Intera Popolazione,5,Prevalenza,101,Canada,2,Femmine,22,Tutte le età,561,Disturbi da consumo di stupefacenti,2,Percentuale,2013,0.0179679554682844,0.0195958084254468,0.0165260548895515
1,Intera Popolazione,5,Prevalenza,192,Africa Subsahariana Meridionale,1,Maschi,22,Tutte le età,561,Disturbi da consumo di stupefacenti,2,Percentuale,2013,0.0092995875067547,0.0111808461344865,0.007675891275126
1,Intera Popolazione,5,Prevalenza,192,Africa Subsahariana Meridionale,2,Femmine,22,Tutte le età,561,Disturbi da consumo di stupefacenti,2,Percentuale,2013,0.0053784898848262,0.0061826837623583,0.0046548533690905
1,Intera Popolazione,5,Prevalenza,196,Sudafrica,1,Maschi,22,Tutte le età,561,Disturbi da consumo di stupefacenti,2,Percentuale,2011,0.0112818489106732,0.0133072682966966,0.0094326717851444
1,Intera Popolazione,5,Prevalenza,196,Sudafrica,2,Femmine,22,Tutte le età,561,Disturbi da consumo di stupefacenti,2,Percentuale,2011,0.0069472953758782,0.007892433500363,0.0059890125892679
1,Intera Popolazione,5,Prevalenza,11,Indonesia,1,Maschi,22,Tutte le età,561,Disturbi da consumo di stupefacenti,2,Percentuale,2014,0.0050116868883412,0.0062017948623408,0.0038561836176282
1,Intera Popolazione,5,Prevalenza,11,Indonesia,2,Femmine,22,Tutte le età,561,Disturbi da consumo di stupefacenti,2,Percentuale,2014,0.0045145243107541,0.0056743734237945,0.0035874742117374
1,Intera Popolazione,5,Prevalenza,101,Canada,1,Maschi,22,Tutte le età,561,Disturbi da consumo di stupefacenti,2,Percentuale,2015,0.0297886362291739,0.032728180636913,0.0270063601014772
1,Intera Popolazione,5,Prevalenza,101,Canada,2,Femmine,22,Tutte le età,561,Disturbi da consumo di stupefacenti,2,Percentuale,2015,0.0180121258953208,0.0198164071623462,0.0165208263664453
1,Intera Popolazione,5,Prevalenza,86,Italia,1,Maschi,22,Tutte le età,561,Disturbi da consumo di stupefacenti,2,Percentuale,2015,0.0109220145245354,0.0131598535082945,0.0090024627607373
1,Intera Popolazione,5,Prevalenza,86,Italia,2,Femmine,22,Tutte le età,561,Disturbi da consumo di stupefacenti,2,Percentuale,2015,0.0060384833444727,0.0073298605384934,0.0049511776999117
1,Intera Popolazione,5,Prevalenza,135,Brasile,1,Maschi,22,Tutte le età,561,Disturbi da consumo di stupefacenti,2,Percentuale,2014,0.0141905101715857,0.0166201752374535,0.0118562163964236
1,Intera Popolazione,5,Prevalenza,135,Brasile,2,Femmine,22,Tutte le età,561,Disturbi da consumo di stupefacenti,2,Percentuale,2014,0.0081959705988465,0.0094929682142954,0.0069261290242274
1,Intera Popolazione,5,Prevalenza,71,Australia,1,Maschi,22,Tutte le età,561,Disturbi da consumo di stupefacenti,2,Percentuale,2015,0.0276268599148423,0.0300748872367977,0.0253245343684995
1,Intera Popolazione,5,Prevalenza,71,Australia,2,Femmine,22,Tutte le età,561,Disturbi da consumo di stupefacenti,2,Percentuale,2015,0.0166869730278531,0.0182188439842723,0.0153780271227264
1,Intera Popolazione,5,Prevalenza,56,Europa Orientale,1,Maschi,22,Tutte le età,561,Disturbi da consumo di stupefacenti,2,Percentuale,2014,0.0164948706859879,0.018478778838364,0.0147448176915703
1,Intera Popolazione,5,Prevalenza,56,Europa Orientale,2,Femmine,22,Tutte le età,561,Disturbi da consumo di stupefacenti,2,Percentuale,2014,0.007255579865382,0.0081387710651558,0.0064241167191282
1,Intera Popolazione,5,Prevalenza,163,India,1,Maschi,22,Tutte le età,561,Disturbi da consumo di stupefacenti,2,Percentuale,2015,0.0057011674618276,0.0070213011824147,0.004586976413855
1,Intera Popolazione,5,Prevalenza,163,India,2,Femmine,22,Tutte le età,561,Disturbi da consumo di stupefacenti,2,Percentuale,2015,0.0026819148562916,0.0032038439399464,0.0021442227807605
1,Intera Popolazione,5,Prevalenza,101,Canada,1,Maschi,22,Tutte le età,561,Disturbi da consumo di stupefacenti,2,Percentuale,2014,0.0295174136407904,0.0323570027252491,0.0267264876071503
1,Intera Popolazione,5,Prevalenza,101,Canada,2,Femmine,22,Tutte le età,561,Disturbi da consumo di stupefacenti,2,Percentuale,2014,0.017995817335394,0.0196997904489331,0.016567537126853
1,Intera Popolazione,5,Prevalenza,163,India,1,Maschi,22,Tutte le età,561,Disturbi da consumo di stupefacenti,2,Percentuale,2014,0.0056293843926749,0.006952737140352,0.0045254850147883
1,Intera Popolazione,5,Prevalenza,163,India,2,Femmine,22,Tutte le età,561,Disturbi da consumo di stupefacenti,2,Percentuale,2014,0.002647164476549,0.0031648781369651,0.002113484413423
1,Intera Popolazione,5,Prevalenza,11,Indonesia,1,Maschi,22,Tutte le età,561,Disturbi da consumo di stupefacenti,2,Percentuale,2015,0.0050131998170993,0.0061893291686139,0.0038533032670101
1,Intera Popolazione,5,Prevalenza,11,Indonesia,2,Femmine,22,Tutte le età,561,Disturbi da consumo di stupefacenti,2,Percentuale,2015,0.0045099013108177,0.0056656832023306,0.0035800165895845
1,Intera Popolazione,5,Prevalenza,192,Africa Subsahariana Meridionale,1,Maschi,22,Tutte le età,561,Disturbi da consumo di stupefacenti,2,Percentuale,2014,0.0091124372716987,0.0109444828744354,0.0075042283374258
1,Intera Popolazione,5,Prevalenza,192,Africa Subsahariana Meridionale,2,Femmine,22,Tutte le età,561,Disturbi da consumo di stupefacenti,2,Percentuale,2014,0.0051569046074656,0.0059351843181797,0.0044716838499341
1,Intera Popolazione,5,Prevalenza,71,Australia,1,Maschi,22,Tutte le età,561,Disturbi da consumo di stupefacenti,2,Percentuale,2014,0.0280484932997612,0.0304251675518797,0.0257031032537016
1,Intera Popolazione,5,Prevalenza,71,Australia,2,Femmine,22,Tutte le età,561,Disturbi da consumo di stupefacenti,2,Percentuale,2014,0.0168283145333098,0.0182400463008498,0.0156382630886229
1,Intera Popolazione,5,Prevalenza,167,Africa Subsahariana Centrale,1,Maschi,22,Tutte le età,561,Disturbi da consumo di stupefacenti,2,Percentuale,2015,0.0033301944560695,0.0044611547759435,0.0024717580592414
1,Intera Popolazione,5,Prevalenza,167,Africa Subsahariana Centrale,2,Femmine,22,Tutte le età,561,Disturbi da consumo di stupefacenti,2,Percentuale,2015,0.0020538193151375,0.0025370972085163,0.0016595587754679
1,Intera Popolazione,5,Prevalenza,135,Brasile,1,Maschi,22,Tutte le età,561,Disturbi da consumo di stupefacenti,2,Percentuale,2015,0.0141271627815825,0.0165276292276619,0.0118491245862436
1,Intera Popolazione,5,Prevalenza,135,Brasile,2,Femmine,22,Tutte le età,561,Disturbi da consumo di stupefacenti,2,Percentuale,2015,0.0081274433218991,0.0094067341405516,0.0068786603209015
1,Intera Popolazione,5,Prevalenza,86,Italia,1,Maschi,22,Tutte le età,561,Disturbi da consumo di stupefacenti,2,Percentuale,2014,0.01125673684232,0.0136190631415453,0.0093038668354569
1,Intera Popolazione,5,Prevalenza,86,Italia,2,Femmine,22,Tutte le età,561,Disturbi da consumo di stupefacenti,2,Percentuale,2014,0.0062425086894482,0.0075481404685846,0.0051365133883278
1,Intera Popolazione,5,Prevalenza,56,Europa Orientale,1,Maschi,22,Tutte le età,561,Disturbi da consumo di stupefacenti,2,Percentuale,2015,0.0159068554736236,0.0178534599986598,0.0142209785716166
1,Intera Popolazione,5,Prevalenza,56,Europa Orientale,2,Femmine,22,Tutte le età,561,Disturbi da consumo di stupefacenti,2,Percentuale,2015,0.0070364398825363,0.0078981182750054,0.0062378058803028
1,Intera Popolazione,5,Prevalenza,196,Sudafrica,1,Maschi,22,Tutte le età,561,Disturbi da consumo di stupefacenti,2,Percentuale,2014,0.0104522630239909,0.0122945096028972,0.0087164532798675
1,Intera Popolazione,5,Prevalenza,196,Sudafrica,2,Femmine,22,Tutte le età,561,Disturbi da consumo di stupefacenti,2,Percentuale,2014,0.0059486442504793,0.0068262144777869,0.0051507930439744
1,Intera Popolazione,5,Prevalenza,167,Africa Subsahariana Centrale,1,Maschi,22,Tutte le età,561,Disturbi da consumo di stupefacenti,2,Percentuale,2012,0.0033076168546148,0.0044550902845834,0.0024390586034785
1,Intera Popolazione,5,Prevalenza,167,Africa Subsahariana Centrale,2,Femmine,22,Tutte le età,561,Disturbi da consumo di stupefacenti,2,Percentuale,2012,0.00204367560012,0.0025174573248266,0.0016471737916662
1,Intera Popolazione,5,Prevalenza,192,Africa Subsahariana Meridionale,1,Maschi,22,Tutte le età,561,Disturbi da consumo di stupefacenti,2,Percentuale,2015,0.0090029106596582,0.0108114591294629,0.0074018872884251
1,Intera Popolazione,5,Prevalenza,192,Africa Subsahariana Meridionale,2,Femmine,22,Tutte le età,561,Disturbi da consumo di stupefacenti,2,Percentuale,2015,0.005032037732282,0.0058009332368461,0.0043665491964554
1,Intera Popolazione,5,Prevalenza,101,Canada,1,Maschi,22,Tutte le età,561,Disturbi da consumo di stupefacenti,2,Percentuale,2016,0.0299944879374955,0.0329199030173223,0.0273721781811385
1,Intera Popolazione,5,Prevalenza,101,Canada,2,Femmine,22,Tutte le età,561,Disturbi da consumo di stupefacenti,2,Percentuale,2016,0.0180103951789531,0.0197289475818511,0.0165886240253346
1,Intera Popolazione,5,Prevalenza,192,Africa Subsahariana Meridionale,1,Maschi,22,Tutte le età,561,Disturbi da consumo di stupefacenti,2,Percentuale,2016,0.0089219062506673,0.0107111144203016,0.0073741317681994
1,Intera Popolazione,5,Prevalenza,192,Africa Subsahariana Meridionale,2,Femmine,22,Tutte le età,561,Disturbi da consumo di stupefacenti,2,Percentuale,2016,0.0049689523295955,0.005713635392369,0.0043120265816159
1,Intera Popolazione,5,Prevalenza,196,Sudafrica,1,Maschi,22,Tutte le età,561,Disturbi da consumo di stupefacenti,2,Percentuale,2016,0.0101761549957768,0.0119813823630128,0.0085451782432312
1,Intera Popolazione,5,Prevalenza,196,Sudafrica,2,Femmine,22,Tutte le età,561,Disturbi da consumo di stupefacenti,2,Percentuale,2016,0.0056854140731459,0.0065403626912872,0.0049091729439036
1,Intera Popolazione,5,Prevalenza,56,Europa Orientale,1,Maschi,22,Tutte le età,561,Disturbi da consumo di stupefacenti,2,Percentuale,2016,0.015481333658232,0.0174083468622858,0.013870570952745
1,Intera Popolazione,5,Prevalenza,56,Europa Orientale,2,Femmine,22,Tutte le età,561,Disturbi da consumo di stupefacenti,2,Percentuale,2016,0.0068766948836805,0.0077125380214909,0.0061013205530922
1,Intera Popolazione,5,Prevalenza,163,India,1,Maschi,22,Tutte le età,561,Disturbi da consumo di stupefacenti,2,Percentuale,2016,0.0056659603517238,0.0068868533950964,0.0045465451831061
1,Intera Popolazione,5,Prevalenza,163,India,2,Femmine,22,Tutte le età,561,Disturbi da consumo di stupefacenti,2,Percentuale,2016,0.002757344933728,0.0032897013420078,0.0022157636455531
1,Intera Popolazione,5,Prevalenza,71,Australia,1,Maschi,22,Tutte le età,561,Disturbi da consumo di stupefacenti,2,Percentuale,2016,0.0272102593732385,0.0296254841631954,0.0248606177282493
1,Intera Popolazione,5,Prevalenza,71,Australia,2,Femmine,22,Tutte le età,561,Disturbi da consumo di stupefacenti,2,Percentuale,2016,0.0164963514891918,0.0180175435772532,0.0151400159915825
1,Intera Popolazione,5,Prevalenza,196,Sudafrica,1,Maschi,22,Tutte le età,561,Disturbi da consumo di stupefacenti,2,Percentuale,2013,0.0107195083196103,0.012628112331849,0.0089644661163841
1,Intera Popolazione,5,Prevalenza,196,Sudafrica,2,Femmine,22,Tutte le età,561,Disturbi da consumo di stupefacenti,2,Percentuale,2013,0.0062575437826809,0.0071546883887971,0.005408055439002
1,Intera Popolazione,5,Prevalenza,11,Indonesia,1,Maschi,22,Tutte le età,561,Disturbi da consumo di stupefacenti,2,Percentuale,2016,0.0051031447320182,0.0063331519881378,0.0039258086534846
1,Intera Popolazione,5,Prevalenza,11,Indonesia,2,Femmine,22,Tutte le età,561,Disturbi da consumo di stupefacenti,2,Percentuale,2016,0.0045091127650994,0.0056520190766066,0.003584497257311
1,Intera Popolazione,5,Prevalenza,135,Brasile,1,Maschi,22,Tutte le età,561,Disturbi da consumo di stupefacenti,2,Percentuale,2016,0.0140604235149158,0.0164042503712233,0.011845807934846
1,Intera Popolazione,5,Prevalenza,135,Brasile,2,Femmine,22,Tutte le età,561,Disturbi da consumo di stupefacenti,2,Percentuale,2016,0.0080808830092766,0.0093425978488628,0.0068421869555117
1,Intera Popolazione,5,Prevalenza,86,Italia,1,Maschi,22,Tutte le età,561,Disturbi da consumo di stupefacenti,2,Percentuale,2016,0.0107571836743515,0.0128861923291331,0.0088648376716367
1,Intera Popolazione,5,Prevalenza,86,Italia,2,Femmine,22,Tutte le età,561,Disturbi da consumo di stupefacenti,2,Percentuale,2016,0.0059197374027764,0.0071827142329649,0.0048693301683015
1,Intera Popolazione,5,Prevalenza,167,Africa Subsahariana Centrale,1,Maschi,22,Tutte le età,561,Disturbi da consumo di stupefacenti,2,Percentuale,2014,0.0033233751474433,0.0044591525625142,0.0024648156352341
1,Intera Popolazione,5,Prevalenza,167,Africa Subsahariana Centrale,2,Femmine,22,Tutte le età,561,Disturbi da consumo di stupefacenti,2,Percentuale,2014,0.0020508282661483,0.0025305581025368,0.0016555770643321
1,Intera Popolazione,5,Prevalenza,196,Sudafrica,1,Maschi,22,Tutte le età,561,Disturbi da consumo di stupefacenti,2,Percentuale,2015,0.010293838711059,0.0121089770133854,0.0085633817243189
1,Intera Popolazione,5,Prevalenza,196,Sudafrica,2,Femmine,22,Tutte le età,561,Disturbi da consumo di stupefacenti,2,Percentuale,2015,0.0057740628150269,0.006651037927729,0.0050080104716188
1,Intera Popolazione,5,Prevalenza,167,Africa Subsahariana Centrale,1,Maschi,22,Tutte le età,561,Disturbi da consumo di stupefacenti,2,Percentuale,2016,0.0033377281004944,0.0044658963016162,0.0024697375961254
1,Intera Popolazione,5,Prevalenza,167,Africa Subsahariana Centrale,2,Femmine,22,Tutte le età,561,Disturbi da consumo di stupefacenti,2,Percentuale,2016,0.0020562732623804,0.0025390486237729,0.0016572514460853
1,Intera Popolazione,5,Prevalenza,11,Indonesia,1,Maschi,22,Tutte le età,561,Disturbi da consumo di stupefacenti,2,Percentuale,2017,0.0053134550331637,0.0066093263929687,0.0040918920830258
1,Intera Popolazione,5,Prevalenza,11,Indonesia,2,Femmine,22,Tutte le età,561,Disturbi da consumo di stupefacenti,2,Percentuale,2017,0.0045119963167313,0.0056423053077883,0.0035926079349431
1,Intera Popolazione,5,Prevalenza,71,Australia,1,Maschi,22,Tutte le età,561,Disturbi da consumo di stupefacenti,2,Percentuale,2017,0.026751607091728,0.0291481383749695,0.0245074030642486
1,Intera Popolazione,5,Prevalenza,71,Australia,2,Femmine,22,Tutte le età,561,Disturbi da consumo di stupefacenti,2,Percentuale,2017,0.0162272386697683,0.0177419922998569,0.0148819586331103
1,Intera Popolazione,5,Prevalenza,86,Italia,1,Maschi,22,Tutte le età,561,Disturbi da consumo di stupefacenti,2,Percentuale,2017,0.0106186022664509,0.0126360895673328,0.0087374974726837
1,Intera Popolazione,5,Prevalenza,86,Italia,2,Femmine,22,Tutte le età,561,Disturbi da consumo di stupefacenti,2,Percentuale,2017,0.0057895910098363,0.0069980758436323,0.0047944580460865
1,Intera Popolazione,5,Prevalenza,56,Europa Orientale,1,Maschi,22,Tutte le età,561,Disturbi da consumo di stupefacenti,2,Percentuale,2017,0.015110722291843,0.0170216332996858,0.013553360340974
1,Intera Popolazione,5,Prevalenza,56,Europa Orientale,2,Femmine,22,Tutte le età,561,Disturbi da consumo di stupefacenti,2,Percentuale,2017,0.0067350338506034,0.007549462242215,0.0059918027291881
1,Intera Popolazione,5,Prevalenza,163,India,1,Maschi,22,Tutte le età,561,Disturbi da consumo di stupefacenti,2,Percentuale,2017,0.0055411284716799,0.0067060112215215,0.0044393884216004
1,Intera Popolazione,5,Prevalenza,163,India,2,Femmine,22,Tutte le età,561,Disturbi da consumo di stupefacenti,2,Percentuale,2017,0.002888622858172,0.0034378247611243,0.0023342878831278
1,Intera Popolazione,5,Prevalenza,135,Brasile,1,Maschi,22,Tutte le età,561,Disturbi da consumo di stupefacenti,2,Percentuale,2017,0.0139749136582121,0.0163134156982544,0.0117950181236598
1,Intera Popolazione,5,Prevalenza,135,Brasile,2,Femmine,22,Tutte le età,561,Disturbi da consumo di stupefacenti,2,Percentuale,2017,0.0080425821219814,0.0092762401095161,0.0067945729136687
1,Intera Popolazione,5,Prevalenza,101,Canada,1,Maschi,22,Tutte le età,561,Disturbi da consumo di stupefacenti,2,Percentuale,2017,0.030146645890101,0.0329918628813734,0.027492315729058
1,Intera Popolazione,5,Prevalenza,101,Canada,2,Femmine,22,Tutte le età,561,Disturbi da consumo di stupefacenti,2,Percentuale,2017,0.0179897967746364,0.0196492217137509,0.0165737088858369
1,Intera Popolazione,5,Prevalenza,192,Africa Subsahariana Meridionale,1,Maschi,22,Tutte le età,561,Disturbi da consumo di stupefacenti,2,Percentuale,2017,0.0088082502973918,0.0105104644700136,0.0072975516935758
1,Intera Popolazione,5,Prevalenza,192,Africa Subsahariana Meridionale,2,Femmine,22,Tutte le età,561,Disturbi da consumo di stupefacenti,2,Percentuale,2017,0.0049013082751466,0.0056239919304948,0.004254361928644
1,Intera Popolazione,5,Prevalenza,167,Africa Subsahariana Centrale,1,Maschi,22,Tutte le età,561,Disturbi da consumo di stupefacenti,2,Percentuale,2017,0.0033480718268573,0.0044761689948802,0.0024685603103062
1,Intera Popolazione,5,Prevalenza,167,Africa Subsahariana Centrale,2,Femmine,22,Tutte le età,561,Disturbi da consumo di stupefacenti,2,Percentuale,2017,0.0020590740978431,0.0025415986422814,0.0016569379298732
1,Intera Popolazione,5,Prevalenza,196,Sudafrica,1,Maschi,22,Tutte le età,561,Disturbi da consumo di stupefacenti,2,Percentuale,2017,0.0100140701915008,0.0116992024181337,0.0084633583660046
1,Intera Popolazione,5,Prevalenza,196,Sudafrica,2,Femmine,22,Tutte le età,561,Disturbi da consumo di stupefacenti,2,Percentuale,2017,0.0055908868250961,0.0063932500381581,0.0048221378887559
1,Intera Popolazione,5,Prevalenza,11,Indonesia,1,Maschi,22,Tutte le età,561,Disturbi da consumo di stupefacenti,2,Percentuale,2018,0.0055624547891,0.0069714884720388,0.0042901833011059
1,Intera Popolazione,5,Prevalenza,11,Indonesia,2,Femmine,22,Tutte le età,561,Disturbi da consumo di stupefacenti,2,Percentuale,2018,0.0045148876470031,0.0056356097716623,0.0036004089433538
1,Intera Popolazione,5,Prevalenza,56,Europa Orientale,1,Maschi,22,Tutte le età,561,Disturbi da consumo di stupefacenti,2,Percentuale,2018,0.0147799017659255,0.0166804238513843,0.0132247390994065
1,Intera Popolazione,5,Prevalenza,56,Europa Orientale,2,Femmine,22,Tutte le età,561,Disturbi da consumo di stupefacenti,2,Percentuale,2018,0.0066083393893558,0.0074101685043356,0.0058879148552719
1,Intera Popolazione,5,Prevalenza,101,Canada,1,Maschi,22,Tutte le età,561,Disturbi da consumo di stupefacenti,2,Percentuale,2018,0.0302606983398241,0.0333622710346785,0.0276036283799819
1,Intera Popolazione,5,Prevalenza,101,Canada,2,Femmine,22,Tutte le età,561,Disturbi da consumo di stupefacenti,2,Percentuale,2018,0.0179550454222158,0.0195803803361104,0.0165810414556641
1,Intera Popolazione,5,Prevalenza,135,Brasile,1,Maschi,22,Tutte le età,561,Disturbi da consumo di stupefacenti,2,Percentuale,2018,0.0138758449449711,0.0161546084107256,0.0116965092465591
1,Intera Popolazione,5,Prevalenza,135,Brasile,2,Femmine,22,Tutte le età,561,Disturbi da consumo di stupefacenti,2,Percentuale,2018,0.0080052961773172,0.0092125424915903,0.0067882754218105
1,Intera Popolazione,5,Prevalenza,71,Australia,1,Maschi,22,Tutte le età,561,Disturbi da consumo di stupefacenti,2,Percentuale,2018,0.0262935208646074,0.0289196383905883,0.0239687402022132
1,Intera Popolazione,5,Prevalenza,71,Australia,2,Femmine,22,Tutte le età,561,Disturbi da consumo di stupefacenti,2,Percentuale,2018,0.0159284109230196,0.0174273739734538,0.0145259881775313
1,Intera Popolazione,5,Prevalenza,86,Italia,1,Maschi,22,Tutte le età,561,Disturbi da consumo di stupefacenti,2,Percentuale,2018,0.01051081283851,0.0124423478242829,0.0086265100289822
1,Intera Popolazione,5,Prevalenza,86,Italia,2,Femmine,22,Tutte le età,561,Disturbi da consumo di stupefacenti,2,Percentuale,2018,0.0056709108081234,0.0068047914973446,0.0047248180212418
1,Intera Popolazione,5,Prevalenza,196,Sudafrica,1,Maschi,22,Tutte le età,561,Disturbi da consumo di stupefacenti,2,Percentuale,2018,0.0098517707111905,0.0114518524597106,0.0083110823292814
1,Intera Popolazione,5,Prevalenza,196,Sudafrica,2,Femmine,22,Tutte le età,561,Disturbi da consumo di stupefacenti,2,Percentuale,2018,0.0055059322251154,0.0062789834850062,0.0047485301055034
1,Intera Popolazione,5,Prevalenza,163,India,1,Maschi,22,Tutte le età,561,Disturbi da consumo di stupefacenti,2,Percentuale,2018,0.0053860742659314,0.0065033335570985,0.0043143730820105
1,Intera Popolazione,5,Prevalenza,163,India,2,Femmine,22,Tutte le età,561,Disturbi da consumo di stupefacenti,2,Percentuale,2018,0.0030404734226811,0.0036106123581555,0.0024690717627322
1,Intera Popolazione,5,Prevalenza,192,Africa Subsahariana Meridionale,1,Maschi,22,Tutte le età,561,Disturbi da consumo di stupefacenti,2,Percentuale,2018,0.0086952185762864,0.0103297345504356,0.0072081064269964
1,Intera Popolazione,5,Prevalenza,192,Africa Subsahariana Meridionale,2,Femmine,22,Tutte le età,561,Disturbi da consumo di stupefacenti,2,Percentuale,2018,0.0048408616382361,0.0055539586911302,0.0041976936910095
1,Intera Popolazione,5,Prevalenza,11,Indonesia,1,Maschi,22,Tutte le età,561,Disturbi da consumo di stupefacenti,2,Percentuale,2019,0.0057701170123306,0.0072747688900192,0.0044426345128995
1,Intera Popolazione,5,Prevalenza,11,Indonesia,2,Femmine,22,Tutte le età,561,Disturbi da consumo di stupefacenti,2,Percentuale,2019,0.0045152232064973,0.0056256158079267,0.0036051020807969
1,Intera Popolazione,5,Prevalenza,167,Africa Subsahariana Centrale,1,Maschi,22,Tutte le età,561,Disturbi da consumo di stupefacenti,2,Percentuale,2018,0.0033610555083769,0.00449300810302,0.0024673773579118
1,Intera Popolazione,5,Prevalenza,167,Africa Subsahariana Centrale,2,Femmine,22,Tutte le età,561,Disturbi da consumo di stupefacenti,2,Percentuale,2018,0.0020630689956252,0.0025454775535086,0.0016577515348901
1,Intera Popolazione,5,Prevalenza,71,Australia,1,Maschi,22,Tutte le età,561,Disturbi da consumo di stupefacenti,2,Percentuale,2019,0.0258391711712845,0.0288081917286197,0.0233430180373751
1,Intera Popolazione,5,Prevalenza,71,Australia,2,Femmine,22,Tutte le età,561,Disturbi da consumo di stupefacenti,2,Percentuale,2019,0.0156116906773886,0.0172073967762208,0.0140747161328657
1,Intera Popolazione,5,Prevalenza,86,Italia,1,Maschi,22,Tutte le età,561,Disturbi da consumo di stupefacenti,2,Percentuale,2019,0.0104206866033453,0.0122693042132834,0.0085639134155131
1,Intera Popolazione,5,Prevalenza,86,Italia,2,Femmine,22,Tutte le età,561,Disturbi da consumo di stupefacenti,2,Percentuale,2019,0.0055605674039023,0.0066264021929791,0.0046585674206292
1,Intera Popolazione,5,Prevalenza,101,Canada,1,Maschi,22,Tutte le età,561,Disturbi da consumo di stupefacenti,2,Percentuale,2019,0.0303431783779553,0.0336849026608167,0.0276532099189819
1,Intera Popolazione,5,Prevalenza,101,Canada,2,Femmine,22,Tutte le età,561,Disturbi da consumo di stupefacenti,2,Percentuale,2019,0.0178992199606295,0.0195848830375146,0.0165017796305575
1,Intera Popolazione,5,Prevalenza,163,India,1,Maschi,22,Tutte le età,561,Disturbi da consumo di stupefacenti,2,Percentuale,2019,0.0052601031139367,0.0063245483755719,0.0042092803482766
1,Intera Popolazione,5,Prevalenza,163,India,2,Femmine,22,Tutte le età,561,Disturbi da consumo di stupefacenti,2,Percentuale,2019,0.0031773835507647,0.0037779646595494,0.0025794181503207
1,Intera Popolazione,5,Prevalenza,56,Europa Orientale,1,Maschi,22,Tutte le età,561,Disturbi da consumo di stupefacenti,2,Percentuale,2019,0.014470424108911,0.0163642445917189,0.0129012316763799
1,Intera Popolazione,5,Prevalenza,56,Europa Orientale,2,Femmine,22,Tutte le età,561,Disturbi da consumo di stupefacenti,2,Percentuale,2019,0.0064903604066504,0.0072804260541832,0.0057919592288829
1,Intera Popolazione,5,Prevalenza,192,Africa Subsahariana Meridionale,1,Maschi,22,Tutte le età,561,Disturbi da consumo di stupefacenti,2,Percentuale,2019,0.0086115303011119,0.0102105791746502,0.0071334729654704
1,Intera Popolazione,5,Prevalenza,192,Africa Subsahariana Meridionale,2,Femmine,22,Tutte le età,561,Disturbi da consumo di stupefacenti,2,Percentuale,2019,0.0047969735609933,0.0054827760858901,0.0041529793938889
1,Intera Popolazione,5,Prevalenza,135,Brasile,1,Maschi,22,Tutte le età,561,Disturbi da consumo di stupefacenti,2,Percentuale,2019,0.0137646356564826,0.0159898291211408,0.011577987153732
1,Intera Popolazione,5,Prevalenza,135,Brasile,2,Femmine,22,Tutte le età,561,Disturbi da consumo di stupefacenti,2,Percentuale,2019,0.007956877141798,0.0091601278732478,0.0067537518863361
1,Intera Popolazione,5,Prevalenza,167,Africa Subsahariana Centrale,1,Maschi,22,Tutte le età,561,Disturbi da consumo di stupefacenti,2,Percentuale,2019,0.0033773772845615,0.0045193068456921,0.0024767288230224
1,Intera Popolazione,5,Prevalenza,167,Africa Subsahariana Centrale,2,Femmine,22,Tutte le età,561,Disturbi da consumo di stupefacenti,2,Percentuale,2019,0.0020694232523872,0.0025521556565685,0.0016606421453902
1,Intera Popolazione,5,Prevalenza,56,Europa Orientale,1,Maschi,22,Tutte le età,561,Disturbi da consumo di stupefacenti,2,Percentuale,2020,0.0141444022768853,0.0160341093140031,0.0125935186113179
1,Intera Popolazione,5,Prevalenza,56,Europa Orientale,2,Femmine,22,Tutte le età,561,Disturbi da consumo di stupefacenti,2,Percentuale,2020,0.0063693893935279,0.0071373957633883,0.0056787451195809
1,Intera Popolazione,5,Prevalenza,86,Italia,1,Maschi,22,Tutte le età,561,Disturbi da consumo di stupefacenti,2,Percentuale,2020,0.0103398893262146,0.0122234879542827,0.0084633168666851
1,Intera Popolazione,5,Prevalenza,86,Italia,2,Femmine,22,Tutte le età,561,Disturbi da consumo di stupefacenti,2,Percentuale,2020,0.0054621322256819,0.0065170952312285,0.0046033781381935
1,Intera Popolazione,5,Prevalenza,71,Australia,1,Maschi,22,Tutte le età,561,Disturbi da consumo di stupefacenti,2,Percentuale,2020,0.0252628574784716,0.0283311987707743,0.0226409013277664
1,Intera Popolazione,5,Prevalenza,71,Australia,2,Femmine,22,Tutte le età,561,Disturbi da consumo di stupefacenti,2,Percentuale,2020,0.0152633251466319,0.0169346918541463,0.0135701622783043
1,Intera Popolazione,5,Prevalenza,196,Sudafrica,1,Maschi,22,Tutte le età,561,Disturbi da consumo di stupefacenti,2,Percentuale,2020,0.0096844901060952,0.0113436506224771,0.0081193887884224
1,Intera Popolazione,5,Prevalenza,196,Sudafrica,2,Femmine,22,Tutte le età,561,Disturbi da consumo di stupefacenti,2,Percentuale,2020,0.0054155483140724,0.0061829819136832,0.0046763347165346
1,Intera Popolazione,5,Prevalenza,196,Sudafrica,1,Maschi,22,Tutte le età,561,Disturbi da consumo di stupefacenti,2,Percentuale,2019,0.009729934547846,0.0113647009049348,0.0081933177456566
1,Intera Popolazione,5,Prevalenza,196,Sudafrica,2,Femmine,22,Tutte le età,561,Disturbi da consumo di stupefacenti,2,Percentuale,2019,0.0054434889088479,0.0062149075898311,0.0046992102175487
1,Intera Popolazione,5,Prevalenza,11,Indonesia,1,Maschi,22,Tutte le età,561,Disturbi da consumo di stupefacenti,2,Percentuale,2020,0.0058569229520873,0.0074397974357881,0.0045074441340186
1,Intera Popolazione,5,Prevalenza,11,Indonesia,2,Femmine,22,Tutte le età,561,Disturbi da consumo di stupefacenti,2,Percentuale,2020,0.0045104621305749,0.0056106289636766,0.0036030700484758
1,Intera Popolazione,5,Prevalenza,135,Brasile,1,Maschi,22,Tutte le età,561,Disturbi da consumo di stupefacenti,2,Percentuale,2020,0.0136475141432428,0.0158886555310934,0.0114918490003666
1,Intera Popolazione,5,Prevalenza,135,Brasile,2,Femmine,22,Tutte le età,561,Disturbi da consumo di stupefacenti,2,Percentuale,2020,0.0078942258832142,0.0090912453611303,0.0066996698940157
1,Intera Popolazione,5,Prevalenza,163,India,1,Maschi,22,Tutte le età,561,Disturbi da consumo di stupefacenti,2,Percentuale,2020,0.0052205664800711,0.0062517403142476,0.0041860716577692
1,Intera Popolazione,5,Prevalenza,163,India,2,Femmine,22,Tutte le età,561,Disturbi da consumo di stupefacenti,2,Percentuale,2020,0.0032630067193655,0.0038853952370338,0.0026439896921229
1,Intera Popolazione,5,Prevalenza,101,Canada,1,Maschi,22,Tutte le età,561,Disturbi da consumo di stupefacenti,2,Percentuale,2020,0.0303614643404542,0.0337603740110207,0.0274836599725414
1,Intera Popolazione,5,Prevalenza,101,Canada,2,Femmine,22,Tutte le età,561,Disturbi da consumo di stupefacenti,2,Percentuale,2020,0.017785640456739,0.0195322733238039,0.0163158134949084
1,Intera Popolazione,5,Prevalenza,192,Africa Subsahariana Meridionale,1,Maschi,22,Tutte le età,561,Disturbi da consumo di stupefacenti,2,Percentuale,2020,0.0085809885076319,0.010200988852848,0.0071010005714252
1,Intera Popolazione,5,Prevalenza,192,Africa Subsahariana Meridionale,2,Femmine,22,Tutte le età,561,Disturbi da consumo di stupefacenti,2,Percentuale,2020,0.0047778565942361,0.0054636725649979,0.0041308747937595
1,Intera Popolazione,5,Prevalenza,11,Indonesia,1,Maschi,22,Tutte le età,561,Disturbi da consumo di stupefacenti,2,Percentuale,2021,0.0059226168588493,0.007467913531523,0.00455926219806
1,Intera Popolazione,5,Prevalenza,11,Indonesia,2,Femmine,22,Tutte le età,561,Disturbi da consumo di stupefacenti,2,Percentuale,2021,0.0045395616628301,0.0056371864515561,0.0036349123545579
1,Intera Popolazione,5,Prevalenza,56,Europa Orientale,1,Maschi,22,Tutte le età,561,Disturbi da consumo di stupefacenti,2,Percentuale,2021,0.0137935561167824,0.0156083935367117,0.0123361731266109
1,Intera Popolazione,5,Prevalenza,56,Europa Orientale,2,Femmine,22,Tutte le età,561,Disturbi da consumo di stupefacenti,2,Percentuale,2021,0.0062355177090691,0.0070217360204828,0.0055119995430768
1,Intera Popolazione,5,Prevalenza,101,Canada,1,Maschi,22,Tutte le età,561,Disturbi da consumo di stupefacenti,2,Percentuale,2021,0.0304746195440479,0.0334031220386038,0.0278423853762953
1,Intera Popolazione,5,Prevalenza,101,Canada,2,Femmine,22,Tutte le età,561,Disturbi da consumo di stupefacenti,2,Percentuale,2021,0.0177076243104981,0.0193846557708302,0.0162046397994286
1,Intera Popolazione,5,Prevalenza,71,Australia,1,Maschi,22,Tutte le età,561,Disturbi da consumo di stupefacenti,2,Percentuale,2021,0.0248305579043803,0.0275336265708293,0.0222015078026177
1,Intera Popolazione,5,Prevalenza,71,Australia,2,Femmine,22,Tutte le età,561,Disturbi da consumo di stupefacenti,2,Percentuale,2021,0.0149554102556953,0.0166095994626132,0.0133303347385627
1,Intera Popolazione,5,Prevalenza,163,India,1,Maschi,22,Tutte le età,561,Disturbi da consumo di stupefacenti,2,Percentuale,2021,0.0053130195255267,0.0063523752769192,0.0042636724077034
1,Intera Popolazione,5,Prevalenza,163,India,2,Femmine,22,Tutte le età,561,Disturbi da consumo di stupefacenti,2,Percentuale,2021,0.0033126324726702,0.0039431766540384,0.0026833995855392
1,Intera Popolazione,5,Prevalenza,192,Africa Subsahariana Meridionale,1,Maschi,22,Tutte le età,561,Disturbi da consumo di stupefacenti,2,Percentuale,2021,0.0091465489441643,0.0110742176902297,0.0074550312747861
1,Intera Popolazione,5,Prevalenza,192,Africa Subsahariana Meridionale,2,Femmine,22,Tutte le età,561,Disturbi da consumo di stupefacenti,2,Percentuale,2021,0.0049022197910098,0.0056222671357526,0.0042119749973688
1,Intera Popolazione,5,Prevalenza,86,Italia,1,Maschi,22,Tutte le età,561,Disturbi da consumo di stupefacenti,2,Percentuale,2021,0.0102988510550049,0.012158386230805,0.0085465859254205
1,Intera Popolazione,5,Prevalenza,86,Italia,2,Femmine,22,Tutte le età,561,Disturbi da consumo di stupefacenti,2,Percentuale,2021,0.0054391252232511,0.0064673082203855,0.0045179600399416
1,Intera Popolazione,5,Prevalenza,167,Africa Subsahariana Centrale,1,Maschi,22,Tutte le età,561,Disturbi da consumo di stupefacenti,2,Percentuale,2020,0.0033971228582717,0.0045483123292387,0.0024888931567579
1,Intera Popolazione,5,Prevalenza,167,Africa Subsahariana Centrale,2,Femmine,22,Tutte le età,561,Disturbi da consumo di stupefacenti,2,Percentuale,2020,0.0020800705961195,0.0025654147055455,0.0016756570695574
1,Intera Popolazione,5,Prevalenza,192,Africa Subsahariana Meridionale,1,Maschi,22,Tutte le età,561,Disturbi da consumo di stupefacenti,2,Percentuale,2022,0.0097166686932828,0.0119746053922496,0.0077435591451974
1,Intera Popolazione,5,Prevalenza,192,Africa Subsahariana Meridionale,2,Femmine,22,Tutte le età,561,Disturbi da consumo di stupefacenti,2,Percentuale,2022,0.0050297568359013,0.0057703348099953,0.0043140416392577
1,Intera Popolazione,5,Prevalenza,163,India,1,Maschi,22,Tutte le età,561,Disturbi da consumo di stupefacenti,2,Percentuale,2022,0.0054046425538244,0.0064529683080617,0.0043479523320255
1,Intera Popolazione,5,Prevalenza,163,India,2,Femmine,22,Tutte le età,561,Disturbi da consumo di stupefacenti,2,Percentuale,2022,0.0033440684747766,0.0039817566079929,0.0027094630199292
1,Intera Popolazione,5,Prevalenza,135,Brasile,1,Maschi,22,Tutte le età,561,Disturbi da consumo di stupefacenti,2,Percentuale,2021,0.0137480725688814,0.0159744039941957,0.0115889911159072
1,Intera Popolazione,5,Prevalenza,135,Brasile,2,Femmine,22,Tutte le età,561,Disturbi da consumo di stupefacenti,2,Percentuale,2021,0.0079138324264084,0.0090998951933626,0.0067502152284007
1,Intera Popolazione,5,Prevalenza,11,Indonesia,1,Maschi,22,Tutte le età,561,Disturbi da consumo di stupefacenti,2,Percentuale,2022,0.0059726675072778,0.0075018898798709,0.004596949823207
1,Intera Popolazione,5,Prevalenza,11,Indonesia,2,Femmine,22,Tutte le età,561,Disturbi da consumo di stupefacenti,2,Percentuale,2022,0.0045608001639145,0.0056568610669416,0.0036576151446994
1,Intera Popolazione,5,Prevalenza,101,Canada,1,Maschi,22,Tutte le età,561,Disturbi da consumo di stupefacenti,2,Percentuale,2022,0.0302837832620647,0.0330929874564775,0.0274168719495347
1,Intera Popolazione,5,Prevalenza,101,Canada,2,Femmine,22,Tutte le età,561,Disturbi da consumo di stupefacenti,2,Percentuale,2022,0.0173914781437761,0.0190828183559563,0.0158625195699109
1,Intera Popolazione,5,Prevalenza,167,Africa Subsahariana Centrale,1,Maschi,22,Tutte le età,561,Disturbi da consumo di stupefacenti,2,Percentuale,2022,0.0034637174185721,0.0046505326002734,0.0025516098361059
1,Intera Popolazione,5,Prevalenza,167,Africa Subsahariana Centrale,2,Femmine,22,Tutte le età,561,Disturbi da consumo di stupefacenti,2,Percentuale,2022,0.0021327293711188,0.0026221347273693,0.0017230224810053
1,Intera Popolazione,5,Prevalenza,71,Australia,1,Maschi,22,Tutte le età,561,Disturbi da consumo di stupefacenti,2,Percentuale,2022,0.0245090158987068,0.0272375607562733,0.0215877921585392
1,Intera Popolazione,5,Prevalenza,71,Australia,2,Femmine,22,Tutte le età,561,Disturbi da consumo di stupefacenti,2,Percentuale,2022,0.0147490640229618,0.0165027930494382,0.0131752313511915
1,Intera Popolazione,5,Prevalenza,135,Brasile,1,Maschi,22,Tutte le età,561,Disturbi da consumo di stupefacenti,2,Percentuale,2022,0.0138484650816415,0.0161601620171882,0.0116533891507211
1,Intera Popolazione,5,Prevalenza,135,Brasile,2,Femmine,22,Tutte le età,561,Disturbi da consumo di stupefacenti,2,Percentuale,2022,0.0079292189845016,0.0091140185680967,0.0067700137704927
1,Intera Popolazione,5,Prevalenza,86,Italia,1,Maschi,22,Tutte le età,561,Disturbi da consumo di stupefacenti,2,Percentuale,2022,0.0102059599648432,0.0121351500564591,0.0085337511191321
1,Intera Popolazione,5,Prevalenza,86,Italia,2,Femmine,22,Tutte le età,561,Disturbi da consumo di stupefacenti,2,Percentuale,2022,0.0054010420555441,0.0064148906856034,0.0045338603304716
1,Intera Popolazione,5,Prevalenza,56,Europa Orientale,1,Maschi,22,Tutte le età,561,Disturbi da consumo di stupefacenti,2,Percentuale,2022,0.013437264818786,0.0152340197640194,0.0120599499347929
1,Intera Popolazione,5,Prevalenza,56,Europa Orientale,2,Femmine,22,Tutte le età,561,Disturbi da consumo di stupefacenti,2,Percentuale,2022,0.0060950873076201,0.0068720637371416,0.0053763050587877
1,Intera Popolazione,5,Prevalenza,71,Australia,1,Maschi,22,Tutte le età,561,Disturbi da consumo di stupefacenti,2,Percentuale,2023,0.0270106335688035,0.031000788697023,0.0231425505890642
1,Intera Popolazione,5,Prevalenza,71,Australia,2,Femmine,22,Tutte le età,561,Disturbi da consumo di stupefacenti,2,Percentuale,2023,0.0162243614160651,0.0183266614719291,0.0140395114484611
1,Intera Popolazione,5,Prevalenza,167,Africa Subsahariana Centrale,1,Maschi,22,Tutte le età,561,Disturbi da consumo di stupefacenti,2,Percentuale,2021,0.003430286495533,0.0045896228583444,0.002520799611954
1,Intera Popolazione,5,Prevalenza,167,Africa Subsahariana Centrale,2,Femmine,22,Tutte le età,561,Disturbi da consumo di stupefacenti,2,Percentuale,2021,0.0021056354912554,0.0025892994280073,0.0016927599785002
1,Intera Popolazione,5,Prevalenza,56,Europa Orientale,1,Maschi,22,Tutte le età,561,Disturbi da consumo di stupefacenti,2,Percentuale,2023,0.0129781336788344,0.0145787837542514,0.0116205966144941
1,Intera Popolazione,5,Prevalenza,56,Europa Orientale,2,Femmine,22,Tutte le età,561,Disturbi da consumo di stupefacenti,2,Percentuale,2023,0.0059421425824714,0.0066702698523696,0.0052779710800706
1,Intera Popolazione,5,Prevalenza,196,Sudafrica,1,Maschi,22,Tutte le età,561,Disturbi da consumo di stupefacenti,2,Percentuale,2021,0.0104508300868618,0.0124782618623058,0.008617116208421
1,Intera Popolazione,5,Prevalenza,196,Sudafrica,2,Femmine,22,Tutte le età,561,Disturbi da consumo di stupefacenti,2,Percentuale,2021,0.0055765794465914,0.0063769824565116,0.0047862131572576
1,Intera Popolazione,5,Prevalenza,101,Canada,1,Maschi,22,Tutte le età,561,Disturbi da consumo di stupefacenti,2,Percentuale,2023,0.0292425483033697,0.0313383290385909,0.0272237275297767
1,Intera Popolazione,5,Prevalenza,101,Canada,2,Femmine,22,Tutte le età,561,Disturbi da consumo di stupefacenti,2,Percentuale,2023,0.0163305612164894,0.017643046837896,0.0150525927261004
1,Intera Popolazione,5,Prevalenza,86,Italia,1,Maschi,22,Tutte le età,561,Disturbi da consumo di stupefacenti,2,Percentuale,2023,0.0101177382773141,0.0119728745617526,0.008312829262581
1,Intera Popolazione,5,Prevalenza,86,Italia,2,Femmine,22,Tutte le età,561,Disturbi da consumo di stupefacenti,2,Percentuale,2023,0.0053305341301364,0.0062650090829962,0.0044988006249558
1,Intera Popolazione,5,Prevalenza,11,Indonesia,1,Maschi,22,Tutte le età,561,Disturbi da consumo di stupefacenti,2,Percentuale,2023,0.0059450520693415,0.0074594563178961,0.004581440570028
1,Intera Popolazione,5,Prevalenza,11,Indonesia,2,Femmine,22,Tutte le età,561,Disturbi da consumo di stupefacenti,2,Percentuale,2023,0.0045337996462512,0.0056204218953235,0.0036332587713008
1,Intera Popolazione,5,Prevalenza,135,Brasile,1,Maschi,22,Tutte le età,561,Disturbi da consumo di stupefacenti,2,Percentuale,2023,0.0137741128225132,0.0159974925998376,0.0115976916826971
1,Intera Popolazione,5,Prevalenza,135,Brasile,2,Femmine,22,Tutte le età,561,Disturbi da consumo di stupefacenti,2,Percentuale,2023,0.0078585867621419,0.0090345711593329,0.00670859605916
1,Intera Popolazione,5,Prevalenza,163,India,1,Maschi,22,Tutte le età,561,Disturbi da consumo di stupefacenti,2,Percentuale,2023,0.0053105603325444,0.0063025028146809,0.0042265753513052
1,Intera Popolazione,5,Prevalenza,163,India,2,Femmine,22,Tutte le età,561,Disturbi da consumo di stupefacenti,2,Percentuale,2023,0.0032585060347769,0.003849913804404,0.0026404306054547
1,Intera Popolazione,5,Prevalenza,196,Sudafrica,1,Maschi,22,Tutte le età,561,Disturbi da consumo di stupefacenti,2,Percentuale,2022,0.0112126560031352,0.0136140328358292,0.0089686364756901
1,Intera Popolazione,5,Prevalenza,196,Sudafrica,2,Femmine,22,Tutte le età,561,Disturbi da consumo di stupefacenti,2,Percentuale,2022,0.0057394573369152,0.00659834557867,0.0048888679994794
1,Intera Popolazione,5,Prevalenza,192,Africa Subsahariana Meridionale,1,Maschi,22,Tutte le età,561,Disturbi da consumo di stupefacenti,2,Percentuale,2023,0.0097373612215863,0.0120052701372428,0.0077651100093371
1,Intera Popolazione,5,Prevalenza,192,Africa Subsahariana Meridionale,2,Femmine,22,Tutte le età,561,Disturbi da consumo di stupefacenti,2,Percentuale,2023,0.0050305134760935,0.005764902090326,0.0043062071683315
1,Intera Popolazione,5,Prevalenza,196,Sudafrica,1,Maschi,22,Tutte le età,561,Disturbi da consumo di stupefacenti,2,Percentuale,2023,0.0112335956286334,0.0136714750872715,0.009004384957898
1,Intera Popolazione,5,Prevalenza,196,Sudafrica,2,Femmine,22,Tutte le età,561,Disturbi da consumo di stupefacenti,2,Percentuale,2023,0.005738508040689,0.0065743727093259,0.0049097386546988
1,Intera Popolazione,5,Prevalenza,167,Africa Subsahariana Centrale,1,Maschi,22,Tutte le età,561,Disturbi da consumo di stupefacenti,2,Percentuale,2023,0.0034851814965881,0.0046807604613758,0.0025625483424105
1,Intera Popolazione,5,Prevalenza,167,Africa Subsahariana Centrale,2,Femmine,22,Tutte le età,561,Disturbi da consumo di stupefacenti,2,Percentuale,2023,0.0021407653244146,0.0026330376316618,0.0017267912308147
