Prices of drugs, 2019-2023;;;;;;;;;;;
Region;SubRegion;Country/Territory;DrugGroup;Drug;Specify;LevelOfSale;Year;Typical_USD;Minimum_USD;Maximum_USD;Unit
Europe;South-Eastern Europe;Croatia;Amphetamine-type stimulants;Amphetamine powder;;Retail;2022;;$5,27;$17,91;Grams
Europe;South-Eastern Europe;Bulgaria;Amphetamine-type stimulants;Amphetamine powder;;Retail;2020;;$5,85;$9,37;Grams
Europe;Western and Central Europe;Poland;Amphetamine-type stimulants;Amphetamine powder;;Retail;2020;;$7,68;$15,36;Grams
Europe;Eastern Europe;Ukraine;Amphetamine-type stimulants;Amphetamine powder;;Retail;2021;;$8,30;$23,72;Grams
Europe;Western and Central Europe;Lithuania;Amphetamine-type stimulants;Amphetamine powder;;Retail;2021;;$8,90;$14,23;Grams
Europe;South-Eastern Europe;Serbia;Amphetamine-type stimulants;Amphetamine powder;;Retail;2022;;$10,54;$15,81;Grams
Europe;Eastern Europe;Ukraine;Amphetamine-type stimulants;Amphetamine powder;;Retail;2023;;$10,81;$27,03;Grams
Europe;Western and Central Europe;Latvia;Amphetamine-type stimulants;Amphetamine powder;;Retail;2022;;$15,81;$26,34;Grams
Europe;Western and Central Europe;Czechia;Amphetamine-type stimulants;Amphetamine powder;;Retail;2020;;$17,16;$85,81;Grams
Europe;Western and Central Europe;Latvia;Amphetamine-type stimulants;Amphetamine powder;;Retail;2021;;$17,79;$29,66;Grams
Europe;Western and Central Europe;Italy;Amphetamine-type stimulants;Amphetamine powder;;Retail;2021;;$27,01;$32,99;Grams
Europe;Western and Central Europe;Italy;Amphetamine-type stimulants;Amphetamine powder;;Retail;2022;;$32,01;$38,71;Grams
Europe;Western and Central Europe;Czechia;Amphetamine-type stimulants;Amphetamine powder;;Retail;2022;;$38,67;$128,77;Grams
Oceania;Australia and New Zealand;Australia;Amphetamine-type stimulants;Amphetamine powder;;Retail;2023;;$145,99;$265,43;Grams
Africa;East Africa;Mauritius;Amphetamine-type stimulants;Amphetamine powder;;Retail;2020;;$390,61;;Grams
Europe;South-Eastern Europe;Bosnia and Herzegovina;Amphetamine-type stimulants;Amphetamine powder;;Retail;2021;;$8.303,68;$11.862,40;Kilograms
Asia;Near and Middle East/ South-West Asia;Saudi Arabia;Amphetamine-type stimulants;Amphetamine powder;;Retail;2021;$0,20;;;Grams
Europe;Western and Central Europe;United Kingdom;Amphetamine-type stimulants;Amphetamine powder;;Retail;2021;$6,88;$6,88;$13,76;Grams
Europe;Western and Central Europe;Poland;Amphetamine-type stimulants;Amphetamine powder;;Retail;2022;$7,87;$4,94;$11,91;Grams
Europe;South-Eastern Europe;Bulgaria;Amphetamine-type stimulants;Amphetamine powder;;Retail;2021;$7,89;$6,07;$9,71;Kilograms
Europe;South-Eastern Europe;Bulgaria;Amphetamine-type stimulants;Amphetamine powder;;Retail;2022;$8,08;$6,47;$8,62;Grams
Europe;Western and Central Europe;Belgium;Amphetamine-type stimulants;Amphetamine powder;;Retail;2020;$8,24;$3,43;$11,44;Grams
Europe;Western and Central Europe;Belgium;Amphetamine-type stimulants;Amphetamine powder;;Retail;2023;$8,65;$3,24;$10,81;Grams
Europe;Western and Central Europe;Poland;Amphetamine-type stimulants;Amphetamine powder;;Retail;2021;$9,10;$3,64;$12,99;Grams
Europe;Western and Central Europe;Belgium;Amphetamine-type stimulants;Amphetamine powder;;Retail;2022;$9,17;$4,43;$12,01;Grams
Europe;Western and Central Europe;Netherlands;Amphetamine-type stimulants;Amphetamine powder;;Retail;2020;$9,27;;;Grams
Europe;Western and Central Europe;Poland;Amphetamine-type stimulants;Amphetamine powder;;Retail;2023;$9,27;$6,54;$14,27;Grams
Europe;Western and Central Europe;Netherlands;Amphetamine-type stimulants;Amphetamine powder;;Retail;2021;$9,37;;;Grams
Europe;Western and Central Europe;Hungary;Amphetamine-type stimulants;Amphetamine powder;;Retail;2021;$9,92;$6,61;$19,84;Grams
Europe;South-Eastern Europe;Bulgaria;Amphetamine-type stimulants;Amphetamine powder;;Retail;2023;$9,96;$8,30;$11,06;Grams
Europe;Western and Central Europe;Netherlands;Amphetamine-type stimulants;Amphetamine powder;;Retail;2023;$10,05;$5,41;$10,81;Grams
Europe;Western and Central Europe;Hungary;Amphetamine-type stimulants;Amphetamine powder;;Retail;2019;$10,31;$6,87;$13,75;Grams
Europe;Western and Central Europe;Lithuania;Amphetamine-type stimulants;Amphetamine powder;;Retail;2022;$10,54;$5,27;$12,64;Grams
Europe;Western and Central Europe;Greece;Amphetamine-type stimulants;Amphetamine powder;;Retail;2022;$10,54;$5,27;$15,81;Grams
Europe;Western and Central Europe;Germany;Amphetamine-type stimulants;Amphetamine powder;;Retail;2022;$10,64;$5,48;$22,76;Grams
Europe;Western and Central Europe;Belgium;Amphetamine-type stimulants;Amphetamine powder;;Retail;2021;$10,68;$5,93;$12,46;Grams
Europe;Western and Central Europe;Hungary;Amphetamine-type stimulants;Amphetamine powder;;Retail;2022;$10,75;$6,72;$13,44;Grams
Europe;Western and Central Europe;Germany;Amphetamine-type stimulants;Amphetamine powder;;Retail;2023;$10,81;$5,19;$21,08;Grams
Europe;Western and Central Europe;Greece;Amphetamine-type stimulants;Amphetamine powder;;Retail;2023;$10,81;$5,41;$16,22;Grams
Europe;Western and Central Europe;Spain;Amphetamine-type stimulants;Amphetamine powder;;Retail;2022;$10,94;;;Grams
Europe;Western and Central Europe;Portugal;Amphetamine-type stimulants;Amphetamine powder;;Retail;2021;$11,03;;;Grams
Europe;Western and Central Europe;Germany;Amphetamine-type stimulants;Amphetamine powder;;Retail;2021;$11,27;$5,93;$17,67;Grams
Europe;Western and Central Europe;Hungary;Amphetamine-type stimulants;Amphetamine powder;;Retail;2023;$11,34;$5,67;$14,17;Grams
Europe;Western and Central Europe;Lithuania;Amphetamine-type stimulants;Amphetamine powder;;Retail;2020;$11,44;;;Grams
Europe;Western and Central Europe;Greece;Amphetamine-type stimulants;Amphetamine powder;;Retail;2020;$11,44;$5,72;$17,16;Grams
Europe;Western and Central Europe;Greece;Amphetamine-type stimulants;Amphetamine powder;;Retail;2021;$11,86;$5,93;$17,79;Grams
Europe;Western and Central Europe;Germany;Amphetamine-type stimulants;Amphetamine powder;;Retail;2020;$11,90;$7,78;$24,60;Grams
Europe;Western and Central Europe;Denmark;Amphetamine-type stimulants;Amphetamine powder;;Retail;2020;$12,28;$7,67;$23,02;Grams
Europe;Western and Central Europe;Spain;Amphetamine-type stimulants;Amphetamine powder;;Retail;2021;$12,51;;;
Europe;Western and Central Europe;United Kingdom;Amphetamine-type stimulants;Amphetamine powder;;Retail;2020;$12,85;$6,43;$12,85;Grams
Europe;South-Eastern Europe;Croatia;Amphetamine-type stimulants;Amphetamine powder;;Retail;2020;$13,73;$9,15;$20,59;Grams
Europe;South-Eastern Europe;Croatia;Amphetamine-type stimulants;Amphetamine powder;;Retail;2021;$14,23;$5,93;$20,17;Grams
Europe;Western and Central Europe;Denmark;Amphetamine-type stimulants;Amphetamine powder;;Retail;2023;$14,52;$11,61;$21,78;Grams
Europe;Eastern Europe;Ukraine;Amphetamine-type stimulants;Amphetamine powder;;Retail;2022;$14,58;$12,28;$36,83;Grams
Europe;Eastern Europe;Ukraine;Amphetamine-type stimulants;Amphetamine powder;;Retail;2020;$14,61;$10,96;$43,83;Grams
Europe;Western and Central Europe;France;Amphetamine-type stimulants;Amphetamine powder;;Retail;2021;$14,83;$11,86;$23,72;Grams
Europe;Western and Central Europe;Lithuania;Amphetamine-type stimulants;Amphetamine powder;;Retail;2023;$15,14;$10,81;$21,62;Grams
Europe;Western and Central Europe;Denmark;Amphetamine-type stimulants;Amphetamine powder;;Retail;2021;$15,42;$8,30;$32,03;Grams
Europe;Western and Central Europe;Ireland;Amphetamine-type stimulants;Amphetamine powder;;Retail;2022;$15,81;;;Grams
Europe;Western and Central Europe;Ireland;Amphetamine-type stimulants;Amphetamine powder;;Retail;2023;$16,22;;;Grams
Europe;Western and Central Europe;Portugal;Amphetamine-type stimulants;Amphetamine powder;;Retail;2022;$16,95;;;Grams
Europe;Western and Central Europe;France;Amphetamine-type stimulants;Amphetamine powder;;Retail;2020;$17,16;$11,44;$22,88;Grams
Europe;Western and Central Europe;Ireland;Amphetamine-type stimulants;Amphetamine powder;;Retail;2020;$17,16;$11,44;$22,88;Grams
Europe;Western and Central Europe;Ireland;Amphetamine-type stimulants;Amphetamine powder;;Retail;2021;$17,79;$11,86;$23,72;Grams
Europe;Western and Central Europe;Portugal;Amphetamine-type stimulants;Amphetamine powder;;Retail;2023;$18,54;;;Grams
Europe;Western and Central Europe;Sweden;Amphetamine-type stimulants;Amphetamine powder;;Retail;2023;$18,84;$7,54;$61,22;Grams
Europe;Western and Central Europe;Slovenia;Amphetamine-type stimulants;Amphetamine powder;;Retail;2022;$21,07;$10,54;$31,61;Grams
Europe;Western and Central Europe;Estonia;Amphetamine-type stimulants;Amphetamine powder;;Retail;2022;$21,07;$12,64;$26,34;Grams
Europe;Western and Central Europe;Estonia;Amphetamine-type stimulants;Amphetamine powder;;Retail;2023;$21,62;$4,32;$37,84;Grams
Europe;Western and Central Europe;Slovenia;Amphetamine-type stimulants;Amphetamine powder;;Retail;2023;$21,62;$10,81;$32,43;Grams
Europe;Western and Central Europe;Sweden;Amphetamine-type stimulants;Amphetamine powder;;Retail;2020;$21,81;$9,82;$32,72;Grams
Europe;Western and Central Europe;Slovenia;Amphetamine-type stimulants;Amphetamine powder;;Retail;2020;$22,88;$11,44;$34,32;Grams
Europe;Western and Central Europe;Estonia;Amphetamine-type stimulants;Amphetamine powder;;Retail;2020;$22,88;$17,16;$34,32;Grams
Europe;Western and Central Europe;Sweden;Amphetamine-type stimulants;Amphetamine powder;;Retail;2021;$23,40;$7,02;$35,10;Grams
Europe;Western and Central Europe;Estonia;Amphetamine-type stimulants;Amphetamine powder;;Retail;2021;$23,72;$17,79;$35,59;Grams
Europe;Western and Central Europe;Austria;Amphetamine-type stimulants;Amphetamine powder;;Retail;2022;$26,34;$10,54;$42,15;Grams
Europe;Western and Central Europe;Italy;Amphetamine-type stimulants;Amphetamine powder;;Retail;2020;$26,82;$24,76;$28,88;Units
Europe;Western and Central Europe;Austria;Amphetamine-type stimulants;Amphetamine powder;;Retail;2023;$27,03;$10,81;$43,24;Grams
Europe;Western and Central Europe;Slovenia;Amphetamine-type stimulants;Amphetamine powder;;Retail;2021;$29,66;$11,86;$35,59;Grams
Europe;Western and Central Europe;Austria;Amphetamine-type stimulants;Amphetamine powder;;Retail;2021;$29,66;$11,86;$47,45;Grams
Europe;Eastern Europe;Belarus;Amphetamine-type stimulants;Amphetamine powder;;Retail;2021;$30,00;$28,00;$32,00;Grams
Europe;Eastern Europe;Belarus;Amphetamine-type stimulants;Amphetamine powder;;Retail;2022;$30,00;$28,00;$32,00;Grams
Europe;Eastern Europe;Russian Federation;Amphetamine-type stimulants;Amphetamine powder;;Retail;2020;$30,05;;;Grams
Europe;Western and Central Europe;Spain;Amphetamine-type stimulants;Amphetamine powder;;Retail;2023;$31,32;;;Grams
Europe;Western and Central Europe;Finland;Amphetamine-type stimulants;Amphetamine powder;;Retail;2022;$31,61;$21,07;$52,69;Grams
Europe;Western and Central Europe;Portugal;Amphetamine-type stimulants;Amphetamine powder;;Retail;2020;$34,16;$6,14;$89,39;Grams
Europe;Western and Central Europe;Austria;Amphetamine-type stimulants;Amphetamine powder;;Retail;2020;$37,19;$5,72;$68,65;Grams
Europe;Western and Central Europe;Norway;Amphetamine-type stimulants;Amphetamine powder;;Retail;2023;$37,94;$18,97;$56,90;Grams
Europe;Western and Central Europe;Slovakia;Amphetamine-type stimulants;Amphetamine powder;;Retail;2022;$42,15;$10,54;$105,37;Grams
Europe;Western and Central Europe;Finland;Amphetamine-type stimulants;Amphetamine powder;;Retail;2023;$43,24;$21,62;$64,86;Grams
Europe;Western and Central Europe;Finland;Amphetamine-type stimulants;Amphetamine powder;;Retail;2020;$45,77;$22,88;$68,65;Grams
Europe;Western and Central Europe;Czechia;Amphetamine-type stimulants;Amphetamine powder;;Retail;2021;$46,26;$46,26;$92,53;Grams
Europe;Western and Central Europe;Slovakia;Amphetamine-type stimulants;Amphetamine powder;;Retail;2021;$47,45;$35,59;$65,24;Grams
Europe;Western and Central Europe;Finland;Amphetamine-type stimulants;Amphetamine powder;;Retail;2021;$53,38;$41,52;$71,17;Grams
Europe;Western and Central Europe;Czechia;Amphetamine-type stimulants;Amphetamine powder;;Retail;2023;$55,57;$31,57;$67,68;Grams
Asia;Near and Middle East/ South-West Asia;United Arab Emirates;Amphetamine-type stimulants;Amphetamine powder;;Retail;2020;$61,26;;;Grams
Asia;Central Asia and Transcaucasia;Tajikistan;Amphetamine-type stimulants;Amphetamine powder;;Retail;2021;$70,00;$50,00;$90,00;Grams
Europe;Western and Central Europe;Slovakia;Amphetamine-type stimulants;Amphetamine powder;;Retail;2023;$75,68;$32,43;$108,11;Grams
Americas;Central America;Guatemala;Amphetamine-type stimulants;Amphetamine powder;;Retail;2021;$97,07;;;Grams
Americas;Central America;Guatemala;Amphetamine-type stimulants;Amphetamine powder;;Retail;2023;$97,50;;;Grams
Asia;East and South-East Asia;China;Amphetamine-type stimulants;Amphetamine powder;;Retail;2021;$113,50;;;
Asia;Central Asia and Transcaucasia;Armenia;Amphetamine-type stimulants;Amphetamine powder;;Retail;2022;$161,69;$150,14;$173,24;Grams
Africa;East Africa;Mauritius;Amphetamine-type stimulants;Amphetamine powder;;Retail;2021;$367,86;;;
Europe;Western and Central Europe;United Kingdom;Amphetamine-type stimulants;Amphetamine powder;;Retail;2022;$6.180,47;$6.180,47;$12.360,94;Kilograms
Asia;South Asia;India;Amphetamine-type stimulants;Amphetamine powder;;Retail;2020;$12.144,11;;;Kilograms
Asia;South Asia;India;Amphetamine-type stimulants;Amphetamine powder;;Retail;2022;$31.888,57;;;Kilograms
Asia;Central Asia and Transcaucasia;Tajikistan;Amphetamine-type stimulants;Amphetamine powder;;Retail;2022;$40.000,00;$30.000,00;$50.000,00;Kilograms
Europe;Western and Central Europe;Lithuania;Amphetamine-type stimulants;Amphetamine powder;;Wholesale;2021;;$2,37;$7,71;Grams
Europe;Western and Central Europe;Italy;Amphetamine-type stimulants;Amphetamine powder;;Wholesale;2021;;$7,86;$9,02;Kilograms
Europe;Western and Central Europe;Lithuania;Amphetamine-type stimulants;Amphetamine powder;;Wholesale;2020;;$8,01;$13,73;Grams
Europe;Western and Central Europe;Italy;Amphetamine-type stimulants;Amphetamine powder;;Wholesale;2022;;$8,06;$9,77;Grams
Asia;Central Asia and Transcaucasia;Kazakhstan;Amphetamine-type stimulants;Amphetamine powder;;Wholesale;2021;;$35,27;$47,02;Grams
Asia;Central Asia and Transcaucasia;Kazakhstan;Amphetamine-type stimulants;Amphetamine powder;;Wholesale;2020;;$36,06;$84,14;Grams
Asia;East and South-East Asia;Timor-Leste;Amphetamine-type stimulants;Amphetamine powder;;Wholesale;2023;;$200,00;$300,00;Grams
Europe;Western and Central Europe;Poland;Amphetamine-type stimulants;Amphetamine powder;;Wholesale;2020;;$1.024,33;$1.792,57;Kilograms
Europe;South-Eastern Europe;Serbia;Amphetamine-type stimulants;Amphetamine powder;;Wholesale;2022;;$1.264,49;$1.896,73;Kilograms
Europe;Western and Central Europe;Slovenia;Amphetamine-type stimulants;Amphetamine powder;;Wholesale;2022;;$1.580,61;$3.688,09;Kilograms
Europe;South-Eastern Europe;Bulgaria;Amphetamine-type stimulants;Amphetamine powder;;Wholesale;2020;;$1.756,44;$2.634,66;Kilograms
Europe;Western and Central Europe;Slovenia;Amphetamine-type stimulants;Amphetamine powder;;Wholesale;2021;;$1.779,36;$4.151,84;Kilograms
Europe;South-Eastern Europe;Croatia;Amphetamine-type stimulants;Amphetamine powder;;Wholesale;2022;;$2.107,48;$2.528,98;Kilograms
Europe;Western and Central Europe;Latvia;Amphetamine-type stimulants;Amphetamine powder;;Wholesale;2021;;$3.558,72;$5.931,20;Kilograms
Europe;Western and Central Europe;Latvia;Amphetamine-type stimulants;Amphetamine powder;;Wholesale;2022;;$3.688,09;$5.268,70;Kilograms
Europe;Western and Central Europe;Finland;Amphetamine-type stimulants;Amphetamine powder;;Wholesale;2020;;$12.585,81;$18.306,64;Kilograms
Oceania;Australia and New Zealand;Australia;Amphetamine-type stimulants;Amphetamine powder;;Wholesale;2020;;$55.248,62;$69.060,77;Kilograms
Asia;Near and Middle East/ South-West Asia;Saudi Arabia;Amphetamine-type stimulants;Amphetamine powder;;Wholesale;2021;$0,20;;;Grams
Europe;Western and Central Europe;Lithuania;Amphetamine-type stimulants;Amphetamine powder;;Wholesale;2022;$4,21;$2,11;$7,38;Grams
Europe;Western and Central Europe;Lithuania;Amphetamine-type stimulants;Amphetamine powder;;Wholesale;2023;$9,19;$5,41;$12,97;Grams
Europe;Western and Central Europe;Poland;Amphetamine-type stimulants;Amphetamine powder;;Wholesale;2022;$14,61;$6,74;$16,85;Grams
Europe;Western and Central Europe;Latvia;Amphetamine-type stimulants;Amphetamine powder;;Wholesale;2020;$17,16;$17,16;$28,60;Grams
Europe;Western and Central Europe;Gibraltar;Amphetamine-type stimulants;Amphetamine powder;;Wholesale;2021;$20,63;$20,63;$27,51;Grams
Europe;South-Eastern Europe;Montenegro;Amphetamine-type stimulants;Amphetamine powder;;Wholesale;2023;$21,62;$10,81;$32,43;Grams
Africa;East Africa;Kenya;Amphetamine-type stimulants;Amphetamine powder;;Wholesale;2020;$28,16;;;Grams
Europe;Eastern Europe;Belarus;Amphetamine-type stimulants;Amphetamine powder;;Wholesale;2020;$40,47;$32,38;$48,56;Grams
Europe;Western and Central Europe;Malta;Amphetamine-type stimulants;Amphetamine powder;;Wholesale;2022;$57,96;;;Grams
Asia;East and South-East Asia;China;Amphetamine-type stimulants;Amphetamine powder;;Wholesale;2021;$66,58;;;Grams
Asia;Central Asia and Transcaucasia;Armenia;Amphetamine-type stimulants;Amphetamine powder;;Wholesale;2021;$139,31;$99,51;$159,21;Grams
Asia;Central Asia and Transcaucasia;Armenia;Amphetamine-type stimulants;Amphetamine powder;;Wholesale;2022;$150,14;$138,59;$161,69;Grams
Asia;Central Asia and Transcaucasia;Armenia;Amphetamine-type stimulants;Amphetamine powder;;Wholesale;2020;$184,11;;;Grams
Africa;East Africa;Mauritius;Amphetamine-type stimulants;Amphetamine powder;;Wholesale;2023;$332,99;$0,02;;Grams
Asia;Near and Middle East/ South-West Asia;Pakistan;Amphetamine-type stimulants;Amphetamine powder;;Wholesale;2023;$1.122,60;$1.041,77;$1.203,43;Kilograms
Asia;Near and Middle East/ South-West Asia;Pakistan;Amphetamine-type stimulants;Amphetamine powder;;Wholesale;2022;$1.239,32;$1.183,83;$1.294,81;Kilograms
Europe;Western and Central Europe;Belgium;Amphetamine-type stimulants;Amphetamine powder;;Wholesale;2023;$1.297,30;$875,68;$2.032,43;Kilograms
Europe;Western and Central Europe;Belgium;Amphetamine-type stimulants;Amphetamine powder;;Wholesale;2022;$1.366,70;$658,59;$2.282,93;Kilograms
Europe;Western and Central Europe;United Kingdom;Amphetamine-type stimulants;Amphetamine powder;;Wholesale;2022;$1.854,14;$988,88;$3.708,28;Kilograms
Europe;Western and Central Europe;Belgium;Amphetamine-type stimulants;Amphetamine powder;;Wholesale;2020;$1.887,87;$915,33;$3.089,24;Kilograms
Europe;Western and Central Europe;Poland;Amphetamine-type stimulants;Amphetamine powder;;Wholesale;2023;$1.925,82;$951,02;$3.566,33;Kilograms
Europe;Western and Central Europe;United Kingdom;Amphetamine-type stimulants;Amphetamine powder;;Wholesale;2020;$1.928,02;$1.028,28;$3.856,04;Kilograms
Europe;Western and Central Europe;Belgium;Amphetamine-type stimulants;Amphetamine powder;;Wholesale;2021;$2.020,17;$1.253,86;$3.143,53;Kilograms
Europe;Eastern Europe;Russian Federation;Amphetamine-type stimulants;Amphetamine powder;;Wholesale;2020;$2.049,10;$1.092,85;$3.961,59;Kilograms
Europe;Western and Central Europe;United Kingdom;Amphetamine-type stimulants;Amphetamine powder;;Wholesale;2021;$2.063,27;$1.100,41;$4.126,55;Kilograms
Europe;South-Eastern Europe;Bulgaria;Amphetamine-type stimulants;Amphetamine powder;;Wholesale;2022;$2.155,17;$1.616,38;$2.424,57;Kilograms
Europe;South-Eastern Europe;Bulgaria;Amphetamine-type stimulants;Amphetamine powder;;Wholesale;2021;$2.305,83;$1.820,39;$2.730,58;Kilograms
Europe;Western and Central Europe;Poland;Amphetamine-type stimulants;Amphetamine powder;;Wholesale;2021;$2.338,88;$1.039,50;$7.796,26;Kilograms
Europe;South-Eastern Europe;Croatia;Amphetamine-type stimulants;Amphetamine powder;;Wholesale;2020;$2.402,75;$2.288,33;$2.974,83;Kilograms
Europe;South-Eastern Europe;Croatia;Amphetamine-type stimulants;Amphetamine powder;;Wholesale;2021;$2.431,79;$2.372,48;$2.846,98;Kilograms
Asia;South Asia;India;Amphetamine-type stimulants;Amphetamine powder;;Wholesale;2020;$2.698,69;;;Kilograms
Europe;Western and Central Europe;Slovenia;Amphetamine-type stimulants;Amphetamine powder;;Wholesale;2023;$2.702,70;$1.621,62;$3.783,78;Kilograms
Europe;Western and Central Europe;Germany;Amphetamine-type stimulants;Amphetamine powder;;Wholesale;2022;$2.718,65;$1.676,50;$6.540,57;Kilograms
Asia;Near and Middle East/ South-West Asia;Pakistan;Amphetamine-type stimulants;Amphetamine powder;;Wholesale;2021;$2.735,52;$1.298,21;$4.172,82;Kilograms
Europe;Western and Central Europe;Slovenia;Amphetamine-type stimulants;Amphetamine powder;;Wholesale;2020;$2.860,41;$1.716,25;$4.004,58;Kilograms
Europe;Western and Central Europe;Denmark;Amphetamine-type stimulants;Amphetamine powder;;Wholesale;2023;$2.903,60;$2.177,70;$4.065,04;Kilograms
Europe;Western and Central Europe;Germany;Amphetamine-type stimulants;Amphetamine powder;;Wholesale;2021;$3.037,96;$711,74;$5.634,64;Kilograms
Europe;Western and Central Europe;Ireland;Amphetamine-type stimulants;Amphetamine powder;;Wholesale;2022;$3.161,22;;;Kilograms
Europe;Western and Central Europe;Ireland;Amphetamine-type stimulants;Amphetamine powder;;Wholesale;2023;$3.243,24;;;Kilograms
Europe;South-Eastern Europe;Bulgaria;Amphetamine-type stimulants;Amphetamine powder;;Wholesale;2023;$3.595,13;$2.765,49;$4.424,78;Kilograms
Europe;Western and Central Europe;Germany;Amphetamine-type stimulants;Amphetamine powder;;Wholesale;2020;$3.609,84;$3.049,20;$7.107,55;Kilograms
Europe;Western and Central Europe;Sweden;Amphetamine-type stimulants;Amphetamine powder;;Wholesale;2023;$3.885,28;$1.883,77;$8.476,97;Kilograms
Europe;Western and Central Europe;Germany;Amphetamine-type stimulants;Amphetamine powder;;Wholesale;2023;$3.897,30;$1.831,35;$6.797,84;Kilograms
Europe;Western and Central Europe;Denmark;Amphetamine-type stimulants;Amphetamine powder;;Wholesale;2021;$3.956,11;$1.897,98;$5.539,74;Kilograms
Europe;Western and Central Europe;Estonia;Amphetamine-type stimulants;Amphetamine powder;;Wholesale;2022;$4.214,96;$1.896,73;$8.429,93;Kilograms
Europe;Western and Central Europe;Estonia;Amphetamine-type stimulants;Amphetamine powder;;Wholesale;2023;$4.324,32;$1.621,62;$8.648,65;Kilograms
Asia;Near and Middle East/ South-West Asia;United Arab Emirates;Amphetamine-type stimulants;Amphetamine powder;;Wholesale;2020;$4.492,24;;;Kilograms
Asia;Near and Middle East/ South-West Asia;Pakistan;Amphetamine-type stimulants;Amphetamine powder;;Wholesale;2020;$4.568,18;$4.181,04;$4.955,31;Kilograms
Europe;Western and Central Europe;Greece;Amphetamine-type stimulants;Amphetamine powder;;Wholesale;2022;$4.741,83;$4.214,96;$5.268,70;Kilograms
Europe;Western and Central Europe;Estonia;Amphetamine-type stimulants;Amphetamine powder;;Wholesale;2021;$4.744,96;$3.558,72;$7.117,44;Kilograms
Europe;Western and Central Europe;Greece;Amphetamine-type stimulants;Amphetamine powder;;Wholesale;2023;$4.864,86;$4.324,32;$5.405,41;Kilograms
Europe;Western and Central Europe;Estonia;Amphetamine-type stimulants;Amphetamine powder;;Wholesale;2020;$5.148,74;$3.432,49;$6.864,99;Kilograms
Europe;Western and Central Europe;Greece;Amphetamine-type stimulants;Amphetamine powder;;Wholesale;2020;$5.148,74;$4.576,66;$5.720,82;Kilograms
Europe;Western and Central Europe;Norway;Amphetamine-type stimulants;Amphetamine powder;;Wholesale;2023;$5.216,24;$2.845,22;$7.587,25;Kilograms
Europe;Western and Central Europe;Greece;Amphetamine-type stimulants;Amphetamine powder;;Wholesale;2021;$5.338,08;$4.744,96;$5.931,20;Kilograms
Europe;Western and Central Europe;Sweden;Amphetamine-type stimulants;Amphetamine powder;;Wholesale;2021;$5.557,51;$2.223,00;$10.530,01;Kilograms
Europe;Western and Central Europe;Sweden;Amphetamine-type stimulants;Amphetamine powder;;Wholesale;2020;$5.998,47;$3.544,55;$21.812,63;Kilograms
Europe;Eastern Europe;Ukraine;Amphetamine-type stimulants;Amphetamine powder;;Wholesale;2020;$6.026,74;$4.017,82;$6.939,88;Kilograms
Europe;Western and Central Europe;France;Amphetamine-type stimulants;Amphetamine powder;;Wholesale;2021;$6.227,76;$5.486,36;$6.969,16;Kilograms
Europe;Western and Central Europe;France;Amphetamine-type stimulants;Amphetamine powder;;Wholesale;2020;$6.292,91;$5.434,78;$7.723,11;Kilograms
Europe;Western and Central Europe;Italy;Amphetamine-type stimulants;Amphetamine powder;;Wholesale;2020;$7.939,36;$7.171,62;$8.708,24;1000 units
Americas;Central America;Panama;Amphetamine-type stimulants;Amphetamine powder;;Wholesale;2019;$8.000,00;$8.000,00;$10.000,00;Kilograms
Europe;South-Eastern Europe;Bosnia and Herzegovina;Amphetamine-type stimulants;Amphetamine powder;;Wholesale;2021;$9.489,92;$11.862,40;$11.862,40;Kilograms
Asia;South Asia;India;Amphetamine-type stimulants;Amphetamine powder;;Wholesale;2023;$9.689,69;;;Kilograms
Asia;South Asia;India;Amphetamine-type stimulants;Amphetamine powder;;Wholesale;2022;$10.204,34;;;Kilograms
Europe;Western and Central Europe;Finland;Amphetamine-type stimulants;Amphetamine powder;;Wholesale;2022;$10.537,41;$1.580,61;$13.698,63;Kilograms
Europe;Western and Central Europe;Austria;Amphetamine-type stimulants;Amphetamine powder;;Wholesale;2022;$11.591,15;$2.107,48;$21.074,82;Kilograms
Europe;Western and Central Europe;Austria;Amphetamine-type stimulants;Amphetamine powder;;Wholesale;2023;$11.891,89;$2.162,16;$21.621,62;Kilograms
Europe;Western and Central Europe;Austria;Amphetamine-type stimulants;Amphetamine powder;;Wholesale;2020;$12.585,81;$2.288,33;$22.883,30;Kilograms
Europe;Western and Central Europe;Austria;Amphetamine-type stimulants;Amphetamine powder;;Wholesale;2021;$13.048,64;$2.372,48;$23.724,79;Kilograms
Europe;Western and Central Europe;Spain;Amphetamine-type stimulants;Amphetamine powder;;Wholesale;2021;$13.453,14;;;Kilograms
Europe;Western and Central Europe;Spain;Amphetamine-type stimulants;Amphetamine powder;;Wholesale;2023;$14.367,72;;;Kilograms
Europe;Western and Central Europe;Ireland;Amphetamine-type stimulants;Amphetamine powder;;Wholesale;2020;$17.162,47;$11.441,65;$22.883,30;Kilograms
Europe;Western and Central Europe;Ireland;Amphetamine-type stimulants;Amphetamine powder;;Wholesale;2021;$17.793,59;$11.862,40;$23.724,79;Kilograms
Asia;Central Asia and Transcaucasia;Tajikistan;Amphetamine-type stimulants;Amphetamine powder;;Wholesale;2022;$30.000,00;$20.000,00;$30.000,00;Kilograms
Americas;Central America;Guatemala;Amphetamine-type stimulants;Amphetamine powder;;Wholesale;2021;$97.074,81;;;Kilograms
Americas;Central America;Guatemala;Amphetamine-type stimulants;Amphetamine powder;;Wholesale;2020;$97.099,95;$93.863,28;$100.336,61;Kilograms
Americas;Central America;Guatemala;Amphetamine-type stimulants;Amphetamine powder;;Wholesale;2023;$97.500,00;;;Kilograms
Africa;Southern Africa;South Africa;Amphetamine-type stimulants;Amphetamine tablets;;Retail;2023;;$3,26;$4,35;Tablets
Europe;South-Eastern Europe;Bosnia and Herzegovina;Amphetamine-type stimulants;Amphetamine tablets;;Retail;2023;;$3,87;$5,53;Grams
Europe;South-Eastern Europe;Bulgaria;Amphetamine-type stimulants;Amphetamine tablets;;Retail;2020;;$5,85;$7,03;Tablets
Europe;Western and Central Europe;Italy;Amphetamine-type stimulants;Amphetamine tablets;;Retail;2023;;$27,50;$32,56;Tablets
Europe;Western and Central Europe;Portugal;Amphetamine-type stimulants;Amphetamine tablets;;Retail;2022;$0,13;;;Units
Europe;South-Eastern Europe;Romania;Amphetamine-type stimulants;Amphetamine tablets;;Retail;2020;$0,24;;;
Europe;South-Eastern Europe;Türkiye;Amphetamine-type stimulants;Amphetamine tablets;;Retail;2023;$1,10;;;Tablets
Europe;South-Eastern Europe;Türkiye;Amphetamine-type stimulants;Amphetamine tablets;;Retail;2022;$1,34;;;Tablets
Europe;South-Eastern Europe;Türkiye;Amphetamine-type stimulants;Amphetamine tablets;;Retail;2020;$1,69;;;Tablets
Europe;South-Eastern Europe;Bulgaria;Amphetamine-type stimulants;Amphetamine tablets;;Retail;2022;$5,39;$4,31;$6,47;Grams
Europe;South-Eastern Europe;Bulgaria;Amphetamine-type stimulants;Amphetamine tablets;;Retail;2023;$5,53;$5,53;$5,53;Tablets
Europe;South-Eastern Europe;Bulgaria;Amphetamine-type stimulants;Amphetamine tablets;;Retail;2021;$6,67;$6,07;$7,28;Tablets
Europe;Western and Central Europe;Portugal;Amphetamine-type stimulants;Amphetamine tablets;;Retail;2023;$7,21;;;Units
Europe;Western and Central Europe;Austria;Amphetamine-type stimulants;Amphetamine tablets;;Retail;2022;$9,48;$3,16;$15,81;Tablets
Asia;Central Asia and Transcaucasia;Tajikistan;Amphetamine-type stimulants;Amphetamine tablets;;Retail;2023;$10,00;$6,00;$25,00;Grams
Europe;Western and Central Europe;Austria;Amphetamine-type stimulants;Amphetamine tablets;;Retail;2020;$10,30;$3,43;$17,16;Units
Europe;Western and Central Europe;Ireland;Amphetamine-type stimulants;Amphetamine tablets;;Retail;2022;$10,54;;;Tablets
Europe;Western and Central Europe;Austria;Amphetamine-type stimulants;Amphetamine tablets;;Retail;2021;$10,68;$3,56;$17,79;Tablets
Europe;Western and Central Europe;Austria;Amphetamine-type stimulants;Amphetamine tablets;;Retail;2023;$10,81;$5,41;$16,22;Tablets
Europe;Western and Central Europe;Slovakia;Amphetamine-type stimulants;Amphetamine tablets;;Retail;2020;$11,44;$3,43;$17,16;Tablets
Europe;Western and Central Europe;Ireland;Amphetamine-type stimulants;Amphetamine tablets;;Retail;2020;$11,44;$5,72;$17,16;Tablets
Europe;Western and Central Europe;Ireland;Amphetamine-type stimulants;Amphetamine tablets;;Retail;2021;$11,86;$5,93;$17,79;Tablets
Asia;Near and Middle East/ South-West Asia;Saudi Arabia;Amphetamine-type stimulants;Amphetamine tablets;;Retail;2020;$13,32;$8,79;$26,64;Tablets
Asia;East and South-East Asia;Republic of Korea;Amphetamine-type stimulants;Amphetamine tablets;;Retail;2023;$20,00;;;Tablets
Asia;Near and Middle East/ South-West Asia;Saudi Arabia;Amphetamine-type stimulants;Amphetamine tablets;;Retail;2021;$21,00;;;Tablets
Europe;Western and Central Europe;Estonia;Amphetamine-type stimulants;Amphetamine tablets;;Retail;2023;$21,62;$4,32;$37,84;Grams
Europe;Western and Central Europe;Estonia;Amphetamine-type stimulants;Amphetamine tablets;;Retail;2021;$23,72;$17,79;$35,59;Grams
Asia;Central Asia and Transcaucasia;Tajikistan;Amphetamine-type stimulants;Amphetamine tablets;;Retail;2022;$30,00;$10,00;$60,00;Tablets
Asia;Near and Middle East/ South-West Asia;Syrian Arab Republic;Amphetamine-type stimulants;Amphetamine tablets;;Retail;2023;$40,00;$30,00;$40,00;1000 tablets
Asia;East and South-East Asia;China;Amphetamine-type stimulants;Amphetamine tablets;;Retail;2021;$49,55;;;
Asia;Near and Middle East/ South-West Asia;Syrian Arab Republic;Amphetamine-type stimulants;Amphetamine tablets;;Retail;2022;$1.013,00;$1.000,00;$1.020,00;Kilograms
Europe;South-Eastern Europe;Serbia;Amphetamine-type stimulants;Amphetamine tablets;;Wholesale;2020;;$0,57;$2,29;Tablets
Africa;North Africa;Egypt;Amphetamine-type stimulants;Amphetamine tablets;;Wholesale;2021;;$1,92;$3,19;Tablets
Europe;South-Eastern Europe;Montenegro;Amphetamine-type stimulants;Amphetamine tablets;;Wholesale;2022;;$5,27;$42,15;Grams
Europe;Eastern Europe;Republic of Moldova;Amphetamine-type stimulants;Amphetamine tablets;;Wholesale;2022;;$42,15;$52,69;Tablets
Europe;Eastern Europe;Republic of Moldova;Amphetamine-type stimulants;Amphetamine tablets;;Wholesale;2023;;$43,24;$54,05;Tablets
Europe;Eastern Europe;Republic of Moldova;Amphetamine-type stimulants;Amphetamine tablets;;Wholesale;2020;;$45,77;$57,21;Tablets
Europe;Eastern Europe;Republic of Moldova;Amphetamine-type stimulants;Amphetamine tablets;;Wholesale;2021;;$47,45;$59,31;Tablets
Asia;East and South-East Asia;Timor-Leste;Amphetamine-type stimulants;Amphetamine tablets;;Wholesale;2023;;$50,00;$100,00;Tablets
Asia;East and South-East Asia;Timor-Leste;Amphetamine-type stimulants;Amphetamine tablets;;Wholesale;2020;;$250,00;$300,00;Tablets
Africa;North Africa;Egypt;Amphetamine-type stimulants;Amphetamine tablets;;Wholesale;2023;;$3.274,29;$4.911,43;Kilograms
Europe;Western and Central Europe;Italy;Amphetamine-type stimulants;Amphetamine tablets;;Wholesale;2023;;$8.051,05;$8.835,59;1000 tablets
Europe;South-Eastern Europe;Bosnia and Herzegovina;Amphetamine-type stimulants;Amphetamine tablets;;Wholesale;2023;;$8.648,65;$10.810,81;Kilograms
Asia;Near and Middle East/ South-West Asia;Iraq;Amphetamine-type stimulants;Amphetamine tablets;;Wholesale;2022;$0,00;$0,00;$0,00;Tablets
Asia;Near and Middle East/ South-West Asia;Iraq;Amphetamine-type stimulants;Amphetamine tablets;;Wholesale;2021;$0,00;$0,00;$0,00;Tablets
Asia;Central Asia and Transcaucasia;Tajikistan;Amphetamine-type stimulants;Amphetamine tablets;;Wholesale;2020;$1,45;$0,97;;
Asia;Central Asia and Transcaucasia;Tajikistan;Amphetamine-type stimulants;Amphetamine tablets;;Wholesale;2022;$7,00;$5,00;$10,00;Tablets
Europe;Western and Central Europe;Spain;Amphetamine-type stimulants;Amphetamine tablets;;Wholesale;2023;$7,83;;;Units
Europe;Western and Central Europe;Poland;Amphetamine-type stimulants;Amphetamine tablets;;Wholesale;2021;$18,19;;;Tablets
Europe;Western and Central Europe;Gibraltar;Amphetamine-type stimulants;Amphetamine tablets;;Wholesale;2021;$20,63;$20,63;$27,51;Grams
Asia;Near and Middle East/ South-West Asia;Saudi Arabia;Amphetamine-type stimulants;Amphetamine tablets;;Wholesale;2021;$21,00;;;Tablets
Asia;East and South-East Asia;China;Amphetamine-type stimulants;Amphetamine tablets;;Wholesale;2021;$21,68;;;Grams
Asia;Near and Middle East/ South-West Asia;Qatar;Amphetamine-type stimulants;Amphetamine tablets;;Wholesale;2021;$27,21;;$27,21;Tablets
Asia;Near and Middle East/ South-West Asia;Syrian Arab Republic;Amphetamine-type stimulants;Amphetamine tablets;;Wholesale;2023;$35,00;$35,00;$40,00;1000 tablets
Europe;Eastern Europe;Belarus;Amphetamine-type stimulants;Amphetamine tablets;;Wholesale;2020;$40,47;$32,38;$48,56;Grams
Americas;Central America;Guatemala;Amphetamine-type stimulants;Amphetamine tablets;;Wholesale;2020;$97,10;$90,63;$100,34;Grams
Asia;Near and Middle East/ South-West Asia;Syrian Arab Republic;Amphetamine-type stimulants;Amphetamine tablets;;Wholesale;2022;$1.005,00;$990,00;$1.010,00;Kilograms
Asia;East and South-East Asia;Malaysia;Amphetamine-type stimulants;Amphetamine tablets;;Wholesale;2022;$2.276,35;$1.479,63;$3.186,89;1000 tablets
Europe;South-Eastern Europe;Bulgaria;Amphetamine-type stimulants;Amphetamine tablets;;Wholesale;2022;$2.424,57;$2.424,57;$2.693,97;Kilograms
Europe;Western and Central Europe;Estonia;Amphetamine-type stimulants;Amphetamine tablets;;Wholesale;2023;$4.324,32;$1.621,62;$8.648,65;Kilograms
Europe;Western and Central Europe;Estonia;Amphetamine-type stimulants;Amphetamine tablets;;Wholesale;2021;$4.744,96;$3.558,72;$7.117,44;Kilograms
Europe;Western and Central Europe;Austria;Amphetamine-type stimulants;Amphetamine tablets;;Wholesale;2022;$5.005,27;$1.580,61;$8.429,93;1000 tablets
Asia;Near and Middle East/ South-West Asia;Qatar;Amphetamine-type stimulants;Amphetamine tablets;;Wholesale;2023;$5.480,95;$5.480,95;$6.851,19;Tablets
Europe;Western and Central Europe;Austria;Amphetamine-type stimulants;Amphetamine tablets;;Wholesale;2021;$5.634,64;$1.779,36;$9.489,92;1000 tablets
Europe;Western and Central Europe;Austria;Amphetamine-type stimulants;Amphetamine tablets;;Wholesale;2020;$5.720,82;$2.288,33;$9.153,32;1000 tablets
Europe;Western and Central Europe;Austria;Amphetamine-type stimulants;Amphetamine tablets;;Wholesale;2023;$6.486,49;$2.162,16;$10.810,81;1000 tablets
Asia;Near and Middle East/ South-West Asia;Saudi Arabia;Amphetamine-type stimulants;Amphetamine tablets;;Wholesale;2020;$7.725,09;$3.729,36;$19.978,69;1000 tablets
Europe;Western and Central Europe;Ireland;Amphetamine-type stimulants;Amphetamine tablets;;Wholesale;2020;$11.441,65;$5.720,82;$22.883,30;1000 tablets
Europe;Western and Central Europe;Ireland;Amphetamine-type stimulants;Amphetamine tablets;;Wholesale;2021;$11.862,40;$5.931,20;$23.724,79;1000 tablets
Asia;Near and Middle East/ South-West Asia;Qatar;Amphetamine-type stimulants;Amphetamine tablets;;Wholesale;2020;$21.810,25;;$27.262,81;1000 tablets
Europe;Eastern Europe;Ukraine;Amphetamine-type stimulants;Amphetamine-type stimulants;;Retail;2021;;$9,13;$44,13;Grams
Europe;South-Eastern Europe;Serbia;Amphetamine-type stimulants;Amphetamine-type stimulants;;Retail;2021;;$11,86;$17,79;Grams
Europe;South-Eastern Europe;Bosnia and Herzegovina;Amphetamine-type stimulants;Amphetamine-type stimulants;;Retail;2022;;$21,07;$21,07;Grams
Asia;East and South-East Asia;Singapore;Amphetamine-type stimulants;Amphetamine-type stimulants;;Retail;2022;;$72,52;$108,77;Grams
Asia;East and South-East Asia;Singapore;Amphetamine-type stimulants;Amphetamine-type stimulants;;Retail;2023;;$74,46;$89,35;Grams
Asia;East and South-East Asia;Singapore;Amphetamine-type stimulants;Amphetamine-type stimulants;;Retail;2021;;$100,00;$150,00;Grams
Oceania;Australia and New Zealand;New Zealand;Amphetamine-type stimulants;Amphetamine-type stimulants;;Retail;2023;;$1.228,50;$8.599,51;Ounce
Europe;Western and Central Europe;Iceland;Amphetamine-type stimulants;Amphetamine-type stimulants;;Retail;2021;$0,03;;;
Asia;Near and Middle East/ South-West Asia;Syrian Arab Republic;Amphetamine-type stimulants;Amphetamine-type stimulants;;Retail;2021;$0,46;$0,37;$0,50;Tablets
Americas;South America;Brazil;Amphetamine-type stimulants;Amphetamine-type stimulants;;Retail;2022;$2,89;;;Units
Asia;Near and Middle East/ South-West Asia;State of Palestine;Amphetamine-type stimulants;Amphetamine-type stimulants;;Retail;2021;$4,32;;;
Europe;Western and Central Europe;Poland;Amphetamine-type stimulants;Amphetamine-type stimulants;;Retail;2022;$7,87;$7,87;$7,87;Units
Europe;Western and Central Europe;Spain;Amphetamine-type stimulants;Amphetamine-type stimulants;;Retail;2021;$8,42;;;Tablets
Americas;South America;Colombia;Amphetamine-type stimulants;Amphetamine-type stimulants;;Retail;2021;$8,79;;;Units
Europe;Western and Central Europe;Netherlands;Amphetamine-type stimulants;Amphetamine-type stimulants;;Retail;2022;$8,96;;;Grams
Europe;Western and Central Europe;France;Amphetamine-type stimulants;Amphetamine-type stimulants;;Retail;2022;$10,54;$10,54;$15,81;Grams
Europe;Western and Central Europe;France;Amphetamine-type stimulants;Amphetamine-type stimulants;;Retail;2023;$14,05;$12,97;$15,14;Grams
Europe;Western and Central Europe;Ireland;Amphetamine-type stimulants;Amphetamine-type stimulants;;Retail;2020;$17,16;$11,44;$22,88;Grams
Europe;Western and Central Europe;Ireland;Amphetamine-type stimulants;Amphetamine-type stimulants;;Retail;2021;$17,79;$11,86;$23,72;Grams
Europe;Western and Central Europe;Sweden;Amphetamine-type stimulants;Amphetamine-type stimulants;;Retail;2022;$19,88;$6,96;$34,78;Grams
Europe;Western and Central Europe;Estonia;Amphetamine-type stimulants;Amphetamine-type stimulants;;Retail;2022;$21,07;$12,64;$26,34;Grams
Europe;Western and Central Europe;Estonia;Amphetamine-type stimulants;Amphetamine-type stimulants;;Retail;2023;$21,62;$4,32;$37,84;Grams
Europe;Western and Central Europe;Estonia;Amphetamine-type stimulants;Amphetamine-type stimulants;;Retail;2020;$22,88;$17,16;$34,32;Grams
Europe;Western and Central Europe;Estonia;Amphetamine-type stimulants;Amphetamine-type stimulants;;Retail;2021;$23,72;$17,79;$35,59;Grams
Americas;Central America;El Salvador;Amphetamine-type stimulants;Amphetamine-type stimulants;;Retail;2023;$35,00;$30,00;$50,00;Grams
Americas;Central America;El Salvador;Amphetamine-type stimulants;Amphetamine-type stimulants;;Retail;2022;$50,00;$50,00;$50,00;Grams
Asia;Central Asia and Transcaucasia;Tajikistan;Amphetamine-type stimulants;Amphetamine-type stimulants;;Retail;2023;$70,00;$50,00;$100,00;Grams
Asia;East and South-East Asia;Singapore;Amphetamine-type stimulants;Amphetamine-type stimulants;;Retail;2020;$72,57;;;Grams
Asia;Central Asia and Transcaucasia;Uzbekistan;Amphetamine-type stimulants;Amphetamine-type stimulants;;Retail;2021;$75,00;;;Grams
Europe;Western and Central Europe;Cyprus;Amphetamine-type stimulants;Amphetamine-type stimulants;;Retail;2020;$114,42;$3,32;$915,33;Grams
Europe;South-Eastern Europe;Bosnia and Herzegovina;Amphetamine-type stimulants;Amphetamine-type stimulants;;Retail;2021;$1.423,49;$1.186,24;$1.779,36;Kilograms
Asia;South Asia;Sri Lanka;Amphetamine-type stimulants;Amphetamine-type stimulants;;Retail;2023;$51.941,70;;;
Europe;Western and Central Europe;Gibraltar;Amphetamine-type stimulants;Amphetamine-type stimulants;;Wholesale;2023;;$24,84;$37,27;Grams
Europe;South-Eastern Europe;Serbia;Amphetamine-type stimulants;Amphetamine-type stimulants;;Wholesale;2021;;$1.423,49;$2.135,23;Kilograms
Europe;South-Eastern Europe;Bosnia and Herzegovina;Amphetamine-type stimulants;Amphetamine-type stimulants;;Wholesale;2022;;$8.429,93;$10.537,41;Kilograms
Asia;Near and Middle East/ South-West Asia;Iraq;Amphetamine-type stimulants;Amphetamine-type stimulants;;Wholesale;2021;$0,01;$0,01;$0,02;Grams
Asia;Near and Middle East/ South-West Asia;Iraq;Amphetamine-type stimulants;Amphetamine-type stimulants;;Wholesale;2022;$0,03;$0,03;$0,04;Grams
Asia;Near and Middle East/ South-West Asia;Syrian Arab Republic;Amphetamine-type stimulants;Amphetamine-type stimulants;;Wholesale;2021;$0,30;$0,37;$0,42;Tablets
Europe;South-Eastern Europe;Serbia;Amphetamine-type stimulants;Amphetamine-type stimulants;;Wholesale;2020;$1,14;$1.373,00;$2.059,50;Kilograms
Europe;Western and Central Europe;Latvia;Amphetamine-type stimulants;Amphetamine-type stimulants;;Wholesale;2020;$17,16;$17,16;$28,60;Grams
Europe;Western and Central Europe;Poland;Amphetamine-type stimulants;Amphetamine-type stimulants;;Wholesale;2022;$19,10;$6,74;$40,45;Grams
Africa;Southern Africa;Namibia;Amphetamine-type stimulants;Amphetamine-type stimulants;;Wholesale;2023;$27,17;;;Grams
Asia;East and South-East Asia;China;Amphetamine-type stimulants;Amphetamine-type stimulants;;Wholesale;2021;$88,88;;;Grams
Europe;South-Eastern Europe;Bosnia and Herzegovina;Amphetamine-type stimulants;Amphetamine-type stimulants;;Wholesale;2021;$948,99;$830,37;$1.186,24;Kilograms
Asia;East and South-East Asia;Singapore;Amphetamine-type stimulants;Amphetamine-type stimulants;;Wholesale;2020;$3.991,29;;;Grams
Asia;East and South-East Asia;Singapore;Amphetamine-type stimulants;Amphetamine-type stimulants;;Wholesale;2021;$4.098,36;;;Grams
Europe;Western and Central Europe;Estonia;Amphetamine-type stimulants;Amphetamine-type stimulants;;Wholesale;2023;$4.324,32;$1.945,95;$8.648,65;
Europe;Western and Central Europe;Sweden;Amphetamine-type stimulants;Amphetamine-type stimulants;;Wholesale;2022;$4.472,27;$1.291,99;$19.876,76;Kilograms
Europe;Western and Central Europe;Estonia;Amphetamine-type stimulants;Amphetamine-type stimulants;;Wholesale;2021;$4.744,96;$3.558,72;$7.117,44;Kilograms
Europe;Western and Central Europe;Estonia;Amphetamine-type stimulants;Amphetamine-type stimulants;;Wholesale;2020;$5.148,74;$3.432,49;$6.864,99;Kilograms
Europe;Western and Central Europe;France;Amphetamine-type stimulants;Amphetamine-type stimulants;;Wholesale;2022;$5.426,77;$5.268,70;$7.376,19;Kilograms
Europe;Western and Central Europe;France;Amphetamine-type stimulants;Amphetamine-type stimulants;;Wholesale;2023;$5.775,14;$5.405,41;$8.259,46;Kilograms
Asia;Central Asia and Transcaucasia;Tajikistan;Amphetamine-type stimulants;Amphetamine-type stimulants;;Wholesale;2023;$10.000,00;$2.500,00;$15.000,00;Kilograms
Europe;Western and Central Europe;Spain;Amphetamine-type stimulants;Amphetamine-type stimulants;;Wholesale;2022;$13.134,88;;;Kilograms
Asia;Near and Middle East/ South-West Asia;State of Palestine;Amphetamine-type stimulants;Amphetamine-type stimulants;;Wholesale;2021;$14.000,00;;;Kilograms
Asia;East and South-East Asia;Singapore;Amphetamine-type stimulants;Amphetamine-type stimulants;;Wholesale;2022;$15.953,59;;;Kilograms
Asia;East and South-East Asia;Singapore;Amphetamine-type stimulants;Amphetamine-type stimulants;;Wholesale;2023;$16.828,00;;;Kilograms
Europe;Western and Central Europe;Ireland;Amphetamine-type stimulants;Amphetamine-type stimulants;;Wholesale;2020;$17.162,47;$11.441,65;$22.883,30;Kilograms
Europe;Western and Central Europe;Ireland;Amphetamine-type stimulants;Amphetamine-type stimulants;;Wholesale;2021;$17.793,59;$11.862,40;$23.724,79;Kilograms
Americas;Central America;El Salvador;Amphetamine-type stimulants;Amphetamine-type stimulants;;Wholesale;2023;$35.000,00;$30.000,00;$40.000,00;Kilograms
Asia;South Asia;Sri Lanka;Amphetamine-type stimulants;Amphetamine-type stimulants;;Wholesale;2023;$45.830,91;;;Kilograms
Americas;Central America;El Salvador;Amphetamine-type stimulants;Amphetamine-type stimulants;;Wholesale;2022;$50.000,00;$50.000,00;$50.000,00;Kilograms
Asia;East and South-East Asia;China, Macao SAR;Amphetamine-type stimulants;Methamphetamine powder;;Retail;2022;;;$409,33;Grams
Asia;East and South-East Asia;China, Macao SAR;Amphetamine-type stimulants;Methamphetamine powder;;Retail;2023;;;$409,33;Grams
Asia;East and South-East Asia;China, Macao SAR;Amphetamine-type stimulants;Methamphetamine powder;;Retail;2021;;;$412,60;Grams
Asia;East and South-East Asia;China, Macao SAR;Amphetamine-type stimulants;Methamphetamine powder;;Retail;2020;;;$413,43;Grams
Europe;Eastern Europe;Ukraine;Amphetamine-type stimulants;Methamphetamine powder;;Retail;2021;;$1,46;$2,19;
Europe;Western and Central Europe;Lithuania;Amphetamine-type stimulants;Methamphetamine powder;;Retail;2021;;$11,86;$14,23;Grams
Europe;Western and Central Europe;Poland;Amphetamine-type stimulants;Methamphetamine powder;;Retail;2020;;$12,80;$15,36;Grams
Africa;Southern Africa;South Africa;Amphetamine-type stimulants;Methamphetamine powder;;Retail;2023;;$15,00;$16,33;Grams
Europe;Western and Central Europe;Latvia;Amphetamine-type stimulants;Methamphetamine powder;;Retail;2022;;$15,81;$26,34;Kilograms
Europe;Western and Central Europe;Latvia;Amphetamine-type stimulants;Methamphetamine powder;;Retail;2021;;$17,79;$29,66;Grams
Asia;East and South-East Asia;Thailand;Amphetamine-type stimulants;Methamphetamine powder;;Retail;2022;;$19,13;$38,28;Grams
Europe;Eastern Europe;Ukraine;Amphetamine-type stimulants;Methamphetamine powder;;Retail;2023;;$21,62;$43,24;Grams
Europe;South-Eastern Europe;Bulgaria;Amphetamine-type stimulants;Methamphetamine powder;;Retail;2020;;$23,42;$40,98;Grams
Asia;East and South-East Asia;Indonesia;Amphetamine-type stimulants;Methamphetamine powder;;Retail;2022;;$23,64;$236,42;Grams
Europe;Western and Central Europe;Italy;Amphetamine-type stimulants;Methamphetamine powder;;Retail;2022;;$29,81;$39,65;Grams
Europe;Western and Central Europe;Italy;Amphetamine-type stimulants;Methamphetamine powder;;Retail;2021;;$31,20;$40,11;Grams
Oceania;Australia and New Zealand;Australia;Amphetamine-type stimulants;Methamphetamine powder;;Retail;2023;;$33,18;$99,54;Grams
Asia;East and South-East Asia;Philippines;Amphetamine-type stimulants;Methamphetamine powder;;Retail;2021;;$42,20;$286,90;Grams
Americas;South America;Uruguay;Amphetamine-type stimulants;Methamphetamine powder;;Retail;2021;;$46,28;$69,41;Grams
Africa;North Africa;Egypt;Amphetamine-type stimulants;Methamphetamine powder;;Retail;2020;;$50,74;$63,42;Grams
Asia;East and South-East Asia;Singapore;Amphetamine-type stimulants;Methamphetamine powder;;Retail;2022;;$72,52;$108,77;Grams
Asia;East and South-East Asia;Singapore;Amphetamine-type stimulants;Methamphetamine powder;;Retail;2023;;$74,46;$89,35;Grams
Asia;East and South-East Asia;Singapore;Amphetamine-type stimulants;Methamphetamine powder;;Retail;2021;;$74,52;$111,77;Grams
Oceania;Australia and New Zealand;Australia;Amphetamine-type stimulants;Methamphetamine powder;;Retail;2021;;$75,24;$752,45;Grams
Oceania;Australia and New Zealand;Australia;Amphetamine-type stimulants;Methamphetamine powder;;Retail;2022;;$139,08;$417,25;Grams
Asia;East and South-East Asia;Mongolia;Amphetamine-type stimulants;Methamphetamine powder;;Retail;2023;;$144,63;$289,26;Grams
Africa;East Africa;Mauritius;Amphetamine-type stimulants;Methamphetamine powder;;Retail;2020;;$390,61;;Grams
Asia;East and South-East Asia;Myanmar;Amphetamine-type stimulants;Methamphetamine powder;;Retail;2020;$1,45;;;Grams
Americas;North America;Mexico;Amphetamine-type stimulants;Methamphetamine powder;;Retail;2021;$6,58;;;Grams
Americas;North America;Mexico;Amphetamine-type stimulants;Methamphetamine powder;;Retail;2021;$6,58;;;Grams
Americas;North America;Mexico;Amphetamine-type stimulants;Methamphetamine powder;;Retail;2021;$6,58;$0,50;$20,00;Grams
Asia;East and South-East Asia;Myanmar;Amphetamine-type stimulants;Methamphetamine powder;;Retail;2023;$9,12;;;Grams
Europe;Western and Central Europe;Hungary;Amphetamine-type stimulants;Methamphetamine powder;;Retail;2021;$9,92;$9,26;$82,66;Grams
Asia;East and South-East Asia;Myanmar;Amphetamine-type stimulants;Methamphetamine powder;;Retail;2022;$10,39;;;Grams
Europe;Western and Central Europe;Lithuania;Amphetamine-type stimulants;Methamphetamine powder;;Retail;2022;$10,54;$10,54;$12,64;Grams
Europe;Western and Central Europe;Lithuania;Amphetamine-type stimulants;Methamphetamine powder;;Retail;2020;$11,44;;;Grams
Asia;East and South-East Asia;Thailand;Amphetamine-type stimulants;Methamphetamine powder;;Retail;2023;$11,50;$11,50;$17,25;Grams
Europe;Western and Central Europe;Greece;Amphetamine-type stimulants;Methamphetamine powder;;Retail;2022;$11,59;$8,43;$14,75;Grams
Europe;Western and Central Europe;Greece;Amphetamine-type stimulants;Methamphetamine powder;;Retail;2023;$11,89;$8,65;$15,14;Grams
Asia;East and South-East Asia;Myanmar;Amphetamine-type stimulants;Methamphetamine powder;;Retail;2021;$12,62;;;Grams
Europe;Western and Central Europe;Portugal;Amphetamine-type stimulants;Methamphetamine powder;;Retail;2021;$12,70;;;Grams
Asia;Near and Middle East/ South-West Asia;Syrian Arab Republic;Amphetamine-type stimulants;Methamphetamine powder;;Retail;2022;$13,00;$11,00;$17,00;Grams
Asia;Near and Middle East/ South-West Asia;Syrian Arab Republic;Amphetamine-type stimulants;Methamphetamine powder;;Retail;2023;$13,00;$11,00;$17,00;Grams
Europe;Eastern Europe;Ukraine;Amphetamine-type stimulants;Methamphetamine powder;;Retail;2020;$14,61;$10,96;$91,31;Grams
Europe;Western and Central Europe;Hungary;Amphetamine-type stimulants;Methamphetamine powder;;Retail;2019;$17,19;$8,59;$27,50;Grams
Europe;South-Eastern Europe;Türkiye;Amphetamine-type stimulants;Methamphetamine powder;;Retail;2022;$18,23;;;Grams
Europe;Western and Central Europe;Poland;Amphetamine-type stimulants;Methamphetamine powder;;Retail;2021;$18,71;$9,10;$36,38;Grams
Europe;South-Eastern Europe;Bulgaria;Amphetamine-type stimulants;Methamphetamine powder;;Retail;2023;$19,36;$22,12;$38,72;Grams
Europe;Western and Central Europe;Poland;Amphetamine-type stimulants;Methamphetamine powder;;Retail;2023;$20,21;$10,70;$39,23;Grams
Europe;Western and Central Europe;Lithuania;Amphetamine-type stimulants;Methamphetamine powder;;Retail;2023;$20,54;$10,81;$30,27;Grams
Europe;South-Eastern Europe;Türkiye;Amphetamine-type stimulants;Methamphetamine powder;;Retail;2023;$20,58;;;Grams
Europe;Western and Central Europe;Estonia;Amphetamine-type stimulants;Methamphetamine powder;;Retail;2022;$21,07;$15,81;$42,15;Grams
Europe;South-Eastern Europe;Türkiye;Amphetamine-type stimulants;Methamphetamine powder;;Retail;2021;$21,59;;;Grams
Europe;Western and Central Europe;Estonia;Amphetamine-type stimulants;Methamphetamine powder;;Retail;2023;$21,62;$16,22;$43,24;Grams
Europe;Western and Central Europe;Estonia;Amphetamine-type stimulants;Methamphetamine powder;;Retail;2020;$22,88;$17,16;$34,32;Grams
Europe;Western and Central Europe;Estonia;Amphetamine-type stimulants;Methamphetamine powder;;Retail;2021;$23,72;$17,79;$35,59;Grams
Europe;Western and Central Europe;Portugal;Amphetamine-type stimulants;Methamphetamine powder;;Retail;2023;$23,74;;;Grams
Asia;East and South-East Asia;Malaysia;Amphetamine-type stimulants;Methamphetamine powder;;Retail;2021;$24,18;;;Grams
Europe;Western and Central Europe;Poland;Amphetamine-type stimulants;Methamphetamine powder;;Retail;2022;$24,72;$11,91;$57,75;Grams
Europe;Western and Central Europe;Hungary;Amphetamine-type stimulants;Methamphetamine powder;;Retail;2022;$26,88;$24,20;$80,65;Grams
Europe;South-Eastern Europe;Bulgaria;Amphetamine-type stimulants;Methamphetamine powder;;Retail;2022;$26,94;$21,55;$37,72;Grams
Asia;Near and Middle East/ South-West Asia;United Arab Emirates;Amphetamine-type stimulants;Methamphetamine powder;;Retail;2021;$27,23;;;Grams
Europe;Western and Central Europe;France;Amphetamine-type stimulants;Methamphetamine powder;;Retail;2021;$28,47;$26,10;$47,45;Grams
Europe;Western and Central Europe;France;Amphetamine-type stimulants;Methamphetamine powder;;Retail;2020;$32,04;$21,74;$43,48;Grams
Asia;Near and Middle East/ South-West Asia;United Arab Emirates;Amphetamine-type stimulants;Methamphetamine powder;;Retail;2022;$32,94;;;Grams
Europe;South-Eastern Europe;Bulgaria;Amphetamine-type stimulants;Methamphetamine powder;;Retail;2021;$33,37;$24,27;$42,48;Grams
Americas;Central America;El Salvador;Amphetamine-type stimulants;Methamphetamine powder;;Retail;2023;$35,00;$30,00;$50,00;Grams
Europe;Western and Central Europe;Portugal;Amphetamine-type stimulants;Methamphetamine powder;;Retail;2022;$35,54;;;Grams
Europe;Eastern Europe;Russian Federation;Amphetamine-type stimulants;Methamphetamine powder;;Retail;2020;$39,62;;;Grams
Europe;Western and Central Europe;Italy;Amphetamine-type stimulants;Methamphetamine powder;;Retail;2020;$40,05;$35,95;$44,26;Units
Europe;South-Eastern Europe;Türkiye;Amphetamine-type stimulants;Methamphetamine powder;;Retail;2020;$42,61;;;Grams
Europe;Western and Central Europe;Czechia;Amphetamine-type stimulants;Methamphetamine powder;;Retail;2020;$42,68;$17,28;$215,90;Grams
Europe;Western and Central Europe;Czechia;Amphetamine-type stimulants;Methamphetamine powder;;Retail;2022;$42,94;$21,50;$343,52;Grams
Europe;Western and Central Europe;Finland;Amphetamine-type stimulants;Methamphetamine powder;;Retail;2023;$43,24;$37,84;$75,68;Grams
Europe;Western and Central Europe;Finland;Amphetamine-type stimulants;Methamphetamine powder;;Retail;2020;$45,77;$34,32;$68,65;Grams
Europe;Western and Central Europe;Czechia;Amphetamine-type stimulants;Methamphetamine powder;;Retail;2021;$46,26;$23,13;$231,32;Grams
Americas;Central America;El Salvador;Amphetamine-type stimulants;Methamphetamine powder;;Retail;2020;$50,00;$50,00;$50,00;Grams
Americas;Central America;El Salvador;Amphetamine-type stimulants;Methamphetamine powder;;Retail;2021;$50,00;$50,00;$50,00;Grams
Americas;Central America;El Salvador;Amphetamine-type stimulants;Methamphetamine powder;;Retail;2022;$50,00;$50,00;$50,00;Grams
Europe;Eastern Europe;Ukraine;Amphetamine-type stimulants;Methamphetamine powder;;Retail;2022;$52,18;$33,77;$92,09;Grams
Europe;Western and Central Europe;Finland;Amphetamine-type stimulants;Methamphetamine powder;;Retail;2021;$59,31;;;
Asia;Central Asia and Transcaucasia;Kyrgyzstan;Amphetamine-type stimulants;Methamphetamine powder;;Retail;2022;$61,00;$52,00;$70,00;Grams
Europe;Western and Central Europe;Slovakia;Amphetamine-type stimulants;Methamphetamine powder;;Retail;2022;$63,22;$31,61;$105,37;Grams
Asia;Near and Middle East/ South-West Asia;Israel;Amphetamine-type stimulants;Methamphetamine powder;;Retail;2020;$65,75;$58,45;$73,06;Grams
Asia;East and South-East Asia;China, Hong Kong SAR;Amphetamine-type stimulants;Methamphetamine powder;;Retail;2020;$65,88;$57,24;$70,90;Grams
Africa;East Africa;Kenya;Amphetamine-type stimulants;Methamphetamine powder;;Retail;2022;$68,08;;;Grams
Europe;Western and Central Europe;Slovakia;Amphetamine-type stimulants;Methamphetamine powder;;Retail;2020;$68,65;$34,32;$137,30;Grams
Asia;Central Asia and Transcaucasia;Tajikistan;Amphetamine-type stimulants;Methamphetamine powder;;Retail;2021;$70,00;$50,00;$90,00;Grams
Asia;East and South-East Asia;China, Hong Kong SAR;Amphetamine-type stimulants;Methamphetamine powder;;Retail;2023;$70,91;$53,79;$90,71;Grams
Asia;East and South-East Asia;Singapore;Amphetamine-type stimulants;Methamphetamine powder;;Retail;2020;$72,57;;;Grams
Europe;Western and Central Europe;Czechia;Amphetamine-type stimulants;Methamphetamine powder;;Retail;2023;$72,86;$22,59;$360,86;Grams
Asia;East and South-East Asia;China, Hong Kong SAR;Amphetamine-type stimulants;Methamphetamine powder;;Retail;2022;$73,30;$58,49;$87,47;Grams
Europe;Western and Central Europe;Belgium;Amphetamine-type stimulants;Methamphetamine powder;;Retail;2022;$73,76;$56,90;$90,62;Grams
Asia;East and South-East Asia;China, Hong Kong SAR;Amphetamine-type stimulants;Methamphetamine powder;;Retail;2021;$81,07;$68,33;$105,01;Grams
Europe;Western and Central Europe;Austria;Amphetamine-type stimulants;Methamphetamine powder;;Retail;2023;$81,62;$27,03;$129,73;Grams
Europe;Western and Central Europe;Slovakia;Amphetamine-type stimulants;Methamphetamine powder;;Retail;2021;$83,04;$35,59;$118,62;Grams
Europe;Western and Central Europe;Cyprus;Amphetamine-type stimulants;Methamphetamine powder;;Retail;2022;$84,30;$10,54;$957,95;Grams
Europe;Western and Central Europe;Austria;Amphetamine-type stimulants;Methamphetamine powder;;Retail;2020;$91,53;$45,77;$137,30;Grams
Europe;Western and Central Europe;Austria;Amphetamine-type stimulants;Methamphetamine powder;;Retail;2022;$92,20;$26,34;$158,06;Grams
Europe;Western and Central Europe;Germany;Amphetamine-type stimulants;Methamphetamine powder;;Retail;2020;$93,82;$50,46;$152,75;Grams
Europe;Western and Central Europe;Slovakia;Amphetamine-type stimulants;Methamphetamine powder;;Retail;2023;$97,30;$32,43;$140,54;Grams
Europe;Western and Central Europe;Austria;Amphetamine-type stimulants;Methamphetamine powder;;Retail;2021;$103,80;$29,66;$177,94;Grams
Asia;East and South-East Asia;Philippines;Amphetamine-type stimulants;Methamphetamine powder;;Retail;2023;$107,76;$98,78;$111,35;Grams
Asia;East and South-East Asia;Philippines;Amphetamine-type stimulants;Methamphetamine powder;;Retail;2023;$109,27;$43,10;$263,40;Grams
Europe;Western and Central Europe;Belgium;Amphetamine-type stimulants;Methamphetamine powder;;Retail;2020;$114,42;$114,42;$114,42;Grams
Europe;Western and Central Europe;Denmark;Amphetamine-type stimulants;Methamphetamine powder;;Retail;2023;$116,14;;;Grams
Europe;Western and Central Europe;Cyprus;Amphetamine-type stimulants;Methamphetamine powder;;Retail;2021;$118,62;$15,81;$296,56;Grams
Europe;Western and Central Europe;Belgium;Amphetamine-type stimulants;Methamphetamine powder;;Retail;2021;$118,62;$118,62;$118,62;Grams
Asia;East and South-East Asia;China;Amphetamine-type stimulants;Methamphetamine powder;;Retail;2020;$123,42;;;Grams
Europe;Western and Central Europe;United Kingdom;Amphetamine-type stimulants;Methamphetamine powder;;Retail;2020;$128,53;$102,83;$257,07;Grams
Asia;Central Asia and Transcaucasia;Armenia;Amphetamine-type stimulants;Methamphetamine powder;;Retail;2023;$128,70;$115,83;$180,18;Grams
Asia;East and South-East Asia;China;Amphetamine-type stimulants;Methamphetamine powder;;Retail;2021;$130,07;;;
Asia;East and South-East Asia;Philippines;Amphetamine-type stimulants;Methamphetamine powder;;Retail;2020;$137,30;$120,26;$140,83;Grams
Europe;Western and Central Europe;United Kingdom;Amphetamine-type stimulants;Methamphetamine powder;;Retail;2021;$137,55;$110,04;$206,33;Grams
Asia;East and South-East Asia;Brunei Darussalam;Amphetamine-type stimulants;Methamphetamine powder;;Retail;2021;$145,31;$137,85;$145,31;Grams
Europe;Western and Central Europe;Cyprus;Amphetamine-type stimulants;Methamphetamine powder;;Retail;2019;$161,25;$11,20;$895,86;Grams
Asia;Central Asia and Transcaucasia;Armenia;Amphetamine-type stimulants;Methamphetamine powder;;Retail;2022;$161,69;$150,14;$173,24;Grams
Europe;Western and Central Europe;Finland;Amphetamine-type stimulants;Methamphetamine powder;;Retail;2022;$179,14;$158,06;$184,40;Grams
Asia;East and South-East Asia;China;Amphetamine-type stimulants;Methamphetamine powder;;Retail;2022;$179,77;;;Grams
Asia;Near and Middle East/ South-West Asia;Saudi Arabia;Amphetamine-type stimulants;Methamphetamine powder;;Retail;2020;$186,47;$133,19;$266,38;Grams
Oceania;Australia and New Zealand;New Zealand;Amphetamine-type stimulants;Methamphetamine powder;;Retail;2022;$222,50;$95,36;$762,87;Grams
Asia;East and South-East Asia;China;Amphetamine-type stimulants;Methamphetamine powder;;Retail;2023;$228,35;;;Grams
Asia;Near and Middle East/ South-West Asia;Saudi Arabia;Amphetamine-type stimulants;Methamphetamine powder;;Retail;2021;$230,00;;;Grams
Oceania;Australia and New Zealand;New Zealand;Amphetamine-type stimulants;Methamphetamine powder;;Retail;2023;$245,70;$110,57;$429,98;Grams
Asia;East and South-East Asia;Republic of Korea;Amphetamine-type stimulants;Methamphetamine powder;;Retail;2020;$254,30;$254,30;$254,30;Grams
Asia;East and South-East Asia;Republic of Korea;Amphetamine-type stimulants;Methamphetamine powder;;Retail;2021;$263,44;$263,44;$263,44;Grams
Asia;East and South-East Asia;Republic of Korea;Amphetamine-type stimulants;Methamphetamine powder;;Retail;2022;$300,00;;;Grams
Asia;East and South-East Asia;Republic of Korea;Amphetamine-type stimulants;Methamphetamine powder;;Retail;2023;$300,00;;;Grams
Oceania;Australia and New Zealand;Australia;Amphetamine-type stimulants;Methamphetamine powder;;Retail;2020;$317,68;$69,06;$690,61;Grams
Asia;East and South-East Asia;Mongolia;Amphetamine-type stimulants;Methamphetamine powder;;Retail;2022;$320,81;;;Grams
Oceania;Australia and New Zealand;New Zealand;Amphetamine-type stimulants;Methamphetamine powder;;Retail;2021;$354,36;$85,05;$708,72;Grams
Africa;East Africa;Mauritius;Amphetamine-type stimulants;Methamphetamine powder;;Retail;2021;$367,86;;;
Asia;Near and Middle East/ South-West Asia;Qatar;Amphetamine-type stimulants;Methamphetamine powder;;Retail;2023;$411,07;;;Grams
Asia;East and South-East Asia;Japan;Amphetamine-type stimulants;Methamphetamine powder;;Retail;2021;$538,55;;;Grams
Asia;East and South-East Asia;Japan;Amphetamine-type stimulants;Methamphetamine powder;;Retail;2020;$563,66;;;Grams
Asia;East and South-East Asia;Malaysia;Amphetamine-type stimulants;Methamphetamine powder;;Retail;2023;$7.241,61;;;Kilograms
Americas;North America;United States of America;Amphetamine-type stimulants;Methamphetamine powder;;Retail;2021;$10.500,00;$6.000,00;$15.000,00;Kilograms
Asia;South Asia;India;Amphetamine-type stimulants;Methamphetamine powder;;Retail;2020;$13.493,46;;;Kilograms
Asia;South Asia;India;Amphetamine-type stimulants;Methamphetamine powder;;Retail;2021;$16.272,73;;;Kilograms
Asia;South Asia;India;Amphetamine-type stimulants;Methamphetamine powder;;Retail;2023;$20.832,83;;;Kilograms
Asia;South Asia;Sri Lanka;Amphetamine-type stimulants;Methamphetamine powder;;Retail;2020;$21.551,72;;;
Asia;South Asia;India;Amphetamine-type stimulants;Methamphetamine powder;;Retail;2022;$35.715,20;;;Kilograms
Asia;Central Asia and Transcaucasia;Tajikistan;Amphetamine-type stimulants;Methamphetamine powder;;Retail;2022;$45.000,00;$35.000,00;$50.000,00;Kilograms
Asia;South Asia;Sri Lanka;Amphetamine-type stimulants;Methamphetamine powder;;Retail;2022;$53.526,95;;;Kilograms
Africa;East Africa;Kenya;Amphetamine-type stimulants;Methamphetamine powder;;Retail;2023;$57.563,90;;;Kilograms
Africa;East Africa;Kenya;Amphetamine-type stimulants;Methamphetamine powder;;Retail;2021;$73.120,13;;;Kilograms
Europe;Western and Central Europe;United Kingdom;Amphetamine-type stimulants;Methamphetamine powder;;Retail;2022;$123.609,39;$98.887,52;$185.414,09;Kilograms
Asia;Near and Middle East/ South-West Asia;Iraq;Amphetamine-type stimulants;Methamphetamine powder;;Wholesale;2020;;$0,01;$0,02;Grams
Europe;Western and Central Europe;Lithuania;Amphetamine-type stimulants;Methamphetamine powder;;Wholesale;2021;;$2,14;$2,61;Grams
Europe;Western and Central Europe;Lithuania;Amphetamine-type stimulants;Methamphetamine powder;;Wholesale;2020;;$11,44;$13,73;Grams
Europe;Western and Central Europe;Italy;Amphetamine-type stimulants;Methamphetamine powder;;Wholesale;2021;;$12,63;$13,58;Kilograms
Europe;Western and Central Europe;Italy;Amphetamine-type stimulants;Methamphetamine powder;;Wholesale;2022;;$12,92;$15,43;Grams
Asia;Central Asia and Transcaucasia;Kazakhstan;Amphetamine-type stimulants;Methamphetamine powder;;Wholesale;2021;;$35,27;$47,02;Grams
Asia;East and South-East Asia;Indonesia;Amphetamine-type stimulants;Methamphetamine powder;;Wholesale;2021;;$48,97;$244,85;Grams
Asia;East and South-East Asia;Timor-Leste;Amphetamine-type stimulants;Methamphetamine powder;;Wholesale;2023;;$200,00;$300,00;Grams
Asia;East and South-East Asia;Timor-Leste;Amphetamine-type stimulants;Methamphetamine powder;;Wholesale;2020;;$250,00;$300,00;Grams
Europe;Western and Central Europe;United Kingdom;Amphetamine-type stimulants;Methamphetamine powder;;Wholesale;2022;;$1.854,14;$24.721,88;Kilograms
Europe;Western and Central Europe;Latvia;Amphetamine-type stimulants;Methamphetamine powder;;Wholesale;2021;;$3.558,72;$5.931,20;Kilograms
Europe;Western and Central Europe;Poland;Amphetamine-type stimulants;Methamphetamine powder;;Wholesale;2020;;$3.585,15;$3.841,23;Kilograms
Europe;Western and Central Europe;Latvia;Amphetamine-type stimulants;Methamphetamine powder;;Wholesale;2022;;$3.688,09;$5.268,70;Kilograms
Africa;North Africa;Egypt;Amphetamine-type stimulants;Methamphetamine powder;;Wholesale;2023;;$6.548,57;$13.097,15;Kilograms
Asia;East and South-East Asia;Malaysia;Amphetamine-type stimulants;Methamphetamine powder;;Wholesale;2020;;$9.519,28;$9.519,28;Kilograms
Asia;Central Asia and Transcaucasia;Azerbaijan;Amphetamine-type stimulants;Methamphetamine powder;;Wholesale;2021;;$11.000,00;$13.000,00;Kilograms
Asia;Central Asia and Transcaucasia;Azerbaijan;Amphetamine-type stimulants;Methamphetamine powder;;Wholesale;2022;;$13.000,00;$15.000,00;Kilograms
Asia;Central Asia and Transcaucasia;Azerbaijan;Amphetamine-type stimulants;Methamphetamine powder;;Wholesale;2023;;$14.000,00;$15.000,00;Kilograms
Asia;Central Asia and Transcaucasia;Azerbaijan;Amphetamine-type stimulants;Methamphetamine powder;;Wholesale;2020;;$14.740,57;$17.688,68;Kilograms
Europe;Western and Central Europe;Czechia;Amphetamine-type stimulants;Methamphetamine powder;;Wholesale;2020;;$19.429,06;$34.541,19;Kilograms
Europe;Western and Central Europe;United Kingdom;Amphetamine-type stimulants;Methamphetamine powder;;Wholesale;2021;;$20.632,74;$27.510,32;Kilograms
Europe;Western and Central Europe;Czechia;Amphetamine-type stimulants;Methamphetamine powder;;Wholesale;2021;;$23.123,37;;Kilograms
Oceania;Australia and New Zealand;New Zealand;Amphetamine-type stimulants;Methamphetamine powder;;Wholesale;2023;;$24.570,02;$98.280,10;Kilograms
Africa;North Africa;Egypt;Amphetamine-type stimulants;Methamphetamine powder;;Wholesale;2020;;$25.367,83;$38.051,75;Kilograms
Europe;Western and Central Europe;Czechia;Amphetamine-type stimulants;Methamphetamine powder;;Wholesale;2022;;$25.763,96;$32.204,43;Kilograms
Europe;Western and Central Europe;Czechia;Amphetamine-type stimulants;Methamphetamine powder;;Wholesale;2023;;$27.061,16;$33.826,45;Kilograms
Asia;East and South-East Asia;Philippines;Amphetamine-type stimulants;Methamphetamine powder;;Wholesale;2021;;$27.396,00;$198.948,50;Kilograms
Asia;Central Asia and Transcaucasia;Tajikistan;Amphetamine-type stimulants;Methamphetamine powder;;Wholesale;2020;;$30.000,00;;
Europe;Eastern Europe;Republic of Moldova;Amphetamine-type stimulants;Methamphetamine powder;;Wholesale;2022;;$31.612,22;$36.880,93;Kilograms
Europe;Eastern Europe;Republic of Moldova;Amphetamine-type stimulants;Methamphetamine powder;;Wholesale;2023;;$32.432,43;$37.837,84;Kilograms
Europe;Eastern Europe;Republic of Moldova;Amphetamine-type stimulants;Methamphetamine powder;;Wholesale;2020;;$34.324,94;$40.045,77;Kilograms
Europe;Eastern Europe;Republic of Moldova;Amphetamine-type stimulants;Methamphetamine powder;;Wholesale;2021;;$35.587,19;$41.518,39;Kilograms
Oceania;Australia and New Zealand;Australia;Amphetamine-type stimulants;Methamphetamine powder;;Wholesale;2022;;$76.495,13;$312.934,63;Kilograms
Oceania;Australia and New Zealand;Australia;Amphetamine-type stimulants;Methamphetamine powder;;Wholesale;2023;;$86.264,10;$145.985,40;Kilograms
Oceania;Australia and New Zealand;Australia;Amphetamine-type stimulants;Methamphetamine powder;;Wholesale;2021;;$90.293,45;$112.866,82;Kilograms
Asia;Near and Middle East/ South-West Asia;Iraq;Amphetamine-type stimulants;Methamphetamine powder;;Wholesale;2021;$0,01;$0,01;$0,02;Grams
Asia;Near and Middle East/ South-West Asia;Iraq;Amphetamine-type stimulants;Methamphetamine powder;;Wholesale;2022;$0,03;$0,03;$0,04;Grams
Africa;Southern Africa;Zambia;Amphetamine-type stimulants;Methamphetamine powder;;Wholesale;2020;$1,62;;;Grams
Europe;Western and Central Europe;Lithuania;Amphetamine-type stimulants;Methamphetamine powder;;Wholesale;2022;$4,74;$2,11;$6,32;Grams
Europe;Western and Central Europe;Lithuania;Amphetamine-type stimulants;Methamphetamine powder;;Wholesale;2023;$8,65;$4,32;$14,05;Grams
Asia;East and South-East Asia;Myanmar;Amphetamine-type stimulants;Methamphetamine powder;;Wholesale;2023;$9,12;;;Grams
Asia;Near and Middle East/ South-West Asia;Syrian Arab Republic;Amphetamine-type stimulants;Methamphetamine powder;;Wholesale;2022;$10,00;$9,00;$15,00;Grams
Asia;Near and Middle East/ South-West Asia;Syrian Arab Republic;Amphetamine-type stimulants;Methamphetamine powder;;Wholesale;2023;$10,00;$9,00;$15,00;Grams
Africa;Southern Africa;Zimbabwe;Amphetamine-type stimulants;Methamphetamine powder;;Wholesale;2020;$10,00;$10,00;$10,00;Kilograms
Asia;East and South-East Asia;Myanmar;Amphetamine-type stimulants;Methamphetamine powder;;Wholesale;2022;$10,39;;;Grams
Asia;East and South-East Asia;Myanmar;Amphetamine-type stimulants;Methamphetamine powder;;Wholesale;2021;$12,62;;;Grams
Asia;East and South-East Asia;Myanmar;Amphetamine-type stimulants;Methamphetamine powder;;Wholesale;2020;$14,49;;;Grams
Europe;Western and Central Europe;Latvia;Amphetamine-type stimulants;Methamphetamine powder;;Wholesale;2020;$17,16;$17,16;$28,60;Grams
Americas;Central America;Costa Rica;Amphetamine-type stimulants;Methamphetamine powder;;Wholesale;2020;$18,00;;;Kilograms
Europe;South-Eastern Europe;Montenegro;Amphetamine-type stimulants;Methamphetamine powder;;Wholesale;2023;$21,62;$10,81;$32,43;Grams
Asia;East and South-East Asia;China, Hong Kong SAR;Amphetamine-type stimulants;Methamphetamine powder;;Wholesale;2020;$23,20;$15,47;$28,62;Grams
Europe;Western and Central Europe;Poland;Amphetamine-type stimulants;Methamphetamine powder;;Wholesale;2022;$40,45;$40,45;$40,45;Grams
Europe;Eastern Europe;Belarus;Amphetamine-type stimulants;Methamphetamine powder;;Wholesale;2020;$40,47;$32,38;$48,56;Grams
Asia;East and South-East Asia;China;Amphetamine-type stimulants;Methamphetamine powder;;Wholesale;2022;$70,75;;;Grams
Asia;East and South-East Asia;Republic of Korea;Amphetamine-type stimulants;Methamphetamine powder;;Wholesale;2020;$84,77;$84,77;$84,77;Grams
Asia;East and South-East Asia;Republic of Korea;Amphetamine-type stimulants;Methamphetamine powder;;Wholesale;2021;$87,81;$87,81;$87,81;Grams
Asia;East and South-East Asia;China;Amphetamine-type stimulants;Methamphetamine powder;;Wholesale;2020;$88,43;$28,99;$185,72;Grams
Asia;East and South-East Asia;China;Amphetamine-type stimulants;Methamphetamine powder;;Wholesale;2021;$88,88;;;Grams
Asia;East and South-East Asia;Republic of Korea;Amphetamine-type stimulants;Methamphetamine powder;;Wholesale;2022;$100,00;;;Grams
Asia;East and South-East Asia;Republic of Korea;Amphetamine-type stimulants;Methamphetamine powder;;Wholesale;2023;$100,00;;;Grams
Asia;Central Asia and Transcaucasia;Armenia;Amphetamine-type stimulants;Methamphetamine powder;;Wholesale;2023;$102,96;$90,09;$154,44;Grams
Asia;East and South-East Asia;Mongolia;Amphetamine-type stimulants;Methamphetamine powder;;Wholesale;2022;$128,32;;;Grams
Asia;Central Asia and Transcaucasia;Armenia;Amphetamine-type stimulants;Methamphetamine powder;;Wholesale;2021;$139,31;$99,51;$159,21;Grams
Asia;Central Asia and Transcaucasia;Armenia;Amphetamine-type stimulants;Methamphetamine powder;;Wholesale;2022;$150,14;$138,59;$161,69;Grams
Asia;East and South-East Asia;Indonesia;Amphetamine-type stimulants;Methamphetamine powder;;Wholesale;2020;$154,40;$68,62;$240,18;Grams
Asia;Central Asia and Transcaucasia;Armenia;Amphetamine-type stimulants;Methamphetamine powder;;Wholesale;2020;$184,11;;;Grams
Asia;Near and Middle East/ South-West Asia;Saudi Arabia;Amphetamine-type stimulants;Methamphetamine powder;;Wholesale;2021;$230,00;;;Grams
Oceania;Australia and New Zealand;New Zealand;Amphetamine-type stimulants;Methamphetamine powder;;Wholesale;2020;$325,95;$130,38;$847,46;
Africa;East Africa;Mauritius;Amphetamine-type stimulants;Methamphetamine powder;;Wholesale;2023;$332,99;;;Grams
Africa;East Africa;Mauritius;Amphetamine-type stimulants;Methamphetamine powder;;Wholesale;2022;$343,30;;;Grams
Asia;Near and Middle East/ South-West Asia;Qatar;Amphetamine-type stimulants;Methamphetamine powder;;Wholesale;2021;$408,16;;$408,16;Grams
Asia;East and South-East Asia;Japan;Amphetamine-type stimulants;Methamphetamine powder;;Wholesale;2023;$470,57;;;
Asia;East and South-East Asia;Japan;Amphetamine-type stimulants;Methamphetamine powder;;Wholesale;2022;$473,94;;;Grams
Asia;Near and Middle East/ South-West Asia;Pakistan;Amphetamine-type stimulants;Methamphetamine powder;;Wholesale;2023;$1.284,25;$1.221,39;$1.347,12;Kilograms
Asia;Near and Middle East/ South-West Asia;Pakistan;Amphetamine-type stimulants;Methamphetamine powder;;Wholesale;2022;$1.603,10;$1.553,78;$1.652,43;Kilograms
Americas;Central America;Guatemala;Amphetamine-type stimulants;Methamphetamine powder;;Wholesale;2021;$1.941,50;;;Kilograms
Americas;Central America;Guatemala;Amphetamine-type stimulants;Methamphetamine powder;;Wholesale;2020;$1.942,00;$1.942,00;$2.006,73;Kilograms
Asia;Near and Middle East/ South-West Asia;Pakistan;Amphetamine-type stimulants;Methamphetamine powder;;Wholesale;2021;$2.936,43;$1.545,49;$4.327,37;
Americas;Central America;Panama;Amphetamine-type stimulants;Methamphetamine powder;;Wholesale;2019;$3.500,00;$3.500,00;$4.000,00;Kilograms
Asia;East and South-East Asia;Singapore;Amphetamine-type stimulants;Methamphetamine powder;;Wholesale;2020;$3.991,29;;;Grams
Asia;East and South-East Asia;Singapore;Amphetamine-type stimulants;Methamphetamine powder;;Wholesale;2021;$4.098,36;;;Grams
Asia;Near and Middle East/ South-West Asia;Pakistan;Amphetamine-type stimulants;Methamphetamine powder;;Wholesale;2020;$4.490,75;$4.335,90;$4.645,60;Kilograms
Asia;South Asia;Sri Lanka;Amphetamine-type stimulants;Methamphetamine powder;;Wholesale;2021;$4.567,11;;;
Asia;East and South-East Asia;Thailand;Amphetamine-type stimulants;Methamphetamine powder;;Wholesale;2023;$4.598,76;$2.874,22;$5.748,45;Kilograms
Europe;Western and Central Europe;Estonia;Amphetamine-type stimulants;Methamphetamine powder;;Wholesale;2022;$4.741,83;$2.107,48;$10.537,41;Kilograms
Europe;Western and Central Europe;Estonia;Amphetamine-type stimulants;Methamphetamine powder;;Wholesale;2021;$4.744,96;$3.558,72;$7.117,44;Kilograms
Americas;North America;Mexico;Amphetamine-type stimulants;Methamphetamine powder;;Wholesale;2021;$4.815,50;;;Kilograms
Americas;North America;Mexico;Amphetamine-type stimulants;Methamphetamine powder;;Wholesale;2021;$4.815,50;;;Kilograms
Americas;North America;Mexico;Amphetamine-type stimulants;Methamphetamine powder;;Wholesale;2021;$4.815,50;;;Kilograms
Americas;North America;Mexico;Amphetamine-type stimulants;Methamphetamine powder;;Wholesale;2021;$4.815,50;$39,53;$20.000,00;Kilograms
Europe;Western and Central Europe;Estonia;Amphetamine-type stimulants;Methamphetamine powder;;Wholesale;2023;$4.864,86;$2.162,16;$10.810,81;Kilograms
Oceania;Australia and New Zealand;New Zealand;Amphetamine-type stimulants;Methamphetamine powder;;Wholesale;2022;$5.085,82;$1.907,18;$6.357,28;Ounce
Europe;Western and Central Europe;Estonia;Amphetamine-type stimulants;Methamphetamine powder;;Wholesale;2020;$5.148,74;$3.432,49;$6.864,99;Kilograms
Asia;South Asia;India;Amphetamine-type stimulants;Methamphetamine powder;;Wholesale;2020;$5.667,25;;;Kilograms
Asia;East and South-East Asia;Malaysia;Amphetamine-type stimulants;Methamphetamine powder;;Wholesale;2022;$6.829,05;$5.007,97;$7.284,32;Kilograms
Europe;Western and Central Europe;Poland;Amphetamine-type stimulants;Methamphetamine powder;;Wholesale;2023;$7.370,42;$1.902,04;$10.699,00;Kilograms
Europe;Western and Central Europe;Belgium;Amphetamine-type stimulants;Methamphetamine powder;;Wholesale;2020;$7.723,11;$7.494,28;$7.951,95;Kilograms
Asia;East and South-East Asia;Thailand;Amphetamine-type stimulants;Methamphetamine powder;;Wholesale;2022;$8.700,00;;;Kilograms
Asia;East and South-East Asia;Malaysia;Amphetamine-type stimulants;Methamphetamine powder;;Wholesale;2021;$8.704,06;;;Kilograms
Asia;South Asia;India;Amphetamine-type stimulants;Methamphetamine powder;;Wholesale;2021;$9.763,64;;;Kilograms
Asia;Central Asia and Transcaucasia;Tajikistan;Amphetamine-type stimulants;Methamphetamine powder;;Wholesale;2023;$10.000,00;$2.500,00;$15.000,00;Kilograms
Europe;Western and Central Europe;Italy;Amphetamine-type stimulants;Methamphetamine powder;;Wholesale;2020;$10.695,65;$10.203,66;$11.188,79;1000 units
Europe;South-Eastern Europe;Bulgaria;Amphetamine-type stimulants;Methamphetamine powder;;Wholesale;2022;$10.775,86;$9.698,28;$11.853,45;Kilograms
Asia;Near and Middle East/ South-West Asia;United Arab Emirates;Amphetamine-type stimulants;Methamphetamine powder;;Wholesale;2021;$11.230,60;;;Kilograms
Asia;Near and Middle East/ South-West Asia;United Arab Emirates;Amphetamine-type stimulants;Methamphetamine powder;;Wholesale;2022;$11.512,66;;;Kilograms
Europe;Western and Central Europe;Greece;Amphetamine-type stimulants;Methamphetamine powder;;Wholesale;2022;$11.591,15;$8.429,93;$14.752,37;Kilograms
Europe;Western and Central Europe;Poland;Amphetamine-type stimulants;Methamphetamine powder;;Wholesale;2021;$11.694,39;$2.598,75;$25.727,65;Kilograms
Europe;South-Eastern Europe;Bulgaria;Amphetamine-type stimulants;Methamphetamine powder;;Wholesale;2020;$11.709,60;;;Kilograms
Europe;Western and Central Europe;Greece;Amphetamine-type stimulants;Methamphetamine powder;;Wholesale;2023;$11.891,89;$8.648,65;$15.135,14;Kilograms
Europe;South-Eastern Europe;Bulgaria;Amphetamine-type stimulants;Methamphetamine powder;;Wholesale;2021;$12.135,92;$12.135,92;$12.135,92;Kilograms
Europe;South-Eastern Europe;Bulgaria;Amphetamine-type stimulants;Methamphetamine powder;;Wholesale;2023;$13.827,43;$11.061,95;$16.592,92;Kilograms
Asia;South Asia;India;Amphetamine-type stimulants;Methamphetamine powder;;Wholesale;2022;$14.030,97;;;Kilograms
Asia;South Asia;India;Amphetamine-type stimulants;Methamphetamine powder;;Wholesale;2023;$14.534,53;;;Kilograms
Europe;Western and Central Europe;Finland;Amphetamine-type stimulants;Methamphetamine powder;;Wholesale;2020;$14.874,14;;;Kilograms
Asia;East and South-East Asia;Singapore;Amphetamine-type stimulants;Methamphetamine powder;;Wholesale;2022;$15.953,59;;;Kilograms
Asia;East and South-East Asia;Singapore;Amphetamine-type stimulants;Methamphetamine powder;;Wholesale;2023;$16.828,00;;;Kilograms
Americas;Central America;Guatemala;Amphetamine-type stimulants;Methamphetamine powder;;Wholesale;2023;$19.500,00;;;Kilograms
Asia;Central Asia and Transcaucasia;Tajikistan;Amphetamine-type stimulants;Methamphetamine powder;;Wholesale;2021;$20.000,00;$50.000,00;$50.000,00;Kilograms
Europe;Eastern Europe;Ukraine;Amphetamine-type stimulants;Methamphetamine powder;;Wholesale;2020;$20.089,12;$14.792,90;$24.654,83;Kilograms
Asia;Central Asia and Transcaucasia;Kyrgyzstan;Amphetamine-type stimulants;Methamphetamine powder;;Wholesale;2022;$22.500,00;$15.000,00;$30.000,00;Kilograms
Asia;East and South-East Asia;China, Hong Kong SAR;Amphetamine-type stimulants;Methamphetamine powder;;Wholesale;2023;$24.243,00;$17.886,80;$38.009,45;Kilograms
Asia;East and South-East Asia;China, Hong Kong SAR;Amphetamine-type stimulants;Methamphetamine powder;;Wholesale;2021;$26.840,43;$19.731,57;$36.031,40;Kilograms
Asia;East and South-East Asia;China, Hong Kong SAR;Amphetamine-type stimulants;Methamphetamine powder;;Wholesale;2022;$27.311,33;$17.643,60;$45.758,40;Kilograms
Asia;Central Asia and Transcaucasia;Tajikistan;Amphetamine-type stimulants;Methamphetamine powder;;Wholesale;2022;$30.000,00;$25.000,00;$30.000,00;Kilograms
Asia;East and South-East Asia;Philippines;Amphetamine-type stimulants;Methamphetamine powder;;Wholesale;2023;$32.772,13;$20.186,78;$64.142,03;Kilograms
Europe;Western and Central Europe;Germany;Amphetamine-type stimulants;Methamphetamine powder;;Wholesale;2020;$34.897,03;$33.180,78;$66.867,28;Kilograms
Americas;Central America;El Salvador;Amphetamine-type stimulants;Methamphetamine powder;;Wholesale;2023;$35.000,00;$30.000,00;$40.000,00;Kilograms
Asia;East and South-East Asia;Philippines;Amphetamine-type stimulants;Methamphetamine powder;;Wholesale;2023;$35.919,54;$32.327,59;$46.695,40;Kilograms
Europe;Western and Central Europe;Austria;Amphetamine-type stimulants;Methamphetamine powder;;Wholesale;2023;$37.837,84;$10.810,81;$64.864,86;Kilograms
Europe;Western and Central Europe;Austria;Amphetamine-type stimulants;Methamphetamine powder;;Wholesale;2022;$42.149,63;$21.074,82;$63.224,45;Kilograms
Europe;Western and Central Europe;United Kingdom;Amphetamine-type stimulants;Methamphetamine powder;;Wholesale;2020;$44.987,15;$25.706,94;$51.413,88;Kilograms
Europe;Western and Central Europe;Austria;Amphetamine-type stimulants;Methamphetamine powder;;Wholesale;2020;$45.766,59;$22.883,30;$68.649,89;Kilograms
Asia;South Asia;Sri Lanka;Amphetamine-type stimulants;Methamphetamine powder;;Wholesale;2022;$47.229,67;;;Kilograms
Europe;Western and Central Europe;Austria;Amphetamine-type stimulants;Methamphetamine powder;;Wholesale;2021;$47.449,58;$23.724,79;$71.174,38;Kilograms
Americas;Central America;El Salvador;Amphetamine-type stimulants;Methamphetamine powder;;Wholesale;2020;$50.000,00;$50.000,00;$50.000,00;Kilograms
Americas;Central America;El Salvador;Amphetamine-type stimulants;Methamphetamine powder;;Wholesale;2021;$50.000,00;$50.000,00;$50.000,00;Kilograms
Americas;Central America;El Salvador;Amphetamine-type stimulants;Methamphetamine powder;;Wholesale;2022;$50.000,00;$50.000,00;$50.000,00;Kilograms
Asia;Near and Middle East/ South-West Asia;Qatar;Amphetamine-type stimulants;Methamphetamine powder;;Wholesale;2023;$54.809,54;$41.107,15;$68.511,92;Kilograms
Africa;East Africa;Kenya;Amphetamine-type stimulants;Methamphetamine powder;;Wholesale;2021;$73.120,13;;;Kilograms
Oceania;Australia and New Zealand;Australia;Amphetamine-type stimulants;Methamphetamine powder;;Wholesale;2020;$85.635,36;$43.508,29;$172.651,93;Kilograms
Oceania;Australia and New Zealand;New Zealand;Amphetamine-type stimulants;Methamphetamine powder;;Wholesale;2021;$106.307,58;$7.087,17;$173.635,72;Kilograms
Asia;Near and Middle East/ South-West Asia;Qatar;Amphetamine-type stimulants;Methamphetamine powder;;Wholesale;2020;$136.314,07;;$272.628,14;Kilograms
Asia;East and South-East Asia;Thailand;Amphetamine-type stimulants;Methamphetamine tablets;;Retail;2022;;$1,44;$2,80;Tablets
Asia;East and South-East Asia;Thailand;Amphetamine-type stimulants;Methamphetamine tablets;;Retail;2020;;$1,59;$3,19;
Europe;Western and Central Europe;Italy;Amphetamine-type stimulants;Methamphetamine tablets;;Retail;2023;;$26,78;$34,75;Tablets
Oceania;Australia and New Zealand;Australia;Amphetamine-type stimulants;Methamphetamine tablets;;Retail;2020;;$34,53;$69,06;Tablets
Asia;East and South-East Asia;Myanmar;Amphetamine-type stimulants;Methamphetamine tablets;;Retail;2023;$0,91;;;Tablets
Asia;East and South-East Asia;Cambodia;Amphetamine-type stimulants;Methamphetamine tablets;;Retail;2020;$1,00;;;Tablets
Asia;East and South-East Asia;Myanmar;Amphetamine-type stimulants;Methamphetamine tablets;;Retail;2022;$1,04;;;Tablets
Asia;East and South-East Asia;Thailand;Amphetamine-type stimulants;Methamphetamine tablets;;Retail;2023;$1,44;$0,86;$2,87;Tablets
Asia;East and South-East Asia;Myanmar;Amphetamine-type stimulants;Methamphetamine tablets;;Retail;2021;$2,21;;;Tablets
Asia;East and South-East Asia;Myanmar;Amphetamine-type stimulants;Methamphetamine tablets;;Retail;2020;$2,54;;;Tablets
Asia;East and South-East Asia;Thailand;Amphetamine-type stimulants;Methamphetamine tablets;;Retail;2021;$3,14;;;Tablets
Asia;South Asia;India;Amphetamine-type stimulants;Methamphetamine tablets;;Retail;2021;$4,29;;;Tablets
Africa;West and Central Africa;Gambia;Amphetamine-type stimulants;Methamphetamine tablets;;Retail;2022;$5,21;$5,11;$5,39;Tablets
Europe;Western and Central Europe;Slovenia;Amphetamine-type stimulants;Methamphetamine tablets;;Retail;2023;$5,41;$3,24;$10,81;Grams
Europe;Western and Central Europe;Austria;Amphetamine-type stimulants;Methamphetamine tablets;;Retail;2022;$13,70;$6,32;$21,07;Tablets
Europe;Western and Central Europe;Austria;Amphetamine-type stimulants;Methamphetamine tablets;;Retail;2021;$15,42;$7,12;$23,72;Tablets
Europe;Western and Central Europe;Estonia;Amphetamine-type stimulants;Methamphetamine tablets;;Retail;2023;$21,62;$16,22;$43,24;Grams
Europe;Western and Central Europe;Estonia;Amphetamine-type stimulants;Methamphetamine tablets;;Retail;2021;$23,72;$17,79;$35,59;Grams
Asia;Central Asia and Transcaucasia;Tajikistan;Amphetamine-type stimulants;Methamphetamine tablets;;Retail;2022;$30,00;$10,00;$60,00;Tablets
Asia;East and South-East Asia;China;Amphetamine-type stimulants;Methamphetamine tablets;;Retail;2021;$36,70;;;
Europe;Eastern Europe;Russian Federation;Amphetamine-type stimulants;Methamphetamine tablets;;Retail;2020;$39,62;;;Grams
Asia;East and South-East Asia;Republic of Korea;Amphetamine-type stimulants;Methamphetamine tablets;;Retail;2021;$43,91;$43,91;$61,47;Tablets
Asia;East and South-East Asia;Republic of Korea;Amphetamine-type stimulants;Methamphetamine tablets;;Retail;2023;$50,00;;;Tablets
Asia;East and South-East Asia;Republic of Korea;Amphetamine-type stimulants;Methamphetamine tablets;;Retail;2022;$60,00;$50,00;$70,00;Grams
Asia;East and South-East Asia;China;Amphetamine-type stimulants;Methamphetamine tablets;;Retail;2020;$76,19;;;Grams
Asia;East and South-East Asia;China;Amphetamine-type stimulants;Methamphetamine tablets;;Retail;2022;$96,22;;;Tablets
Asia;East and South-East Asia;China;Amphetamine-type stimulants;Methamphetamine tablets;;Retail;2023;$273,46;;;Grams
Asia;East and South-East Asia;Malaysia;Amphetamine-type stimulants;Methamphetamine tablets;;Retail;2021;$12.088,97;;;Kilograms
Asia;East and South-East Asia;Malaysia;Amphetamine-type stimulants;Methamphetamine tablets;;Wholesale;2020;;$3,57;$3,57;Tablets
Asia;East and South-East Asia;Timor-Leste;Amphetamine-type stimulants;Methamphetamine tablets;;Wholesale;2023;;$50,00;$100,00;Tablets
Europe;Western and Central Europe;Italy;Amphetamine-type stimulants;Methamphetamine tablets;;Wholesale;2023;;$12.398,18;$13.468,00;1000 tablets
Asia;East and South-East Asia;Myanmar;Amphetamine-type stimulants;Methamphetamine tablets;;Wholesale;2023;$0,68;;;Tablets
Asia;East and South-East Asia;Myanmar;Amphetamine-type stimulants;Methamphetamine tablets;;Wholesale;2022;$0,78;;;Tablets
Asia;East and South-East Asia;Myanmar;Amphetamine-type stimulants;Methamphetamine tablets;;Wholesale;2021;$1,89;;;Tablets
Americas;Central America;Guatemala;Amphetamine-type stimulants;Methamphetamine tablets;;Wholesale;2020;$1,94;$1,94;$2,59;Grams
Asia;East and South-East Asia;Myanmar;Amphetamine-type stimulants;Methamphetamine tablets;;Wholesale;2020;$2,17;;;Tablets
Africa;West and Central Africa;Gambia;Amphetamine-type stimulants;Methamphetamine tablets;;Wholesale;2022;$5,02;$4,57;$5,11;Tablets
Asia;Central Asia and Transcaucasia;Tajikistan;Amphetamine-type stimulants;Methamphetamine tablets;;Wholesale;2022;$7,00;$5,00;$10,00;Tablets
Asia;Central Asia and Transcaucasia;Tajikistan;Amphetamine-type stimulants;Methamphetamine tablets;;Wholesale;2023;$10,00;$6,00;$25,00;Kilograms
Asia;Central Asia and Transcaucasia;Tajikistan;Amphetamine-type stimulants;Methamphetamine tablets;;Wholesale;2020;$15,00;$10,00;;
Asia;East and South-East Asia;Republic of Korea;Amphetamine-type stimulants;Methamphetamine tablets;;Wholesale;2021;$15,81;$15,81;$15,81;Tablets
Asia;East and South-East Asia;China;Amphetamine-type stimulants;Methamphetamine tablets;;Wholesale;2022;$16,38;;;Tablets
Asia;East and South-East Asia;Republic of Korea;Amphetamine-type stimulants;Methamphetamine tablets;;Wholesale;2022;$18,00;;;Tablets
Asia;East and South-East Asia;Republic of Korea;Amphetamine-type stimulants;Methamphetamine tablets;;Wholesale;2023;$20,00;;;Tablets
Asia;East and South-East Asia;China;Amphetamine-type stimulants;Methamphetamine tablets;;Wholesale;2021;$23,69;;;Tablets
Africa;Southern Africa;Namibia;Amphetamine-type stimulants;Methamphetamine tablets;;Wholesale;2022;$28,00;;;Grams
Europe;Eastern Europe;Belarus;Amphetamine-type stimulants;Methamphetamine tablets;;Wholesale;2020;$40,47;$32,38;$48,56;Grams
Asia;East and South-East Asia;China;Amphetamine-type stimulants;Methamphetamine tablets;;Wholesale;2020;$51,81;$8,38;$144,93;Grams
Asia;East and South-East Asia;Thailand;Amphetamine-type stimulants;Methamphetamine tablets;;Wholesale;2023;$431,13;$431,13;$574,84;1000 tablets
Asia;East and South-East Asia;Malaysia;Amphetamine-type stimulants;Methamphetamine tablets;;Wholesale;2022;$2.276,35;$967,45;$2.276,35;1000 tablets
Asia;East and South-East Asia;Thailand;Amphetamine-type stimulants;Methamphetamine tablets;;Wholesale;2022;$3.600,00;;;Kilograms
Europe;Western and Central Europe;Estonia;Amphetamine-type stimulants;Methamphetamine tablets;;Wholesale;2021;$4.744,96;$3.558,72;$7.117,44;Kilograms
Europe;Western and Central Europe;Austria;Amphetamine-type stimulants;Methamphetamine tablets;;Wholesale;2021;$5.753,26;$8.303,68;$9.489,92;1000 tablets
Europe;Western and Central Europe;Austria;Amphetamine-type stimulants;Methamphetamine tablets;;Wholesale;2022;$8.429,93;$7.376,19;$9.483,67;1000 tablets
Asia;East and South-East Asia;Thailand;Amphetamine-type stimulants (excluding “ecstasy”);“Yaba”;;Retail;2020;;$1,59;$3,19;Tablets
Asia;South Asia;Bangladesh;Amphetamine-type stimulants (excluding “ecstasy”);“Yaba”;;Retail;2021;$3,06;$2,57;$3,52;Tablets
Asia;South Asia;Bangladesh;Amphetamine-type stimulants (excluding “ecstasy”);“Yaba”;;Retail;2020;$3,28;$2,78;$3,74;Tablets
Asia;East and South-East Asia;Thailand;Amphetamine-type stimulants (excluding “ecstasy”);“Yaba”;;Wholesale;2020;;$797,09;$956,51;
Asia;South Asia;Bangladesh;Amphetamine-type stimulants (excluding “ecstasy”);“Yaba”;;Wholesale;2021;$1,68;$1,44;$1,90;Tablets
Asia;South Asia;Bangladesh;Amphetamine-type stimulants (excluding “ecstasy”);“Yaba”;;Wholesale;2020;$1,77;$1,48;$2,00;Tablets
Europe;Western and Central Europe;Finland;Amphetamine-type stimulants (excluding “ecstasy”);3,4-Methylenedioxypyrovalerone (MDPV);;Retail;2021;$355,87;;;Grams
Asia;East and South-East Asia;Thailand;Amphetamine-type stimulants (excluding “ecstasy”);Non-specified amphetamine-type stimulants;Crystal Methamphetamine;Retail;2021;$34,00;;;Grams
Oceania;Australia and New Zealand;Australia;Amphetamine-type stimulants (excluding “ecstasy”);Non-specified amphetamine-type stimulants;Crystalline methamphetamine (ice);Wholesale;2021;$7.524,45;$3.386,00;$7.524,45;Grams
Oceania;Australia and New Zealand;Australia;Amphetamine-type stimulants (excluding “ecstasy”);Non-specified amphetamine-type stimulants;Crystalline methamphetamine (ice);Wholesale;2021;$225.733,63;$150.489,09;$240.782,54;Kilograms
Europe;Western and Central Europe;Hungary;Amphetamine-type stimulants (excluding “ecstasy”);Other stimulants;"synthetic cathinones: under street name ""crystal""";Retail;2021;$16,53;$8,27;$49,59;Grams
Europe;Western and Central Europe;Portugal;Amphetamine-type stimulants (excluding “ecstasy”);Other stimulants;mephedrone;Retail;2022;$20,99;;;Grams
Europe;Western and Central Europe;Hungary;Amphetamine-type stimulants (excluding “ecstasy”);Other stimulants;MDMA;Retail;2021;$49,59;$16,53;$82,66;Grams
Europe;Western and Central Europe;Germany;Amphetamine-type stimulants (excluding “ecstasy”);Other stimulants;Crystal Meth;Retail;2021;$84,46;$53,38;$142,35;Grams
Europe;Western and Central Europe;Finland;Amphetamine-type stimulants (excluding “ecstasy”);Other stimulants;MDMA powder/chrystal-like;Retail;2022;$100,11;$89,57;$105,37;Grams
Europe;Western and Central Europe;Germany;Amphetamine-type stimulants (excluding “ecstasy”);Other stimulants;Crystal Methampehtamine;Wholesale;2021;$33.163,70;$15.421,12;$59.311,98;Kilograms
Oceania;Australia and New Zealand;India;ATS;Amphetamine;;Retail;2019;;$4,26;$11,37;Gram
Oceania;Australia and New Zealand;Serbia;ATS;Amphetamine;;Retail;2019;;$11,20;$16,80;Gram
Asia;East and South-East Asia;Russian Federation;ATS;Amphetamine;;Retail;2019;;$18,43;$38,39;Gram
Asia;East and South-East Asia;Egypt;ATS;Amphetamine;Captagon;Retail;2019;;$20,72;$23,68;Tablet
Asia;East and South-East Asia;Republic of Moldova;ATS;Amphetamine;;Retail;2019;;$33,59;$44,79;Gram
Asia;East and South-East Asia;Czechia;ATS;Amphetamine;;Retail;2019;;$43,67;$87,35;Gram
Europe;Western and Central Europe;Türkiye;ATS;Amphetamine;Captagon;Retail;2019;$1,77;;;Tablet
Asia;East and South-East Asia;Myanmar;ATS;Amphetamine;;Retail;2019;$1,96;;;Tablet
Europe;Western and Central Europe;Bangladesh;ATS;Amphetamine;;Retail;2019;$5,93;$3,56;$11,85;100 milligram
Europe;Western and Central Europe;Bulgaria;ATS;Amphetamine;;Retail;2019;$6,30;$5,72;$6,87;Tablet
Europe;Eastern Europe;United Kingdom;ATS;Amphetamine;;Retail;2019;$6,36;$6,36;$12,72;Gram
Europe;Western and Central Europe;Spain;ATS;Amphetamine;;Retail;2019;$6,84;;;Dose
Europe;Western and Central Europe;Bulgaria;ATS;Amphetamine;;Retail;2019;$7,44;$6,87;$9,16;Gram
Europe;Western and Central Europe;Slovakia;ATS;Amphetamine;;Retail;2019;$7,84;$3,36;$13,44;Tablet
Oceania;Australia and New Zealand;Luxembourg;ATS;Amphetamine;;Retail;2019;$8,12;$3,36;$11,20;Tablet
Asia;East and South-East Asia;Belgium;ATS;Amphetamine;;Retail;2019;$8,96;$2,80;$16,80;Gram
Asia;East and South-East Asia;Poland;ATS;Amphetamine;;Retail;2019;$10,40;$7,80;$15,59;Gram
Europe;Western and Central Europe;Hungary;ATS;Amphetamine;;Retail;2019;$10,53;$6,94;$17,47;Gram
Europe;Western and Central Europe;Germany;ATS;Amphetamine;;Retail;2019;$10,64;$5,15;$21,28;Gram
Asia;South Asia;Lithuania;ATS;Amphetamine;;Retail;2019;$10,64;$6,72;$13,44;Gram
Europe;South-Eastern Europe;Pakistan;ATS;Amphetamine;;Retail;2019;$10,64;$10,64;$10,64;Gram
Europe;Eastern Europe;Greece;ATS;Amphetamine;;Retail;2019;$11,20;$5,60;$16,80;Gram
Africa;North Africa;Ukraine;ATS;Amphetamine;;Retail;2019;$13,00;$11,00;$15,00;Gram
Europe;Eastern Europe;Myanmar;ATS;Amphetamine;;Retail;2019;$13,09;;;Gram
Europe;Western and Central Europe;Latvia;ATS;Amphetamine;;Retail;2019;$13,44;$11,20;$16,80;Gram
Europe;South-Eastern Europe;Luxembourg;ATS;Amphetamine;;Retail;2019;$13,74;$1,12;$158,69;Gram
Asia;East and South-East Asia;Saudi Arabia;ATS;Amphetamine;;Retail;2019;$14,66;$9,33;$26,66;Tablet
Asia;South Asia;Denmark;ATS;Amphetamine;;Retail;2019;$15,00;$7,50;$22,50;Gram
Europe;South-Eastern Europe;Tajikistan;ATS;Amphetamine;;Retail;2019;$15,00;$6,00;$25,00;Unit
Europe;Western and Central Europe;Ireland;ATS;Amphetamine;;Retail;2019;$16,80;;;Gram
Europe;Western and Central Europe;France;ATS;Amphetamine;;Retail;2019;$16,80;$11,20;$22,40;Gram
Europe;South-Eastern Europe;Sweden;ATS;Amphetamine;;Retail;2019;$21,17;$8,47;$34,40;Gram
Europe;Western and Central Europe;Estonia;ATS;Amphetamine;;Retail;2019;$22,40;$16,80;$28,00;Gram
Europe;Western and Central Europe;Iran (Islamic Republic of);ATS;Amphetamine;;Retail;2019;$23,18;;;Gram
Europe;Western and Central Europe;Zambia;ATS;Amphetamine;;Retail;2019;$23,37;$15,58;$38,95;Gram
Europe;Western and Central Europe;Iceland;ATS;Amphetamine;;Retail;2019;$24,55;;;Gram
Europe;Western and Central Europe;Spain;ATS;Amphetamine;;Retail;2019;$28,96;;;Gram
Europe;Western and Central Europe;Portugal;ATS;Amphetamine;;Retail;2019;$32,19;$12,64;$61,59;Gram
Europe;Western and Central Europe;Finland;ATS;Amphetamine;;Retail;2019;$33,59;$16,80;$55,99;Gram
Asia;Near and Middle East/ South-West Asia;Italy;ATS;Amphetamine;;Retail;2019;$42,09;$36,33;$47,86;Unit
Europe;Western and Central Europe;Tajikistan;ATS;Amphetamine;;Retail;2019;$70,00;$50,00;$100,00;Gram
Europe;Eastern Europe;Belarus;ATS;Amphetamine;;Retail;2019;$90,00;$80,00;$100,00;Gram
Asia;East and South-East Asia;Australia;ATS;Amphetamine;;Retail;2019;$139,18;;;Gram
Europe;Western and Central Europe;Kuwait;ATS;Amphetamine;;Retail;2019;$328,95;;;200 tablets
Europe;Western and Central Europe;Egypt;ATS;Amphetamine;Captagon;Wholesale;2019;;$14,80;$17,76;Tablet
Asia;Near and Middle East/ South-West Asia;Russian Federation;ATS;Amphetamine;;Wholesale;2019;;$2.917,33;$46.063,14;Kilogram
Europe;Western and Central Europe;Serbia;ATS;Amphetamine;;Wholesale;2019;;$3.359,46;$5.599,10;Kilogram
Asia;Central Asia and Transcaucasia;India;ATS;Amphetamine;;Wholesale;2019;;$3.552,90;$14.211,61;Kilogram
Europe;Western and Central Europe;Finland;ATS;Amphetamine;;Wholesale;2019;;$11.198,21;$16.797,31;Kilogram
Europe;Western and Central Europe;Bangladesh;ATS;Amphetamine;;Wholesale;2019;$2,37;$1,19;$11,85;100 milligram
Europe;Western and Central Europe;Tajikistan;ATS;Amphetamine;;Wholesale;2019;$15,00;$6,00;$25,00;Unit
Europe;Western and Central Europe;Lebanon;ATS;Amphetamine;Captagon;Wholesale;2019;$15,00;$10,00;$20,00;Tablet
Asia;Near and Middle East/ South-West Asia;Belarus;ATS;Amphetamine;;Wholesale;2019;$30,00;$20,00;$40,00;Gram
Africa;Southern Africa;Belgium;ATS;Amphetamine;;Wholesale;2019;$1.175,81;$783,87;$1.623,74;Kilogram
Europe;Western and Central Europe;United Kingdom;ATS;Amphetamine;;Wholesale;2019;$1.272,26;$1.272,26;$3.816,79;Kilogram
Europe;Western and Central Europe;Saudi Arabia;ATS;Amphetamine;;Wholesale;2019;$1.432,95;$666,49;$3.998,93;Kilogram
Europe;Western and Central Europe;Kuwait;ATS;Amphetamine;;Wholesale;2019;$1.644,74;;;1000 tablets
Europe;Western and Central Europe;Poland;ATS;Amphetamine;;Wholesale;2019;$1.819,13;;;Kilogram
Europe;Western and Central Europe;Bulgaria;ATS;Amphetamine;;Wholesale;2019;$2.146,54;$1.717,23;$2.575,84;Kilogram
Asia;Central Asia and Transcaucasia;Denmark;ATS;Amphetamine;;Wholesale;2019;$2.999,40;$2.699,46;$4.499,10;Kilogram
Europe;Eastern Europe;Lithuania;ATS;Amphetamine;;Wholesale;2019;$3.359,46;$1.679,73;$3.919,37;Kilogram
Oceania;Australia and New Zealand;Germany;ATS;Amphetamine;;Wholesale;2019;$3.578,95;$2.138,86;$4.870,10;Kilogram
Asia;Near and Middle East/ South-West Asia;Latvia;ATS;Amphetamine;;Wholesale;2019;$3.919,37;$2.799,55;$5.599,10;Kilogram
Africa;North Africa;Greece;ATS;Amphetamine;;Wholesale;2019;$5.039,19;$4.479,28;$5.599,10;Kilogram
Europe;Eastern Europe;Pakistan;ATS;Amphetamine;;Wholesale;2019;$5.321,13;$5.321,13;$5.321,13;Kilogram
Europe;South-Eastern Europe;Estonia;ATS;Amphetamine;;Wholesale;2019;$5.599,10;$4.479,28;$6.718,92;Kilogram
Asia;South Asia;Sweden;ATS;Amphetamine;;Wholesale;2019;$5.821,95;$2.381,71;$15.878,06;Kilogram
Europe;Western and Central Europe;Ukraine;ATS;Amphetamine;;Wholesale;2019;$6.000,00;$4.000,00;$7.000,00;Kilogram
Asia;South Asia;France;ATS;Amphetamine;;Wholesale;2019;$6.718,92;$5.599,10;$8.958,57;Kilogram
Asia;Central Asia and Transcaucasia;Iran (Islamic Republic of);ATS;Amphetamine;;Wholesale;2019;$8.095,24;;;Kilogram
Asia;Near and Middle East/ South-West Asia;Ireland;ATS;Amphetamine;;Wholesale;2019;$8.958,57;$10.078,39;$11.198,21;Kilogram
Europe;Eastern Europe;Italy;ATS;Amphetamine;;Wholesale;2019;$9.543,75;$8.936,80;$10.150,71;1000 units
Europe;Western and Central Europe;Spain;ATS;Amphetamine;;Wholesale;2019;$14.554,31;;;Kilogram
Europe;Western and Central Europe;Zambia;ATS;Amphetamine;;Wholesale;2019;$15.579,96;$7.789,98;$23.369,95;Kilogram
Asia;Near and Middle East/ South-West Asia;Tajikistan;ATS;Amphetamine;;Wholesale;2019;$70.000,00;$50.000,00;$100.000,00;Kilogram
Asia;Near and Middle East/ South-West Asia;Guatemala;ATS;Amphetamine;;Wholesale;2019;$97.352,02;$96.054,00;$98.650,05;Kilogram
Europe;Western and Central Europe;Thailand;ATS;Methamphetamine;;Retail;2019;;$1,64;$3,28;Tablet
Europe;South-Eastern Europe;India;ATS;Methamphetamine;;Retail;2019;;$2,13;$14,21;Tablet
Europe;Western and Central Europe;United States of America;ATS;Methamphetamine;;Retail;2019;;$4,00;$35,00;Tablet
Europe;Western and Central Europe;Russian Federation;ATS;Methamphetamine;;Retail;2019;;$16,89;$76,77;Gram
Europe;Western and Central Europe;Philippines;ATS;Methamphetamine;;Retail;2019;;$26,01;$255,36;Gram
Europe;Western and Central Europe;Thailand;ATS;Methamphetamine;;Retail;2019;;$33,00;$49,00;Gram
Europe;Western and Central Europe;Indonesia;ATS;Methamphetamine;;Retail;2019;;$52,00;$110,00;Gram
Asia;Near and Middle East/ South-West Asia;Egypt;ATS;Methamphetamine;Ice;Retail;2019;;$106,58;$148,03;Gram
Europe;Western and Central Europe;Australia;ATS;Methamphetamine;;Retail;2019;;$139,18;$661,10;Gram
Europe;Western and Central Europe;Lao People's Democratic Republic;ATS;Methamphetamine;;Retail;2019;$1,00;;;Tablet
Europe;Eastern Europe;Bangladesh;ATS;Methamphetamine;YABA;Retail;2019;$3,40;$2,95;$3,93;Tablet
Europe;Western and Central Europe;Malaysia;ATS;Methamphetamine;;Retail;2019;$4,82;$3,62;$6,03;Tablet
Asia;Near and Middle East/ South-West Asia;North Macedonia;ATS;Methamphetamine;;Retail;2019;$5,60;;;Gram
Europe;Western and Central Europe;Myanmar;ATS;Methamphetamine;;Retail;2019;$6,54;;;Gram
Europe;Western and Central Europe;Mexico;ATS;Methamphetamine;;Retail;2019;$6,58;$4,63;$18,51;Dose
Europe;Western and Central Europe;Hungary;ATS;Methamphetamine;;Retail;2019;$6,94;$6,94;$34,94;Gram
Africa;Southern Africa;Pakistan;ATS;Methamphetamine;;Retail;2019;$9,98;$9,98;$9,98;Gram
Asia;Central Asia and Transcaucasia;Lithuania;ATS;Methamphetamine;;Retail;2019;$11,20;$11,20;$13,44;Gram
Americas;Central America;Iceland;ATS;Methamphetamine;;Retail;2019;$13,10;;;Tablet
Asia;East and South-East Asia;Latvia;ATS;Methamphetamine;;Retail;2019;$13,44;$11,20;$16,80;Gram
Asia;South Asia;China;ATS;Methamphetamine;;Retail;2019;$22,53;;$434,91;Gram
Americas;North America;Zambia;ATS;Methamphetamine;;Retail;2019;$23,37;$15,58;$38,95;Gram
Europe;Eastern Europe;Iceland;ATS;Methamphetamine;;Retail;2019;$27,01;;;Gram
Asia;East and South-East Asia;Italy;ATS;Methamphetamine;;Retail;2019;$27,41;$24,36;$30,47;Tablet
Asia;East and South-East Asia;Ukraine;ATS;Methamphetamine;;Retail;2019;$30,00;$25,00;$35,00;Gram
Asia;East and South-East Asia;Republic of Moldova;ATS;Methamphetamine;;Retail;2019;$31,35;;;Gram
Africa;North Africa;Bulgaria;ATS;Methamphetamine;;Retail;2019;$31,48;$22,90;$40,07;Gram
Oceania;Australia and New Zealand;Finland;ATS;Methamphetamine;Crystalline Methamphetamine;Retail;2019;$33,59;$22,40;$55,99;Gram
Asia;East and South-East Asia;Poland;ATS;Methamphetamine;;Retail;2019;$35,08;$25,99;$45,48;Gram
Asia;South Asia;China, Macao SAR;ATS;Methamphetamine;;Retail;2019;$38,00;$32,00;$44,00;Tablet
Asia;East and South-East Asia;Luxembourg;ATS;Methamphetamine;;Retail;2019;$38,82;$6,72;$83,99;Gram
Europe;South-Eastern Europe;Türkiye;ATS;Methamphetamine;;Retail;2019;$39,01;;;Gram
Asia;East and South-East Asia;Malaysia;ATS;Methamphetamine;;Retail;2019;$43,40;$36,17;$48,23;Gram
Americas;North America;Czechia;ATS;Methamphetamine;;Retail;2019;$43,67;$21,84;$218,37;Gram
Europe;Western and Central Europe;France;ATS;Methamphetamine;;Retail;2019;$44,79;$33,59;$111,98;Gram
Asia;Near and Middle East/ South-West Asia;Slovakia;ATS;Methamphetamine;;Retail;2019;$55,99;$22,40;$111,98;Gram
Europe;Western and Central Europe;Nepal;ATS;Methamphetamine;;Retail;2019;$57,70;$44,38;$71,01;Gram
Europe;Western and Central Europe;China, Hong Kong SAR;ATS;Methamphetamine;;Retail;2019;$76,42;$53,84;$99,00;Gram
Europe;Western and Central Europe;China;ATS;Methamphetamine;;Retail;2019;$77,73;;$434,91;Gram
Asia;East and South-East Asia;Kuwait;ATS;Methamphetamine;;Retail;2019;$82,24;;;Gram
Africa;Southern Africa;Germany;ATS;Methamphetamine;;Retail;2019;$87,12;$47,93;$140,65;Gram
Europe;Western and Central Europe;Belarus;ATS;Methamphetamine;;Retail;2019;$90,00;$80,00;$100,00;Gram
Europe;Western and Central Europe;Cyprus;ATS;Methamphetamine;;Retail;2019;$111,98;$11,20;$895,86;Gram
Europe;Eastern Europe;Belgium;ATS;Methamphetamine;;Retail;2019;$134,38;$78,39;$223,96;Gram
Europe;Eastern Europe;Saudi Arabia;ATS;Methamphetamine;Shabu;Retail;2019;$142,10;$79,98;$186,62;Gram
Europe;South-Eastern Europe;Brunei Darussalam;ATS;Methamphetamine;;Retail;2019;$147,72;;;Gram
Europe;Western and Central Europe;United Kingdom;ATS;Methamphetamine;;Retail;2019;$190,84;$127,23;$190,84;Gram
Europe;Western and Central Europe;New Zealand;ATS;Methamphetamine;;Retail;2019;$263,33;$131,67;$395,00;Gram
Asia;East and South-East Asia;China, Macao SAR;ATS;Methamphetamine;;Retail;2019;$413,00;$300,00;$510,00;Gram
Europe;Western and Central Europe;Japan;ATS;Methamphetamine;;Retail;2019;$549,11;;;Gram
Europe;South-Eastern Europe;India;ATS;Methamphetamine;;Wholesale;2019;;$0,57;$2,84;Tablet
Asia;East and South-East Asia;Kenya;ATS;Methamphetamine;;Wholesale;2019;;$783,01;$880,88;Kilogram
Europe;Western and Central Europe;Thailand;ATS;Methamphetamine;;Wholesale;2019;;$820,00;$1.147,00;2000 tablets
Europe;Western and Central Europe;United Kingdom;ATS;Methamphetamine;;Wholesale;2019;;$1.526,72;$2.035,62;Ounce
Europe;Western and Central Europe;North Macedonia;ATS;Methamphetamine;;Wholesale;2019;;$4.479,28;$6.718,92;Kilogram
Asia;South Asia;Thailand;ATS;Methamphetamine;;Wholesale;2019;;$8.197,00;$13.115,00;Kilogram
Asia;East and South-East Asia;United States of America;ATS;Methamphetamine;;Wholesale;2019;;$10.000,00;$12.000,00;Kilogram
Asia;East and South-East Asia;Russian Federation;ATS;Methamphetamine;;Wholesale;2019;;$11.515,78;$50.669,45;Kilogram
Asia;Near and Middle East/ South-West Asia;Australia;ATS;Methamphetamine;;Wholesale;2019;;$55.671,54;$90.466,25;Kilogram
Europe;Western and Central Europe;Egypt;ATS;Methamphetamine;Ice;Wholesale;2019;;$59.210,14;$88.815,21;Kilogram
Europe;Eastern Europe;Bangladesh;ATS;Methamphetamine;YABA;Wholesale;2019;$1,97;$1,71;$2,25;Tablet
Europe;Western and Central Europe;Malaysia;ATS;Methamphetamine;;Wholesale;2019;$2,41;$2,41;$3,62;Tablet
Europe;Western and Central Europe;China;ATS;Methamphetamine;;Wholesale;2019;$9,79;;$434,91;Gram
Asia;Near and Middle East/ South-West Asia;Belarus;ATS;Methamphetamine;;Wholesale;2019;$30,00;$20,00;$40,00;Gram
Asia;East and South-East Asia;China;ATS;Methamphetamine;;Wholesale;2019;$43,58;;$434,91;Gram
Europe;Western and Central Europe;El Salvador;ATS;Methamphetamine;;Wholesale;2019;$450,00;$400,00;$500,00;Ounce
Oceania;Australia and New Zealand;Guatemala;ATS;Methamphetamine;;Wholesale;2019;$1.947,04;$1.557,63;$2.206,65;Kilogram
Asia;East and South-East Asia;Lithuania;ATS;Methamphetamine;;Wholesale;2019;$2.799,55;$1.903,70;$3.919,37;Kilogram
Asia;East and South-East Asia;Latvia;ATS;Methamphetamine;;Wholesale;2019;$3.919,37;$2.799,55;$5.599,10;Kilogram
Asia;South Asia;United States of America;ATS;Methamphetamine;;Wholesale;2019;$4.700,00;;;Pound
Africa;East Africa;Pakistan;ATS;Methamphetamine;;Wholesale;2019;$4.988,56;$4.988,56;$4.988,56;Kilogram
Asia;East and South-East Asia;Mexico;ATS;Methamphetamine;;Wholesale;2019;$5.636,60;$1.156,76;$13.881,18;Kilogram
Europe;Western and Central Europe;Malaysia;ATS;Methamphetamine;;Wholesale;2019;$9.645,53;$8.439,84;$15.673,98;Kilogram
Europe;South-Eastern Europe;Italy;ATS;Methamphetamine;;Wholesale;2019;$11.597,92;$11.224,65;$11.971,20;1000 tablets
Asia;East and South-East Asia;Poland;ATS;Methamphetamine;;Wholesale;2019;$11.694,39;;;Kilogram
Americas;North America;Finland;ATS;Methamphetamine;Crystalline Methamphetamine;Wholesale;2019;$13.437,85;;;Kilogram
Europe;Eastern Europe;Belgium;ATS;Methamphetamine;;Wholesale;2019;$15.677,49;$15.677,49;$15.677,49;Kilogram
Oceania;Australia and New Zealand;China, Hong Kong SAR;ATS;Methamphetamine;;Wholesale;2019;$18.845,18;$16.479,59;$21.210,77;Kilogram
Africa;North Africa;Zambia;ATS;Methamphetamine;;Wholesale;2019;$19.474,96;$11.684,97;$31.159,93;Kilogram
Asia;South Asia;Ukraine;ATS;Methamphetamine;;Wholesale;2019;$20.000,00;$15.000,00;$25.000,00;Kilogram
Asia;East and South-East Asia;Czechia;ATS;Methamphetamine;;Wholesale;2019;$21.836,51;$19.652,86;$26.203,81;Kilogram
Asia;East and South-East Asia;Bulgaria;ATS;Methamphetamine;;Wholesale;2019;$22.896,39;$22.896,39;$22.896,39;Kilogram
Europe;Eastern Europe;Germany;ATS;Methamphetamine;;Wholesale;2019;$38.446,81;$27.883,54;$68.029,12;Kilogram
Asia;East and South-East Asia;Kuwait;ATS;Methamphetamine;;Wholesale;2019;$65.789,47;;;Kilogram
Americas;Central America;Tajikistan;ATS;Methamphetamine;;Wholesale;2019;$70.000,00;$50.000,00;$100.000,00;Kilogram
Americas;Central America;India;Cannabis-type;Hashish (resin);;Retail;2019;;$1,42;$8,53;Gram
Europe;Western and Central Europe;Czechia;Cannabis-type;Hashish (resin);;Retail;2019;;$4,37;$8,85;Gram
Europe;Western and Central Europe;Romania;Cannabis-type;Hashish (resin);;Retail;2019;;$14,15;$18,88;Gram
Americas;North America;Finland;Cannabis-type;Hashish (resin);;Retail;2019;;$16,80;$22,40;Gram
Asia;Near and Middle East/ South-West Asia;Oman;Cannabis-type;Hashish (resin);;Retail;2019;;$25,97;$38,96;Gram
Americas;North America;Egypt;Cannabis-type;Hashish (resin);;Retail;2019;;$44,41;$51,81;5 gram
Asia;East and South-East Asia;Uzbekistan;Cannabis-type;Hashish (resin);;Retail;2019;;$4.000,00;$9.000,00;Kilogram
Europe;Western and Central Europe;Pakistan;Cannabis-type;Hashish (resin);;Retail;2019;$0,67;$0,60;$0,67;Gram
Europe;Western and Central Europe;Tajikistan;Cannabis-type;Hashish (resin);;Retail;2019;$1,50;$2,00;$3,00;Gram
Europe;Western and Central Europe;Iran (Islamic Republic of);Cannabis-type;Hashish (resin);;Retail;2019;$1,67;;;Gram
Europe;Western and Central Europe;Portugal;Cannabis-type;Hashish (resin);;Retail;2019;$3,00;$0,68;$33,59;Gram
Asia;East and South-East Asia;Morocco;Cannabis-type;Hashish (resin);;Retail;2019;$3,12;$2,60;$5,19;Gram
Africa;Southern Africa;Spain;Cannabis-type;Hashish (resin);;Retail;2019;$6,36;;;Gram
Europe;Eastern Europe;United Kingdom;Cannabis-type;Hashish (resin);;Retail;2019;$6,36;$6,36;$12,72;Gram
Europe;Western and Central Europe;Ireland;Cannabis-type;Hashish (resin);;Retail;2019;$6,72;;;Gram
Europe;South-Eastern Europe;France;Cannabis-type;Hashish (resin);;Retail;2019;$7,84;$5,60;$11,20;Gram
Europe;Western and Central Europe;Denmark;Cannabis-type;Hashish (resin);;Retail;2019;$9,00;$7,50;$12,00;Gram
Asia;Near and Middle East/ South-West Asia;Poland;Cannabis-type;Hashish (resin);;Retail;2019;$9,36;;;Gram
Asia;Central Asia and Transcaucasia;China, Hong Kong SAR;Cannabis-type;Hashish (resin);;Retail;2019;$10,27;$8,55;$11,99;Gram
Europe;South-Eastern Europe;Germany;Cannabis-type;Hashish (resin);;Retail;2019;$10,30;$5,49;$15,79;Gram
Europe;Western and Central Europe;Belgium;Cannabis-type;Hashish (resin);;Retail;2019;$10,53;$3,92;$22,40;Gram
Asia;East and South-East Asia;Hungary;Cannabis-type;Hashish (resin);;Retail;2019;$10,53;$6,94;$14,00;Gram
Asia;East and South-East Asia;Sweden;Cannabis-type;Hashish (resin);;Retail;2019;$10,59;$5,29;$26,46;Gram
Europe;Western and Central Europe;Republic of Moldova;Cannabis-type;Hashish (resin);;Retail;2019;$11,20;;;Gram
Asia;South Asia;Slovakia;Cannabis-type;Hashish (resin);;Retail;2019;$11,20;$5,60;$14,56;Gram
Europe;Western and Central Europe;Lithuania;Cannabis-type;Hashish (resin);;Retail;2019;$11,20;$10,08;$16,80;Gram
Europe;Eastern Europe;Lebanon;Cannabis-type;Hashish (resin);;Retail;2019;$12,00;$8,00;$15,00;Gram
Oceania;Australia and New Zealand;Italy;Cannabis-type;Hashish (resin);;Retail;2019;$13,25;$11,99;$14,50;Gram
Europe;Western and Central Europe;Latvia;Cannabis-type;Hashish (resin);;Retail;2019;$14,56;$13,44;$16,80;Gram
Asia;South Asia;Liechtenstein;Cannabis-type;Hashish (resin);;Retail;2019;$15,08;$12,06;$18,09;Gram
Europe;Western and Central Europe;Tunisia;Cannabis-type;Hashish (resin);;Retail;2019;$15,32;$14,30;$17,02;Gram
Europe;Eastern Europe;Zambia;Cannabis-type;Hashish (resin);;Retail;2019;$15,58;$7,79;$23,37;Gram
Asia;South Asia;Luxembourg;Cannabis-type;Hashish (resin);;Retail;2019;$16,25;$6,72;$74,66;Gram
Europe;Western and Central Europe;Kuwait;Cannabis-type;Hashish (resin);;Retail;2019;$16,45;;;Gram
Europe;South-Eastern Europe;New Zealand;Cannabis-type;Hashish (resin);;Retail;2019;$16,46;;;Gram
Europe;Western and Central Europe;Iceland;Cannabis-type;Hashish (resin);;Retail;2019;$19,64;;;Gram
Asia;Near and Middle East/ South-West Asia;Bulgaria;Cannabis-type;Hashish (resin);;Retail;2019;$20,03;$17,17;$22,90;Gram
Africa;North Africa;Russian Federation;Cannabis-type;Hashish (resin);;Retail;2019;$23,03;$19,96;$27,64;Gram
Asia;Central Asia and Transcaucasia;Saudi Arabia;Cannabis-type;Hashish (resin);;Retail;2019;$24,26;$6,66;$53,32;Gram
Asia;Near and Middle East/ South-West Asia;Belarus;Cannabis-type;Hashish (resin);;Retail;2019;$27,00;$25,00;$30,00;Gram
Asia;Central Asia and Transcaucasia;Greece;Cannabis-type;Hashish (resin);;Retail;2019;$28,00;$16,80;$39,19;Gram
Asia;Near and Middle East/ South-West Asia;Georgia;Cannabis-type;Hashish (resin);;Retail;2019;$32,04;$28,48;$35,60;200 milligram
Europe;Western and Central Europe;Philippines;Cannabis-type;Hashish (resin);;Retail;2019;$51,37;;;Gram
Africa;North Africa;Japan;Cannabis-type;Hashish (resin);;Retail;2019;$54,91;;;Gram
Europe;Western and Central Europe;Kazakhstan;Cannabis-type;Hashish (resin);;Retail;2019;$65,31;$65,31;$78,37;5 gram
Europe;Western and Central Europe;India;Cannabis-type;Hashish (resin);;Wholesale;2019;;$710,58;$2.131,74;Kilogram
Europe;Western and Central Europe;Oman;Cannabis-type;Hashish (resin);;Wholesale;2019;;$2.077,92;$2.597,40;Kilogram
Europe;Western and Central Europe;Uzbekistan;Cannabis-type;Hashish (resin);;Wholesale;2019;;$2.500,00;$7.500,00;Kilogram
Europe;Western and Central Europe;Egypt;Cannabis-type;Hashish (resin);;Wholesale;2019;;$3.848,66;$4.440,76;Kilogram
Europe;Western and Central Europe;North Macedonia;Cannabis-type;Hashish (resin);;Wholesale;2019;;$4.479,28;$5.599,10;Kilogram
Asia;East and South-East Asia;Romania;Cannabis-type;Hashish (resin);;Wholesale;2019;;$4.479,28;$7.838,75;Kilogram
Europe;Western and Central Europe;Portugal;Cannabis-type;Hashish (resin);;Wholesale;2019;$1,43;$0,34;$2,75;Gram
Europe;Western and Central Europe;Belarus;Cannabis-type;Hashish (resin);;Wholesale;2019;$12,00;$10,00;$15,00;Gram
Europe;Western and Central Europe;Nepal;Cannabis-type;Hashish (resin);;Wholesale;2019;$284,05;$221,91;$355,06;Kilogram
Europe;Western and Central Europe;Pakistan;Cannabis-type;Hashish (resin);;Wholesale;2019;$332,57;$299,31;$332,57;Kilogram
Europe;Eastern Europe;Iran (Islamic Republic of);Cannabis-type;Hashish (resin);;Wholesale;2019;$547,62;;;Kilogram
Europe;Western and Central Europe;Morocco;Cannabis-type;Hashish (resin);;Wholesale;2019;$726,97;$519,26;$1.038,53;Kilogram
Europe;Western and Central Europe;Kazakhstan;Cannabis-type;Hashish (resin);;Wholesale;2019;$835,95;$313,48;$1.724,14;Kilogram
Asia;Near and Middle East/ South-West Asia;Tajikistan;Cannabis-type;Hashish (resin);;Wholesale;2019;$1.000,00;$200,00;$2.000,00;Kilogram
Europe;Western and Central Europe;Lebanon;Cannabis-type;Hashish (resin);;Wholesale;2019;$1.200,00;$1.000,00;$15.000,00;Kilogram
Europe;Western and Central Europe;United Kingdom;Cannabis-type;Hashish (resin);;Wholesale;2019;$1.272,26;$1.272,26;$1.717,56;Kilogram
Europe;Western and Central Europe;Spain;Cannabis-type;Hashish (resin);;Wholesale;2019;$1.826,43;;;Kilogram
Africa;North Africa;China, Hong Kong SAR;Cannabis-type;Hashish (resin);;Wholesale;2019;$1.935,00;$1.913,75;$1.956,24;Kilogram
Africa;Southern Africa;Belgium;Cannabis-type;Hashish (resin);;Wholesale;2019;$1.959,69;$1.343,78;$2.575,59;Kilogram
Europe;Western and Central Europe;France;Cannabis-type;Hashish (resin);;Wholesale;2019;$2.239,64;$1.903,70;$2.463,61;Kilogram
Asia;Near and Middle East/ South-West Asia;Ireland;Cannabis-type;Hashish (resin);;Wholesale;2019;$2.239,64;$2.015,68;$2.463,61;Kilogram
Oceania;Australia and New Zealand;Italy;Cannabis-type;Hashish (resin);;Wholesale;2019;$2.965,10;$2.505,92;$3.424,27;Kilogram
Europe;Western and Central Europe;Sweden;Cannabis-type;Hashish (resin);;Wholesale;2019;$3.175,61;$1.058,54;$6.351,22;Kilogram
Europe;South-Eastern Europe;Denmark;Cannabis-type;Hashish (resin);;Wholesale;2019;$3.749,25;$2.999,40;$5.248,95;Kilogram
Europe;Eastern Europe;Germany;Cannabis-type;Hashish (resin);;Wholesale;2019;$3.788,35;$2.311,31;$5.543,11;Kilogram
Asia;Near and Middle East/ South-West Asia;Russian Federation;Cannabis-type;Hashish (resin);;Wholesale;2019;$3.838,59;$3.608,28;$4.145,68;Kilogram
Europe;Eastern Europe;Poland;Cannabis-type;Hashish (resin);;Wholesale;2019;$3.898,13;;;Kilogram
Europe;Western and Central Europe;Latvia;Cannabis-type;Hashish (resin);;Wholesale;2019;$4.479,28;$3.359,46;$5.039,19;Kilogram
Asia;Central Asia and Transcaucasia;Finland;Cannabis-type;Hashish (resin);;Wholesale;2019;$5.599,10;;;Kilogram
Asia;East and South-East Asia;Lithuania;Cannabis-type;Hashish (resin);;Wholesale;2019;$6.159,01;$5.599,10;$8.958,57;Kilogram
Asia;East and South-East Asia;Kuwait;Cannabis-type;Hashish (resin);;Wholesale;2019;$6.578,95;;;Kilogram
Asia;Central Asia and Transcaucasia;Saudi Arabia;Cannabis-type;Hashish (resin);;Wholesale;2019;$6.620,37;$4.532,12;$9.597,44;Kilogram
Asia;South Asia;Zambia;Cannabis-type;Hashish (resin);;Wholesale;2019;$7.789,98;$3.894,99;$11.684,97;Kilogram
Asia;Near and Middle East/ South-West Asia;Greece;Cannabis-type;Hashish (resin);;Wholesale;2019;$8.398,66;$5.599,10;$11.198,21;Kilogram
Asia;Central Asia and Transcaucasia;Tunisia;Cannabis-type;Hashish (resin);;Wholesale;2019;$12.933,97;$11.912,87;$13.614,70;Kilogram
Africa;North Africa;Indonesia;Cannabis-type;Marijuana (herb);;Retail;2019;;$0,10;$1,00;Gram
Europe;South-Eastern Europe;India;Cannabis-type;Marijuana (herb);;Retail;2019;;$0,21;$0,71;Gram
Europe;South-Eastern Europe;Philippines;Cannabis-type;Marijuana (herb);;Retail;2019;;$0,48;$5,29;Gram
Europe;Western and Central Europe;Albania;Cannabis-type;Marijuana (herb);;Retail;2019;;$1,12;$1,68;Gram
Europe;Eastern Europe;Thailand;Cannabis-type;Marijuana (herb);;Retail;2019;;$1,64;$3,28;5 gram
Asia;South Asia;Montenegro;Cannabis-type;Marijuana (herb);;Retail;2019;;$5,60;$11,20;Gram
Asia;Near and Middle East/ South-West Asia;North Macedonia;Cannabis-type;Marijuana (herb);;Retail;2019;;$5,60;$11,20;Gram
Asia;Near and Middle East/ South-West Asia;Egypt;Cannabis-type;Marijuana (herb);;Retail;2019;;$5,92;$11,84;5 gram
Africa;North Africa;Romania;Cannabis-type;Marijuana (herb);;Retail;2019;;$9,41;$14,15;Gram
Asia;Central Asia and Transcaucasia;Serbia;Cannabis-type;Marijuana (herb);;Retail;2019;;$11,20;$16,80;5 gram
Asia;Central Asia and Transcaucasia;Australia;Cannabis-type;Marijuana (herb);;Retail;2019;;$13,92;$69,59;Gram
Asia;Near and Middle East/ South-West Asia;Finland;Cannabis-type;Marijuana (herb);;Retail;2019;;$16,80;$28,00;Gram
Europe;Western and Central Europe;Oman;Cannabis-type;Marijuana (herb);;Retail;2019;;$20,78;;Gram
Europe;Western and Central Europe;Kenya;Cannabis-type;Marijuana (herb);;Retail;2019;;$195,75;$391,50;Kilogram
Asia;East and South-East Asia;Uzbekistan;Cannabis-type;Marijuana (herb);;Retail;2019;;$1.500,00;$2.500,00;Kilogram
Europe;Western and Central Europe;Myanmar;Cannabis-type;Marijuana (herb);;Retail;2019;$0,20;;;Gram
Europe;Western and Central Europe;Guatemala;Cannabis-type;Marijuana (herb);;Retail;2019;$0,20;$0,13;$0,26;Gram
Europe;Western and Central Europe;Bangladesh;Cannabis-type;Marijuana (herb);;Retail;2019;$0,24;$0,21;$0,29;Gram
Europe;Western and Central Europe;Zambia;Cannabis-type;Marijuana (herb);;Retail;2019;$0,39;$0,31;$0,70;Gram
Europe;Western and Central Europe;Honduras;Cannabis-type;Marijuana (herb);Bolsitas;Retail;2019;$0,81;$0,41;$1,63;Unit
Europe;Western and Central Europe;Tajikistan;Cannabis-type;Marijuana (herb);;Retail;2019;$1,00;$1,00;$2,00;Gram
Europe;Western and Central Europe;Uruguay;Cannabis-type;Marijuana (herb);;Retail;2019;$1,14;$0,86;$1,43;Gram
Europe;Eastern Europe;Uruguay;Cannabis-type;Marijuana (herb);Buds (flowers);Retail;2019;$1,57;$1,14;$2,00;Gram
Europe;Western and Central Europe;Costa Rica;Cannabis-type;Marijuana (herb);;Retail;2019;$2,77;;;Cigarette
Europe;Western and Central Europe;Bolivia (Plurinational State of);Cannabis-type;Marijuana (herb);;Retail;2019;$2,90;$2,17;$4,35;Gram
Europe;Western and Central Europe;El Salvador;Cannabis-type;Marijuana (herb);;Retail;2019;$3,00;$2,00;$5,00;Gram
Europe;Western and Central Europe;Mexico;Cannabis-type;Marijuana (herb);;Retail;2019;$3,99;$2,31;$9,25;Dose
Asia;Near and Middle East/ South-West Asia;Morocco;Cannabis-type;Marijuana (herb);Kif;Retail;2019;$4,00;;;100 gram
Asia;Near and Middle East/ South-West Asia;Malaysia;Cannabis-type;Marijuana (herb);;Retail;2019;$4,82;$3,62;$6,03;Gram
Africa;Southern Africa;Ecuador;Cannabis-type;Marijuana (herb);;Retail;2019;$5,00;$0,50;$10,00;Gram
Europe;Western and Central Europe;Ukraine;Cannabis-type;Marijuana (herb);;Retail;2019;$5,00;$3,00;$8,00;Gram
Africa;North Africa;Republic of Moldova;Cannabis-type;Marijuana (herb);;Retail;2019;$5,60;;;Gram
Asia;East and South-East Asia;Spain;Cannabis-type;Marijuana (herb);;Retail;2019;$5,67;;;Gram
Asia;South Asia;Portugal;Cannabis-type;Marijuana (herb);;Retail;2019;$6,00;$1,35;$21,53;Gram
Asia;East and South-East Asia;United Kingdom;Cannabis-type;Marijuana (herb);;Retail;2019;$6,36;;;Gram
Europe;South-Eastern Europe;Bulgaria;Cannabis-type;Marijuana (herb);;Retail;2019;$8,01;$4,58;$11,45;Gram
Asia;East and South-East Asia;Czechia;Cannabis-type;Marijuana (herb);;Retail;2019;$8,73;$1,12;$34,71;Gram
Europe;South-Eastern Europe;Hungary;Cannabis-type;Marijuana (herb);;Retail;2019;$8,73;$6,94;$17,81;Gram
Europe;South-Eastern Europe;Poland;Cannabis-type;Marijuana (herb);;Retail;2019;$8,84;;;Gram
Africa;North Africa;Chile;Cannabis-type;Marijuana (herb);;Retail;2019;$9,69;$2,83;$21,23;Gram
Europe;South-Eastern Europe;Italy;Cannabis-type;Marijuana (herb);;Retail;2019;$10,04;$8,97;$11,13;Gram
Europe;South-Eastern Europe;Liechtenstein;Cannabis-type;Marijuana (herb);;Retail;2019;$10,05;$8,04;$12,06;Gram
Oceania;Australia and New Zealand;Belgium;Cannabis-type;Marijuana (herb);;Retail;2019;$10,08;$4,48;$22,40;Gram
Europe;Western and Central Europe;Kazakhstan;Cannabis-type;Marijuana (herb);;Retail;2019;$10,45;$5,22;$15,67;10 gram
Asia;Near and Middle East/ South-West Asia;Sweden;Cannabis-type;Marijuana (herb);;Retail;2019;$10,59;$5,29;$21,17;Gram
Africa;East Africa;Türkiye;Cannabis-type;Marijuana (herb);;Retail;2019;$10,99;;;Gram
Asia;Central Asia and Transcaucasia;Germany;Cannabis-type;Marijuana (herb);;Retail;2019;$11,09;$5,94;$17,25;Gram
Asia;East and South-East Asia;Slovakia;Cannabis-type;Marijuana (herb);;Retail;2019;$11,20;$2,24;$22,40;Gram
Americas;Central America;France;Cannabis-type;Marijuana (herb);;Retail;2019;$11,20;$7,84;$11,20;Gram
Asia;South Asia;Lithuania;Cannabis-type;Marijuana (herb);;Retail;2019;$11,20;$11,20;$13,44;Gram
Africa;Southern Africa;Brunei Darussalam;Cannabis-type;Marijuana (herb);;Retail;2019;$11,36;;;Gram
Americas;Central America;United Kingdom;Cannabis-type;Marijuana (herb);Buds (flowers);Retail;2019;$12,72;$12,72;$38,17;Gram
Asia;Central Asia and Transcaucasia;New Zealand;Cannabis-type;Marijuana (herb);;Retail;2019;$13,17;$13,17;$32,92;Gram
Americas;South America;Latvia;Cannabis-type;Marijuana (herb);;Retail;2019;$13,44;$11,20;$16,80;Gram
Americas;South America;Georgia;Cannabis-type;Marijuana (herb);;Retail;2019;$14,24;$10,68;$17,80;5 gram
Americas;Central America;Bulgaria;Cannabis-type;Marijuana (herb);Dutch marijuana;Retail;2019;$14,31;$11,45;$17,17;Gram
Americas;South America;Russian Federation;Cannabis-type;Marijuana (herb);;Retail;2019;$15,35;$12,28;$18,43;Gram
Americas;Central America;Luxembourg;Cannabis-type;Marijuana (herb);;Retail;2019;$16,26;$6,72;$67,19;Gram
Americas;North America;Greece;Cannabis-type;Marijuana (herb);;Retail;2019;$16,80;$11,20;$22,40;Gram
Africa;North Africa;Iceland;Cannabis-type;Marijuana (herb);;Retail;2019;$19,23;;;Gram
Asia;East and South-East Asia;Kuwait;Cannabis-type;Marijuana (herb);;Retail;2019;$19,74;;;Gram
Americas;South America;Cyprus;Cannabis-type;Marijuana (herb);;Retail;2019;$21,84;$2,24;$226,20;Gram
Europe;Eastern Europe;Belarus;Cannabis-type;Marijuana (herb);;Retail;2019;$22,00;$20,00;$25,00;Gram
Europe;Eastern Europe;Ireland;Cannabis-type;Marijuana (herb);;Retail;2019;$22,40;;;Gram
Europe;Western and Central Europe;Estonia;Cannabis-type;Marijuana (herb);;Retail;2019;$22,40;$13,44;$28,00;Gram
Europe;Western and Central Europe;China, Hong Kong SAR;Cannabis-type;Marijuana (herb);Buds (flowers);Retail;2019;$24,50;$16,20;$32,79;Gram
Europe;Western and Central Europe;China, Hong Kong SAR;Cannabis-type;Marijuana (herb);;Retail;2019;$37,70;$19,78;$55,63;Gram
Europe;South-Eastern Europe;China;Cannabis-type;Marijuana (herb);;Retail;2019;$39,65;;$352,71;Gram
Europe;Western and Central Europe;Japan;Cannabis-type;Marijuana (herb);;Retail;2019;$45,76;;;Gram
Europe;Western and Central Europe;China, Macao SAR;Cannabis-type;Marijuana (herb);;Retail;2019;$125,00;$90,00;$160,00;Gram
Europe;Western and Central Europe;United States of America;Cannabis-type;Marijuana (herb);;Retail;2019;$200,00;;;Gram
Americas;South America;Lebanon;Cannabis-type;Marijuana (herb);;Retail;2019;$350,00;$300,00;$400,00;Gram
Europe;Western and Central Europe;India;Cannabis-type;Marijuana (herb);;Wholesale;2019;;$28,42;$142,12;Kilogram
Europe;Western and Central Europe;Thailand;Cannabis-type;Marijuana (herb);;Wholesale;2019;;$164,00;$262,00;Kilogram
Europe;Western and Central Europe;Egypt;Cannabis-type;Marijuana (herb);;Wholesale;2019;;$177,63;$207,24;Kilogram
Asia;Central Asia and Transcaucasia;Uzbekistan;Cannabis-type;Marijuana (herb);;Wholesale;2019;;$500,00;$1.200,00;Kilogram
Europe;Western and Central Europe;North Macedonia;Cannabis-type;Marijuana (herb);;Wholesale;2019;;$559,91;$895,86;Kilogram
Europe;South-Eastern Europe;Montenegro;Cannabis-type;Marijuana (herb);;Wholesale;2019;;$1.007,84;$1.343,78;Kilogram
Europe;Western and Central Europe;Albania;Cannabis-type;Marijuana (herb);;Wholesale;2019;;$1.119,82;$1.343,78;Kilogram
Europe;Western and Central Europe;Serbia;Cannabis-type;Marijuana (herb);;Wholesale;2019;;$1.119,82;$2.239,64;Kilogram
Europe;Western and Central Europe;Oman;Cannabis-type;Marijuana (herb);;Wholesale;2019;;$1.298,70;$2.077,92;Kilogram
Europe;Western and Central Europe;Bosnia and Herzegovina;Cannabis-type;Marijuana (herb);;Wholesale;2019;;$1.431,02;$1.717,23;Kilogram
Asia;East and South-East Asia;Czechia;Cannabis-type;Marijuana (herb);;Wholesale;2019;;$2.799,55;$3.919,37;Kilogram
Europe;Western and Central Europe;Romania;Cannabis-type;Marijuana (herb);;Wholesale;2019;;$3.359,46;$5.599,10;Kilogram
Oceania;Australia and New Zealand;Finland;Cannabis-type;Marijuana (herb);;Wholesale;2019;;$4.479,28;$11.198,21;Kilogram
Europe;Western and Central Europe;Portugal;Cannabis-type;Marijuana (herb);;Wholesale;2019;$3,10;$2,00;$4,20;Gram
Asia;Central Asia and Transcaucasia;Belarus;Cannabis-type;Marijuana (herb);;Wholesale;2019;$12,00;$10,00;$15,00;Gram
Europe;South-Eastern Europe;China;Cannabis-type;Marijuana (herb);;Wholesale;2019;$35,30;;$434,91;Gram
Europe;Eastern Europe;Morocco;Cannabis-type;Marijuana (herb);Kif;Wholesale;2019;$38,94;$36,35;$41,54;Kilogram
Europe;Western and Central Europe;Zambia;Cannabis-type;Marijuana (herb);;Wholesale;2019;$38,95;$23,37;$62,32;Kilogram
Europe;Western and Central Europe;Mexico;Cannabis-type;Marijuana (herb);;Wholesale;2019;$56,64;$23,14;$92,54;Kilogram
Europe;Western and Central Europe;Honduras;Cannabis-type;Marijuana (herb);;Wholesale;2019;$65,00;$43,00;$87,00;Pound
Asia;Near and Middle East/ South-West Asia;Guatemala;Cannabis-type;Marijuana (herb);;Wholesale;2019;$92,55;$90,86;$103,84;Kilogram
Europe;Western and Central Europe;El Salvador;Cannabis-type;Marijuana (herb);;Wholesale;2019;$100,00;$80,00;$120,00;Pound
Europe;Eastern Europe;Bolivia (Plurinational State of);Cannabis-type;Marijuana (herb);;Wholesale;2019;$100,00;$90,00;$110,00;Kilogram
Europe;Western and Central Europe;Nepal;Cannabis-type;Marijuana (herb);;Wholesale;2019;$142,03;$106,52;$177,53;Kilogram
Europe;Western and Central Europe;Colombia;Cannabis-type;Marijuana (herb);;Wholesale;2019;$156,28;;;Kilogram
Asia;East and South-East Asia;Bangladesh;Cannabis-type;Marijuana (herb);;Wholesale;2019;$181,80;$150,10;$218,80;Kilogram
Asia;East and South-East Asia;Lao People's Democratic Republic;Cannabis-type;Marijuana (herb);;Wholesale;2019;$300,00;;;Kilogram
Asia;East and South-East Asia;Uruguay;Cannabis-type;Marijuana (herb);;Wholesale;2019;$300,00;$255,00;$348,00;Kilogram
Asia;East and South-East Asia;Malaysia;Cannabis-type;Marijuana (herb);;Wholesale;2019;$434,05;$482,28;$723,41;Kilogram
Asia;East and South-East Asia;Kazakhstan;Cannabis-type;Marijuana (herb);;Wholesale;2019;$522,47;$65,31;$1.306,17;Kilogram
Americas;North America;Sri Lanka;Cannabis-type;Marijuana (herb);;Wholesale;2019;$704,15;$704,15;$704,15;Kilogram
Asia;Near and Middle East/ South-West Asia;Ecuador;Cannabis-type;Marijuana (herb);;Wholesale;2019;$800,00;$150,00;$1.000,00;Kilogram
Asia;South Asia;Uruguay;Cannabis-type;Marijuana (herb);Buds (flowers);Wholesale;2019;$850,00;$850,00;$850,00;Kilogram
Asia;East and South-East Asia;Tajikistan;Cannabis-type;Marijuana (herb);;Wholesale;2019;$1.000,00;$50,00;$2.000,00;Kilogram
Africa;North Africa;United Kingdom;Cannabis-type;Marijuana (herb);;Wholesale;2019;$1.272,26;$1.017,81;$1.526,72;Kilogram
Asia;Central Asia and Transcaucasia;Spain;Cannabis-type;Marijuana (herb);;Wholesale;2019;$1.726,76;;;Kilogram
Europe;South-Eastern Europe;Australia;Cannabis-type;Marijuana (herb);;Wholesale;2019;$1.739,74;$1.391,79;$2.783,58;Pound
Europe;South-Eastern Europe;Poland;Cannabis-type;Marijuana (herb);;Wholesale;2019;$1.819,13;;;Kilogram
Europe;South-Eastern Europe;United States of America;Cannabis-type;Marijuana (herb);;Wholesale;2019;$2.000,00;;;Pound
Europe;South-Eastern Europe;Ukraine;Cannabis-type;Marijuana (herb);;Wholesale;2019;$2.000,00;$1.000,00;$3.000,00;Kilogram
Asia;Near and Middle East/ South-West Asia;Greece;Cannabis-type;Marijuana (herb);;Wholesale;2019;$2.239,64;$1.679,73;$2.799,55;Kilogram
Europe;South-Eastern Europe;Italy;Cannabis-type;Marijuana (herb);;Wholesale;2019;$2.636,56;$2.286,86;$2.986,27;Kilogram
Europe;Western and Central Europe;Bosnia and Herzegovina;Cannabis-type;Marijuana (herb);Skunk;Wholesale;2019;$2.862,05;;;Kilogram
Europe;South-Eastern Europe;Bulgaria;Cannabis-type;Marijuana (herb);;Wholesale;2019;$2.862,05;$2.862,05;$2.862,05;Kilogram
Europe;Western and Central Europe;France;Cannabis-type;Marijuana (herb);;Wholesale;2019;$3.359,46;$2.911,53;$4.479,28;Kilogram
Europe;Western and Central Europe;Bulgaria;Cannabis-type;Marijuana (herb);Dutch marijuana;Wholesale;2019;$3.577,56;$2.862,05;$4.293,07;Kilogram
Europe;Eastern Europe;Chile;Cannabis-type;Marijuana (herb);;Wholesale;2019;$4.185,57;$1.415,05;$14.150,52;Kilogram
Asia;East and South-East Asia;Sweden;Cannabis-type;Marijuana (herb);;Wholesale;2019;$4.234,15;$2.910,98;$9.526,83;Kilogram
Africa;North Africa;China, Hong Kong SAR;Cannabis-type;Marijuana (herb);;Wholesale;2019;$4.258,10;$3.508,55;$5.007,66;Kilogram
Africa;Southern Africa;Belgium;Cannabis-type;Marijuana (herb);;Wholesale;2019;$4.932,81;$3.807,39;$6.159,01;Kilogram
Americas;North America;United Kingdom;Cannabis-type;Marijuana (herb);Buds (flowers);Wholesale;2019;$5.089,06;$4.452,93;$7.633,59;Kilogram
Americas;Central America;Germany;Cannabis-type;Marijuana (herb);;Wholesale;2019;$5.244,12;$3.028,00;$7.770,44;Kilogram
Americas;Central America;Latvia;Cannabis-type;Marijuana (herb);;Wholesale;2019;$6.718,92;$5.599,10;$7.838,75;Kilogram
Americas;Central America;Lithuania;Cannabis-type;Marijuana (herb);;Wholesale;2019;$6.942,89;$4.479,28;$11.198,21;Kilogram
Americas;South America;Estonia;Cannabis-type;Marijuana (herb);;Wholesale;2019;$7.278,84;$5.599,10;$7.838,75;Kilogram
Asia;South Asia;China, Hong Kong SAR;Cannabis-type;Marijuana (herb);Buds (flowers);Wholesale;2019;$7.479,59;$6.953,30;$8.005,87;Kilogram
Americas;South America;Ireland;Cannabis-type;Marijuana (herb);;Wholesale;2019;$8.958,57;$6.718,92;$11.198,21;Kilogram
Asia;South Asia;Lebanon;Cannabis-type;Marijuana (herb);;Wholesale;2019;$10.000,00;$8.000,00;$12.000,00;Kilogram
Asia;East and South-East Asia;Kuwait;Cannabis-type;Marijuana (herb);;Wholesale;2019;$16.447,37;;;Kilogram
Americas;South America;Russian Federation;Cannabis-type;Marijuana (herb);;Wholesale;2019;$53.740,33;$4.913,40;$5.681,12;Kilogram
Asia;East and South-East Asia;China;Cannabis-type;Other types of cannabis;;Retail;2019;$45,28;;$362,42;Gram
Asia;Central Asia and Transcaucasia;Egypt;Cannabis-type;Other types of cannabis;;Wholesale;2019;;$14.802,53;$17.763,04;Kilogram
Asia;South Asia;China;Cannabis-type;Other types of cannabis;;Wholesale;2019;$44,47;;$434,91;Gram
Americas;South America;China, Macao SAR;Cannabis-type drugs;Cannabis herb (marijuana);;Retail;2022;;;$124,04;Grams
Americas;South America;China, Macao SAR;Cannabis-type drugs;Cannabis herb (marijuana);;Retail;2021;;;$125,03;Grams
Asia;Central Asia and Transcaucasia;China, Macao SAR;Cannabis-type drugs;Cannabis herb (marijuana);;Retail;2020;;;$125,28;Grams
Europe;Western and Central Europe;Albania;Cannabis-type drugs;Cannabis herb (marijuana);;Retail;2023;;$0,10;;Grams
Europe;Western and Central Europe;South Africa;Cannabis-type drugs;Cannabis herb (marijuana);;Retail;2023;;$0,18;$0,21;Grams
Oceania;Australia and New Zealand;Ukraine;Cannabis-type drugs;Cannabis herb (marijuana);;Retail;2021;;$0,76;$9,63;Grams
Europe;Western and Central Europe;Mongolia;Cannabis-type drugs;Cannabis herb (marijuana);;Retail;2023;;$1,45;$2,89;Grams
Americas;North America;Kyrgyzstan;Cannabis-type drugs;Cannabis herb (marijuana);;Retail;2021;;$2,50;$3,00;Grams
Europe;Eastern Europe;Kyrgyzstan;Cannabis-type drugs;Cannabis herb (marijuana);;Retail;2020;;$2,50;$3,00;Units
Europe;Western and Central Europe;Thailand;Cannabis-type drugs;Cannabis herb (marijuana);;Retail;2020;;$2,55;$3,19;
Europe;Western and Central Europe;Thailand;Cannabis-type drugs;Cannabis herb (marijuana);;Retail;2022;;$3,00;$3,50;Units
Europe;South-Eastern Europe;Philippines;Cannabis-type drugs;Cannabis herb (marijuana);;Retail;2021;;$3,48;$22,60;Grams
Europe;South-Eastern Europe;North Macedonia;Cannabis-type drugs;Cannabis herb (marijuana);;Retail;2022;;$3,69;$8,43;Grams
Europe;Western and Central Europe;Bulgaria;Cannabis-type drugs;Cannabis herb (marijuana);;Retail;2020;;$4,68;$17,56;Kilograms
Europe;South-Eastern Europe;Bosnia and Herzegovina;Cannabis-type drugs;Cannabis herb (marijuana);;Retail;2022;;$5,27;$10,54;Grams
Americas;South America;Andorra;Cannabis-type drugs;Cannabis herb (marijuana);;Retail;2020;;$5,72;$11,44;Grams
Europe;Western and Central Europe;Albania;Cannabis-type drugs;Cannabis herb (marijuana);;Retail;2021;;$5,93;$8,30;Grams
Asia;East and South-East Asia;Egypt;Cannabis-type drugs;Cannabis herb (marijuana);;Retail;2020;;$6,34;$12,68;Units
Europe;Western and Central Europe;Australia;Cannabis-type drugs;Cannabis herb (marijuana);;Retail;2022;;$6,95;$20,86;Grams
Europe;Western and Central Europe;Italy;Cannabis-type drugs;Cannabis herb (marijuana);;Retail;2022;;$8,75;$12,12;Grams
Europe;Western and Central Europe;Italy;Cannabis-type drugs;Cannabis herb (marijuana);;Retail;2023;;$9,01;$13,02;Grams
Europe;Western and Central Europe;Lithuania;Cannabis-type drugs;Cannabis herb (marijuana);;Retail;2021;;$9,49;$15,78;Grams
Europe;Western and Central Europe;Italy;Cannabis-type drugs;Cannabis herb (marijuana);;Retail;2021;;$9,66;$13,19;Grams
Europe;Western and Central Europe;Ukraine;Cannabis-type drugs;Cannabis herb (marijuana);;Retail;2023;;$10,81;$13,51;Grams
Asia;East and South-East Asia;Australia;Cannabis-type drugs;Cannabis herb (marijuana);;Retail;2021;;$15,05;$37,62;Grams
Europe;Western and Central Europe;Mauritius;Cannabis-type drugs;Cannabis herb (marijuana);;Retail;2020;;$15,62;;Grams
Asia;Near and Middle East/ South-West Asia;Oman;Cannabis-type drugs;Cannabis herb (marijuana);;Retail;2020;;$20,83;;Grams
Asia;Near and Middle East/ South-West Asia;Singapore;Cannabis-type drugs;Cannabis herb (marijuana);;Retail;2023;;$22,34;$22,34;Grams
Europe;Eastern Europe;Singapore;Cannabis-type drugs;Cannabis herb (marijuana);;Retail;2021;;$50,00;$150,00;Grams
Asia;East and South-East Asia;Uzbekistan;Cannabis-type drugs;Cannabis herb (marijuana);;Retail;2022;;$3.000,00;$7.000,00;Kilograms
Africa;North Africa;Uzbekistan;Cannabis-type drugs;Cannabis herb (marijuana);;Retail;2023;;$3.000,00;$7.000,00;Kilograms
Asia;East and South-East Asia;Myanmar;Cannabis-type drugs;Cannabis herb (marijuana);;Retail;2023;$0,16;;;Grams
Asia;East and South-East Asia;Myanmar;Cannabis-type drugs;Cannabis herb (marijuana);;Retail;2022;$0,18;;;Grams
Asia;East and South-East Asia;Guatemala;Cannabis-type drugs;Cannabis herb (marijuana);;Retail;2023;$0,20;;;Grams
Asia;East and South-East Asia;Guatemala;Cannabis-type drugs;Cannabis herb (marijuana);;Retail;2021;$0,20;;;Grams
Europe;South-Eastern Europe;Guatemala;Cannabis-type drugs;Cannabis herb (marijuana);;Retail;2020;$0,20;$0,20;$1,94;Grams
Africa;Southern Africa;Myanmar;Cannabis-type drugs;Cannabis herb (marijuana);;Retail;2021;$0,22;;;Grams
Europe;Eastern Europe;Morocco;Cannabis-type drugs;Cannabis herb (marijuana);;Retail;2023;$0,25;$0,20;$0,30;Grams
Asia;East and South-East Asia;Morocco;Cannabis-type drugs;Cannabis herb (marijuana);;Retail;2022;$0,25;$0,20;$0,30;Grams
Asia;Central Asia and Transcaucasia;Myanmar;Cannabis-type drugs;Cannabis herb (marijuana);;Retail;2020;$0,25;;;Grams
Asia;Central Asia and Transcaucasia;Morocco;Cannabis-type drugs;Cannabis herb (marijuana);;Retail;2021;$0,28;$0,22;$0,33;Grams
Asia;East and South-East Asia;Bangladesh;Cannabis-type drugs;Cannabis herb (marijuana);;Retail;2020;$0,28;$0,25;$0,32;Grams
Asia;East and South-East Asia;Bangladesh;Cannabis-type drugs;Cannabis herb (marijuana);;Retail;2021;$0,30;$0,26;$0,34;Grams
Asia;East and South-East Asia;Nicaragua;Cannabis-type drugs;Cannabis herb (marijuana);;Retail;2020;$0,73;;;Grams
Europe;South-Eastern Europe;Honduras;Cannabis-type drugs;Cannabis herb (marijuana);;Retail;2020;$0,82;$0,82;$6,13;Units
Europe;South-Eastern Europe;Uruguay;Cannabis-type drugs;Cannabis herb (marijuana);;Retail;2020;$0,95;$0,72;$1,19;Grams
Europe;South-Eastern Europe;Bolivia (Plurinational State of);Cannabis-type drugs;Cannabis herb (marijuana);;Retail;2022;$1,50;$1,00;$3,00;Grams
Europe;Western and Central Europe;Mongolia;Cannabis-type drugs;Cannabis herb (marijuana);;Retail;2022;$1,60;;;Grams
Europe;South-Eastern Europe;El Salvador;Cannabis-type drugs;Cannabis herb (marijuana);;Retail;2020;$2,00;$2,00;$15,00;Units
Africa;North Africa;Honduras;Cannabis-type drugs;Cannabis herb (marijuana);;Retail;2021;$2,09;$0,50;$6,28;Units
Oceania;Australia and New Zealand;Bolivia (Plurinational State of);Cannabis-type drugs;Cannabis herb (marijuana);;Retail;2021;$2,19;$1,46;$2,92;Grams
Europe;Western and Central Europe;Croatia;Cannabis-type drugs;Cannabis herb (marijuana);;Retail;2021;$2,37;$2,37;$5,93;Grams
Europe;Western and Central Europe;Philippines;Cannabis-type drugs;Cannabis herb (marijuana);;Retail;2020;$2,42;$2,42;$2,99;Grams
Europe;Western and Central Europe;Ecuador;Cannabis-type drugs;Cannabis herb (marijuana);;Retail;2020;$2,50;$2,00;$5,00;Grams
Europe;Western and Central Europe;Ecuador;Cannabis-type drugs;Cannabis herb (marijuana);;Retail;2021;$3,00;;;Grams
Europe;Eastern Europe;Costa Rica;Cannabis-type drugs;Cannabis herb (marijuana);;Retail;2020;$3,00;;;Units
Oceania;Australia and New Zealand;El Salvador;Cannabis-type drugs;Cannabis herb (marijuana);;Retail;2023;$3,00;$1,50;$3,53;Grams
Africa;East Africa;El Salvador;Cannabis-type drugs;Cannabis herb (marijuana);;Retail;2022;$3,00;$2,00;$5,00;Grams
Asia;Near and Middle East/ South-West Asia;State of Palestine;Cannabis-type drugs;Cannabis herb (marijuana);;Retail;2021;$3,00;$3,00;$3,50;Grams
Asia;East and South-East Asia;El Salvador;Cannabis-type drugs;Cannabis herb (marijuana);;Retail;2021;$3,00;$3,00;$15,00;Units
Asia;East and South-East Asia;Philippines;Cannabis-type drugs;Cannabis herb (marijuana);;Retail;2023;$3,05;$2,87;$4,13;Grams
Asia;Central Asia and Transcaucasia;Philippines;Cannabis-type drugs;Cannabis herb (marijuana);;Retail;2023;$3,20;$0,63;$7,18;Grams
Asia;Central Asia and Transcaucasia;State of Palestine;Cannabis-type drugs;Cannabis herb (marijuana);;Retail;2020;$4,00;;;Grams
Asia;East and South-East Asia;Mexico;Cannabis-type drugs;Cannabis herb (marijuana);;Retail;2021;$4,46;$0,05;$12,50;Grams
Asia;East and South-East Asia;Ukraine;Cannabis-type drugs;Cannabis herb (marijuana);;Retail;2020;$4,57;$2,74;$7,31;Grams
Americas;Central America;Croatia;Cannabis-type drugs;Cannabis herb (marijuana);;Retail;2020;$4,58;$2,29;$10,30;Grams
Americas;Central America;Australia;Cannabis-type drugs;Cannabis herb (marijuana);;Retail;2023;$4,64;;;Grams
Americas;Central America;Kyrgyzstan;Cannabis-type drugs;Cannabis herb (marijuana);;Retail;2022;$5,00;$1,00;$9,00;Grams
Asia;East and South-East Asia;Andorra;Cannabis-type drugs;Cannabis herb (marijuana);;Retail;2022;$5,27;$4,74;$8,43;Grams
Africa;North Africa;Slovenia;Cannabis-type drugs;Cannabis herb (marijuana);;Retail;2022;$5,27;$5,27;$10,54;Grams
Africa;North Africa;Andorra;Cannabis-type drugs;Cannabis herb (marijuana);;Retail;2023;$5,41;$5,41;$8,65;Grams
Asia;East and South-East Asia;Slovenia;Cannabis-type drugs;Cannabis herb (marijuana);;Retail;2023;$5,41;$5,41;$10,81;Grams
Africa;North Africa;Montenegro;Cannabis-type drugs;Cannabis herb (marijuana);;Retail;2023;$5,41;$5,41;$27,03;Grams
Asia;South Asia;Portugal;Cannabis-type drugs;Cannabis herb (marijuana);;Retail;2023;$5,70;;;Grams
Asia;South Asia;Slovenia;Cannabis-type drugs;Cannabis herb (marijuana);;Retail;2020;$5,72;$5,72;$11,44;Grams
Americas;Central America;Spain;Cannabis-type drugs;Cannabis herb (marijuana);;Retail;2020;$5,82;$5,82;$5,84;Grams
Americas;Central America;Slovenia;Cannabis-type drugs;Cannabis herb (marijuana);;Retail;2021;$5,93;$5,93;$11,86;Grams
Americas;South America;Portugal;Cannabis-type drugs;Cannabis herb (marijuana);;Retail;2022;$5,93;;;Grams
Americas;South America;United Arab Emirates;Cannabis-type drugs;Cannabis herb (marijuana);;Retail;2020;$6,34;;;Grams
Asia;East and South-East Asia;Mexico;Cannabis-type drugs;Cannabis herb (marijuana);;Retail;2021;$6,58;;;Grams
Americas;Central America;Portugal;Cannabis-type drugs;Cannabis herb (marijuana);;Retail;2020;$6,62;$0,78;$16,58;Grams
Americas;Central America;Spain;Cannabis-type drugs;Cannabis herb (marijuana);;Retail;2023;$6,72;;;Grams
Americas;South America;Tajikistan;Cannabis-type drugs;Cannabis herb (marijuana);;Retail;2023;$7,00;$6,00;$10,00;Grams
Europe;South-Eastern Europe;Czechia;Cannabis-type drugs;Cannabis herb (marijuana);;Retail;2023;$7,35;$1,35;$22,59;Grams
Asia;East and South-East Asia;Bulgaria;Cannabis-type drugs;Cannabis herb (marijuana);;Retail;2022;$8,08;$4,31;$10,78;Grams
Americas;South America;United Arab Emirates;Cannabis-type drugs;Cannabis herb (marijuana);;Retail;2021;$8,17;;;Grams
Americas;South America;Bulgaria;Cannabis-type drugs;Cannabis herb (marijuana);;Retail;2021;$8,50;$4,85;$12,14;Kilograms
Americas;Central America;Czechia;Cannabis-type drugs;Cannabis herb (marijuana);;Retail;2020;$8,58;$0,86;$25,86;Grams
Americas;Central America;Czechia;Cannabis-type drugs;Cannabis herb (marijuana);;Retail;2022;$8,59;$1,93;$25,71;Grams
Americas;Central America;Hungary;Cannabis-type drugs;Cannabis herb (marijuana);;Retail;2019;$8,59;$6,87;$17,19;Grams
Asia;Near and Middle East/ South-West Asia;Denmark;Cannabis-type drugs;Cannabis herb (marijuana);;Retail;2023;$8,71;$7,26;$10,89;Grams
Americas;Central America;Ukraine;Cannabis-type drugs;Cannabis herb (marijuana);;Retail;2022;$9,21;;;Grams
Asia;East and South-East Asia;Czechia;Cannabis-type drugs;Cannabis herb (marijuana);;Retail;2021;$9,25;$0,95;$30,01;Grams
Asia;East and South-East Asia;Belgium;Cannabis-type drugs;Cannabis herb (marijuana);;Retail;2022;$9,69;$6,64;$12,64;Grams
Asia;Near and Middle East/ South-West Asia;Belgium;Cannabis-type drugs;Cannabis herb (marijuana);;Retail;2020;$9,95;$6,86;$11,44;Grams
Americas;North America;Bulgaria;Cannabis-type drugs;Cannabis herb (marijuana);;Retail;2023;$10,51;$4,42;$16,59;Grams
Europe;Eastern Europe;Slovakia;Cannabis-type drugs;Cannabis herb (marijuana);;Retail;2022;$10,54;$3,69;$26,34;Grams
Europe;South-Eastern Europe;Lithuania;Cannabis-type drugs;Cannabis herb (marijuana);;Retail;2022;$10,54;$5,27;$15,81;Grams
Oceania;Australia and New Zealand;Germany;Cannabis-type drugs;Cannabis herb (marijuana);;Retail;2022;$10,54;$6,32;$18,65;Grams
Asia;Central Asia and Transcaucasia;Romania;Cannabis-type drugs;Cannabis herb (marijuana);;Retail;2022;$10,54;$8,43;$12,64;Grams
Europe;Western and Central Europe;France;Cannabis-type drugs;Cannabis herb (marijuana);;Retail;2022;$10,54;$8,43;$12,64;Grams
Europe;Western and Central Europe;Poland;Cannabis-type drugs;Cannabis herb (marijuana);;Retail;2021;$10,65;$7,15;$12,99;Grams
Europe;Western and Central Europe;Hungary;Cannabis-type drugs;Cannabis herb (marijuana);;Retail;2022;$10,75;$5,38;$13,44;Grams
Europe;Western and Central Europe;Poland;Cannabis-type drugs;Cannabis herb (marijuana);;Retail;2020;$10,76;$5,12;$12,80;Grams
Europe;South-Eastern Europe;Belgium;Cannabis-type drugs;Cannabis herb (marijuana);;Retail;2021;$10,79;$8,07;$11,86;Grams
Europe;Western and Central Europe;Slovakia;Cannabis-type drugs;Cannabis herb (marijuana);;Retail;2023;$10,81;$5,41;$32,43;Grams
Europe;Western and Central Europe;Germany;Cannabis-type drugs;Cannabis herb (marijuana);;Retail;2023;$10,81;$6,16;$20,22;Grams
Europe;Western and Central Europe;Belgium;Cannabis-type drugs;Cannabis herb (marijuana);;Retail;2023;$10,81;$6,49;$13,51;Grams
Europe;Western and Central Europe;France;Cannabis-type drugs;Cannabis herb (marijuana);;Retail;2023;$10,81;$8,65;$12,97;Grams
Europe;Western and Central Europe;Brunei Darussalam;Cannabis-type drugs;Cannabis herb (marijuana);;Retail;2022;$10,88;$10,88;$21,75;Grams
Asia;Near and Middle East/ South-West Asia;Austria;Cannabis-type drugs;Cannabis herb (marijuana);;Retail;2022;$11,06;$6,32;$15,81;Grams
Americas;North America;Brunei Darussalam;Cannabis-type drugs;Cannabis herb (marijuana);;Retail;2023;$11,17;;;Grams
Europe;Western and Central Europe;Brunei Darussalam;Cannabis-type drugs;Cannabis herb (marijuana);;Retail;2021;$11,18;$11,18;$22,35;Grams
Europe;Western and Central Europe;Sweden;Cannabis-type drugs;Cannabis herb (marijuana);;Retail;2023;$11,30;$4,71;$18,84;Grams
Asia;Central Asia and Transcaucasia;Poland;Cannabis-type drugs;Cannabis herb (marijuana);;Retail;2023;$11,41;$8,32;$14,27;Grams
Europe;Western and Central Europe;Lithuania;Cannabis-type drugs;Cannabis herb (marijuana);;Retail;2020;$11,44;;;Grams
Europe;South-Eastern Europe;Slovakia;Cannabis-type drugs;Cannabis herb (marijuana);;Retail;2020;$11,44;$5,72;$17,16;Grams
Asia;Near and Middle East/ South-West Asia;Germany;Cannabis-type drugs;Cannabis herb (marijuana);;Retail;2020;$11,44;$7,09;$30,89;Grams
Europe;South-Eastern Europe;France;Cannabis-type drugs;Cannabis herb (marijuana);;Retail;2020;$11,44;$8,01;$13,73;Grams
Europe;Western and Central Europe;Romania;Cannabis-type drugs;Cannabis herb (marijuana);;Retail;2020;$11,44;$9,15;$13,73;Grams
Europe;Western and Central Europe;Poland;Cannabis-type drugs;Cannabis herb (marijuana);;Retail;2022;$11,46;$6,97;$13,71;Kilograms
Europe;Western and Central Europe;Uruguay;Cannabis-type drugs;Cannabis herb (marijuana);;Retail;2021;$11,57;$0,69;;Grams
Europe;Western and Central Europe;Hungary;Cannabis-type drugs;Cannabis herb (marijuana);;Retail;2021;$11,57;$8,27;$16,53;Grams
Europe;Eastern Europe;Netherlands;Cannabis-type drugs;Cannabis herb (marijuana);;Retail;2022;$11,77;;;Grams
Europe;Western and Central Europe;France;Cannabis-type drugs;Cannabis herb (marijuana);;Retail;2021;$11,86;$9,49;$13,64;Grams
Europe;Western and Central Europe;Germany;Cannabis-type drugs;Cannabis herb (marijuana);;Retail;2021;$11,86;$10,68;$12,81;Grams
Europe;Western and Central Europe;Austria;Cannabis-type drugs;Cannabis herb (marijuana);;Retail;2023;$11,89;$7,57;$16,22;
Europe;South-Eastern Europe;Lithuania;Cannabis-type drugs;Cannabis herb (marijuana);;Retail;2023;$11,89;$10,81;$14,05;Grams
Europe;Western and Central Europe;Austria;Cannabis-type drugs;Cannabis herb (marijuana);;Retail;2020;$12,01;$6,86;$17,16;Grams
Europe;Western and Central Europe;Netherlands;Cannabis-type drugs;Cannabis herb (marijuana);;Retail;2023;$12,08;;$18,09;Grams
Europe;Western and Central Europe;Malaysia;Cannabis-type drugs;Cannabis herb (marijuana);;Retail;2021;$12,09;;;Grams
Europe;South-Eastern Europe;New Zealand;Cannabis-type drugs;Cannabis herb (marijuana);;Retail;2023;$12,29;;;Grams
Europe;Western and Central Europe;Sweden;Cannabis-type drugs;Cannabis herb (marijuana);;Retail;2022;$12,42;$7,95;$19,88;Grams
Europe;Western and Central Europe;Austria;Cannabis-type drugs;Cannabis herb (marijuana);;Retail;2021;$12,46;$7,12;$17,79;Grams
Europe;Western and Central Europe;Latvia;Cannabis-type drugs;Cannabis herb (marijuana);;Retail;2022;$12,64;$12,64;$15,81;Grams
Europe;Western and Central Europe;New Zealand;Cannabis-type drugs;Cannabis herb (marijuana);;Retail;2022;$12,71;;;Grams
Europe;Western and Central Europe;United Arab Emirates;Cannabis-type drugs;Cannabis herb (marijuana);;Retail;2022;$12,80;;;Grams
Europe;Western and Central Europe;United Kingdom;Cannabis-type drugs;Cannabis herb (marijuana);;Retail;2020;$12,85;$12,85;$12,85;Grams
Europe;Western and Central Europe;Sweden;Cannabis-type drugs;Cannabis herb (marijuana);;Retail;2020;$13,63;$5,45;$21,81;Grams
Europe;Western and Central Europe;Netherlands;Cannabis-type drugs;Cannabis herb (marijuana);;Retail;2021;$13,88;;;Grams
Europe;Western and Central Europe;Mexico;Cannabis-type drugs;Cannabis herb (marijuana);;Retail;2021;$14,46;;;Grams
Asia;East and South-East Asia;Sweden;Cannabis-type drugs;Cannabis herb (marijuana);;Retail;2021;$14,63;$4,68;$23,40;Grams
Europe;Western and Central Europe;Mauritius;Cannabis-type drugs;Cannabis herb (marijuana);;Retail;2021;$14,71;;;
Asia;East and South-East Asia;Australia;Cannabis-type drugs;Cannabis herb (marijuana);;Retail;2020;$15,54;$13,81;$34,53;Grams
Asia;East and South-East Asia;Kyrgyzstan;Cannabis-type drugs;Cannabis herb (marijuana);;Retail;2023;$15,80;$0,60;$31,00;Grams
Europe;Western and Central Europe;Russian Federation;Cannabis-type drugs;Cannabis herb (marijuana);;Retail;2020;$20,49;;;Grams
Europe;Western and Central Europe;Israel;Cannabis-type drugs;Cannabis herb (marijuana);;Retail;2022;$20,93;$14,95;$29,90;Grams
Europe;Western and Central Europe;Saudi Arabia;Cannabis-type drugs;Cannabis herb (marijuana);;Retail;2021;$21,00;;;Grams
Europe;Western and Central Europe;Ireland;Cannabis-type drugs;Cannabis herb (marijuana);;Retail;2022;$21,07;;;Grams
Europe;Western and Central Europe;Cyprus;Cannabis-type drugs;Cannabis herb (marijuana);;Retail;2022;$21,07;$4,21;$413,97;Grams
Europe;Western and Central Europe;Finland;Cannabis-type drugs;Cannabis herb (marijuana);;Retail;2022;$21,07;$10,54;$31,61;Grams
Europe;South-Eastern Europe;Estonia;Cannabis-type drugs;Cannabis herb (marijuana);;Retail;2022;$21,07;$15,81;$26,34;Grams
Europe;Western and Central Europe;Norway;Cannabis-type drugs;Cannabis herb (marijuana);;Retail;2023;$21,34;$14,23;$28,45;Grams
Americas;South America;Ireland;Cannabis-type drugs;Cannabis herb (marijuana);;Retail;2023;$21,62;;;Grams
Europe;Western and Central Europe;Estonia;Cannabis-type drugs;Cannabis herb (marijuana);;Retail;2023;$21,62;$9,73;$27,03;Grams
Europe;Western and Central Europe;Finland;Cannabis-type drugs;Cannabis herb (marijuana);;Retail;2023;$21,62;$10,81;$43,24;Grams
Europe;Western and Central Europe;Singapore;Cannabis-type drugs;Cannabis herb (marijuana);;Retail;2022;$21,75;;;Grams
Europe;Western and Central Europe;Italy;Cannabis-type drugs;Cannabis herb (marijuana);;Retail;2020;$22,75;$9,86;$12,88;Grams
Europe;Western and Central Europe;China, Hong Kong SAR;Cannabis-type drugs;Cannabis herb (marijuana);;Retail;2020;$22,82;$17,53;$25,78;Grams
Europe;Western and Central Europe;Cyprus;Cannabis-type drugs;Cannabis herb (marijuana);;Retail;2020;$22,88;$0,43;$457,67;Grams
Europe;Western and Central Europe;Ireland;Cannabis-type drugs;Cannabis herb (marijuana);;Retail;2020;$22,88;$17,16;$28,60;Grams
Europe;Western and Central Europe;Cyprus;Cannabis-type drugs;Cannabis herb (marijuana);;Retail;2019;$23,63;$2,24;$226,20;Grams
Asia;East and South-East Asia;Greece;Cannabis-type drugs;Cannabis herb (marijuana);;Retail;2022;$23,71;$15,81;$31,61;Grams
Oceania;Australia and New Zealand;Finland;Cannabis-type drugs;Cannabis herb (marijuana);;Retail;2021;$23,72;;;Grams
Europe;Western and Central Europe;Cyprus;Cannabis-type drugs;Cannabis herb (marijuana);;Retail;2021;$23,72;$1,39;$288,09;Grams
Europe;Western and Central Europe;Ireland;Cannabis-type drugs;Cannabis herb (marijuana);;Retail;2021;$23,72;$17,79;$29,66;Grams
Europe;Western and Central Europe;Estonia;Cannabis-type drugs;Cannabis herb (marijuana);;Retail;2021;$23,72;$23,72;$35,59;Grams
Oceania;Australia and New Zealand;China, Hong Kong SAR;Cannabis-type drugs;Cannabis herb (marijuana);;Retail;2022;$23,75;$21,84;$26,18;Grams
Asia;Near and Middle East/ South-West Asia;Greece;Cannabis-type drugs;Cannabis herb (marijuana);;Retail;2023;$24,32;$16,22;$32,43;Grams
Europe;Western and Central Europe;China, Hong Kong SAR;Cannabis-type drugs;Cannabis herb (marijuana);;Retail;2023;$25,04;$19,68;$29,77;Grams
Europe;Western and Central Europe;Greece;Cannabis-type drugs;Cannabis herb (marijuana);;Retail;2020;$25,74;$17,16;$34,32;Grams
Europe;Western and Central Europe;China, Hong Kong SAR;Cannabis-type drugs;Cannabis herb (marijuana);;Retail;2021;$26,12;$34,49;$22,00;Grams
Americas;North America;Greece;Cannabis-type drugs;Cannabis herb (marijuana);;Retail;2021;$26,69;$17,79;$35,59;Grams
Europe;Western and Central Europe;Qatar;Cannabis-type drugs;Cannabis herb (marijuana);;Retail;2023;$27,40;;;Grams
Africa;East Africa;Kenya;Cannabis-type drugs;Cannabis herb (marijuana);;Retail;2021;$27,42;;;Kilograms
Oceania;Australia and New Zealand;Estonia;Cannabis-type drugs;Cannabis herb (marijuana);;Retail;2020;$28,60;$22,88;$34,32;Grams
Asia;Central Asia and Transcaucasia;Finland;Cannabis-type drugs;Cannabis herb (marijuana);;Retail;2020;$28,60;$22,88;$34,32;Grams
Europe;Eastern Europe;Israel;Cannabis-type drugs;Cannabis herb (marijuana);;Retail;2020;$29,22;$11,69;$35,07;Grams
Asia;Near and Middle East/ South-West Asia;Armenia;Cannabis-type drugs;Cannabis herb (marijuana);;Retail;2022;$34,65;$30,03;$46,20;Grams
Asia;Near and Middle East/ South-West Asia;Armenia;Cannabis-type drugs;Cannabis herb (marijuana);;Retail;2023;$38,61;$33,46;$51,48;Grams
Europe;Western and Central Europe;Georgia;Cannabis-type drugs;Cannabis herb (marijuana);;Retail;2022;$40,00;;;Grams
Europe;Western and Central Europe;Belarus;Cannabis-type drugs;Cannabis herb (marijuana);;Retail;2021;$40,00;$38,00;$45,00;Grams
Europe;Western and Central Europe;Belarus;Cannabis-type drugs;Cannabis herb (marijuana);;Retail;2022;$40,00;$38,00;$45,00;Grams
Europe;Western and Central Europe;Uzbekistan;Cannabis-type drugs;Cannabis herb (marijuana);;Retail;2021;$43,00;;;Grams
Europe;Western and Central Europe;China;Cannabis-type drugs;Cannabis herb (marijuana);;Retail;2023;$47,21;;;Grams
Europe;Western and Central Europe;Japan;Cannabis-type drugs;Cannabis herb (marijuana);;Retail;2021;$54,77;;;Grams
Europe;Western and Central Europe;China;Cannabis-type drugs;Cannabis herb (marijuana);;Retail;2021;$55,59;;;Grams
Europe;Western and Central Europe;Japan;Cannabis-type drugs;Cannabis herb (marijuana);;Retail;2020;$56,37;;;Grams
Asia;East and South-East Asia;Singapore;Cannabis-type drugs;Cannabis herb (marijuana);;Retail;2020;$72,57;;;Grams
Europe;Western and Central Europe;Republic of Korea;Cannabis-type drugs;Cannabis herb (marijuana);;Retail;2020;$84,77;$84,77;$127,15;Grams
Asia;East and South-East Asia;Republic of Korea;Cannabis-type drugs;Cannabis herb (marijuana);;Retail;2021;$87,81;$87,81;$105,38;Grams
Europe;Western and Central Europe;Republic of Korea;Cannabis-type drugs;Cannabis herb (marijuana);;Retail;2022;$110,00;$100,00;$120,00;Grams
Europe;Western and Central Europe;Republic of Korea;Cannabis-type drugs;Cannabis herb (marijuana);;Retail;2023;$150,00;;;Grams
Europe;Western and Central Europe;Gambia;Cannabis-type drugs;Cannabis herb (marijuana);;Retail;2022;$182,67;$178,10;$200,94;Kilograms
Europe;Western and Central Europe;New Zealand;Cannabis-type drugs;Cannabis herb (marijuana);;Retail;2021;$212,62;$70,87;$389,79;Ounce
Europe;Western and Central Europe;Kenya;Cannabis-type drugs;Cannabis herb (marijuana);;Retail;2023;$215,86;;;Kilograms
Europe;Western and Central Europe;Kenya;Cannabis-type drugs;Cannabis herb (marijuana);;Retail;2022;$255,29;;;Kilograms
Europe;Western and Central Europe;India;Cannabis-type drugs;Cannabis herb (marijuana);;Retail;2020;$377,82;;;Kilograms
Europe;Western and Central Europe;Brazil;Cannabis-type drugs;Cannabis herb (marijuana);;Retail;2022;$385,88;;;Kilograms
Asia;East and South-East Asia;India;Cannabis-type drugs;Cannabis herb (marijuana);;Retail;2021;$406,82;;;Kilograms
Europe;Western and Central Europe;Sri Lanka;Cannabis-type drugs;Cannabis herb (marijuana);;Retail;2023;$488,86;;;Kilograms
Asia;East and South-East Asia;Sri Lanka;Cannabis-type drugs;Cannabis herb (marijuana);;Retail;2022;$503,78;;;Kilograms
Europe;Western and Central Europe;Algeria;Cannabis-type drugs;Cannabis herb (marijuana);;Retail;2023;$516,41;$368,86;$516,41;Kilograms
Asia;East and South-East Asia;India;Cannabis-type drugs;Cannabis herb (marijuana);;Retail;2023;$520,82;;;Kilograms
Europe;Western and Central Europe;India;Cannabis-type drugs;Cannabis herb (marijuana);;Retail;2022;$548,48;;;Kilograms
Asia;Near and Middle East/ South-West Asia;Ecuador;Cannabis-type drugs;Cannabis herb (marijuana);;Retail;2023;$576,00;$200,00;$1.500,00;Kilograms
Africa;East Africa;Costa Rica;Cannabis-type drugs;Cannabis herb (marijuana);;Retail;2022;$619,93;$542,44;$619,93;Pounds
Europe;Western and Central Europe;Costa Rica;Cannabis-type drugs;Cannabis herb (marijuana);;Retail;2021;$648,91;$567,79;$648,91;Pounds
Europe;Western and Central Europe;State of Palestine;Cannabis-type drugs;Cannabis herb (marijuana);;Retail;2023;$678,06;$542,45;$1.356,12;Kilograms
Asia;Near and Middle East/ South-West Asia;Malaysia;Cannabis-type drugs;Cannabis herb (marijuana);;Retail;2023;$680,27;;;Kilograms
Asia;Central Asia and Transcaucasia;Costa Rica;Cannabis-type drugs;Cannabis herb (marijuana);;Retail;2023;$734,96;;;
Asia;Central Asia and Transcaucasia;Tajikistan;Cannabis-type drugs;Cannabis herb (marijuana);;Retail;2022;$1.000,00;$700,00;$1.200,00;Kilograms
Asia;Central Asia and Transcaucasia;Trinidad and Tobago;Cannabis-type drugs;Cannabis herb (marijuana);;Retail;2022;$2.011,85;;;Kilograms
Europe;Eastern Europe;United Kingdom;Cannabis-type drugs;Cannabis herb (marijuana);;Retail;2022;$3.559,95;$3.559,95;$6.180,47;Kilograms
Europe;Eastern Europe;Bosnia and Herzegovina;Cannabis-type drugs;Cannabis herb (marijuana);;Retail;2021;$4.329,77;$2.372,48;$2.965,60;
Asia;Central Asia and Transcaucasia;Trinidad and Tobago;Cannabis-type drugs;Cannabis herb (marijuana);;Retail;2021;$14.823,60;$11.858,88;$14.823,60;Kilograms
Asia;East and South-East Asia;Trinidad and Tobago;Cannabis-type drugs;Cannabis herb (marijuana);;Retail;2023;$16.258,81;$13.317,33;$36.992,59;Kilograms
Asia;East and South-East Asia;Indonesia;Cannabis-type drugs;Cannabis herb (marijuana);;Wholesale;2021;;$0,09;$7,00;Grams
Asia;East and South-East Asia;Italy;Cannabis-type drugs;Cannabis herb (marijuana);;Wholesale;2022;;$2,28;$4,66;Grams
Asia;East and South-East Asia;Kazakhstan;Cannabis-type drugs;Cannabis herb (marijuana);;Wholesale;2021;;$2,35;$4,70;Grams
Asia;East and South-East Asia;Italy;Cannabis-type drugs;Cannabis herb (marijuana);;Wholesale;2021;;$2,80;$3,97;Kilograms
Asia;East and South-East Asia;Lithuania;Cannabis-type drugs;Cannabis herb (marijuana);;Wholesale;2021;;$4,98;$7,12;Grams
Asia;East and South-East Asia;Lithuania;Cannabis-type drugs;Cannabis herb (marijuana);;Wholesale;2020;;$6,86;$17,16;Grams
Asia;East and South-East Asia;Albania;Cannabis-type drugs;Cannabis herb (marijuana);;Wholesale;2022;;$7,20;$9,00;Kilograms
Asia;East and South-East Asia;Malta;Cannabis-type drugs;Cannabis herb (marijuana);;Wholesale;2023;;$21,62;$54,05;Grams
Africa;West and Central Africa;Australia;Cannabis-type drugs;Cannabis herb (marijuana);;Wholesale;2023;;$33,18;$53,09;Grams
Oceania;Australia and New Zealand;Australia;Cannabis-type drugs;Cannabis herb (marijuana);;Wholesale;2021;;$37,62;$75,24;Grams
Africa;East Africa;Niger;Cannabis-type drugs;Cannabis herb (marijuana);;Wholesale;2021;;$45,23;$126,64;Kilograms
Africa;East Africa;Egypt;Cannabis-type drugs;Cannabis herb (marijuana);;Wholesale;2021;;$63,84;$127,67;Kilograms
Asia;South Asia;Egypt;Cannabis-type drugs;Cannabis herb (marijuana);;Wholesale;2023;;$65,49;$163,71;
Americas;South America;Timor-Leste;Cannabis-type drugs;Cannabis herb (marijuana);;Wholesale;2020;;$100,00;$150,00;Grams
Asia;South Asia;Egypt;Cannabis-type drugs;Cannabis herb (marijuana);;Wholesale;2022;;$105,46;$158,19;Kilograms
Asia;South Asia;Thailand;Cannabis-type drugs;Cannabis herb (marijuana);;Wholesale;2022;;$143,55;$172,27;Kilograms
Asia;South Asia;Republic of Moldova;Cannabis-type drugs;Cannabis herb (marijuana);;Wholesale;2022;;$158,06;$179,14;Kilograms
Africa;North Africa;Republic of Moldova;Cannabis-type drugs;Cannabis herb (marijuana);;Wholesale;2023;;$162,16;$183,78;Kilograms
Asia;South Asia;Republic of Moldova;Cannabis-type drugs;Cannabis herb (marijuana);;Wholesale;2020;;$171,62;$194,51;Kilograms
Asia;South Asia;Republic of Moldova;Cannabis-type drugs;Cannabis herb (marijuana);;Wholesale;2021;;$177,94;$201,66;Kilograms
Americas;South America;Egypt;Cannabis-type drugs;Cannabis herb (marijuana);;Wholesale;2020;;$190,26;$221,97;Kilograms
Americas;Central America;Timor-Leste;Cannabis-type drugs;Cannabis herb (marijuana);;Wholesale;2023;;$200,00;$300,00;Grams
Americas;Central America;Kazakhstan;Cannabis-type drugs;Cannabis herb (marijuana);;Wholesale;2020;;$240,39;$841,37;Kilograms
Asia;Near and Middle East/ South-West Asia;Uruguay;Cannabis-type drugs;Cannabis herb (marijuana);;Wholesale;2022;;$242,98;$364,48;Kilograms
Asia;East and South-East Asia;Uruguay;Cannabis-type drugs;Cannabis herb (marijuana);;Wholesale;2021;;$254,52;$347,07;Kilograms
Americas;Central America;Uruguay;Cannabis-type drugs;Cannabis herb (marijuana);;Wholesale;2023;;$258,36;$387,54;Kilograms
Asia;Central Asia and Transcaucasia;Kyrgyzstan;Cannabis-type drugs;Cannabis herb (marijuana);;Wholesale;2020;;$500,00;$1.000,00;Kilograms
Americas;Caribbean;Kyrgyzstan;Cannabis-type drugs;Cannabis herb (marijuana);;Wholesale;2021;;$500,00;$2.000,00;Kilograms
Europe;Western and Central Europe;Albania;Cannabis-type drugs;Cannabis herb (marijuana);;Wholesale;2021;;$830,37;$948,99;Kilograms
Europe;South-Eastern Europe;Albania;Cannabis-type drugs;Cannabis herb (marijuana);;Wholesale;2023;;$864,86;$1.081,08;Kilograms
Americas;Caribbean;North Macedonia;Cannabis-type drugs;Cannabis herb (marijuana);;Wholesale;2022;;$1.053,74;$1.791,36;Kilograms
Americas;Caribbean;Bosnia and Herzegovina;Cannabis-type drugs;Cannabis herb (marijuana);;Wholesale;2023;;$1.659,29;$2.765,49;Kilograms
Asia;East and South-East Asia;Uzbekistan;Cannabis-type drugs;Cannabis herb (marijuana);;Wholesale;2022;;$2.000,00;$6.000,00;Kilograms
Europe;Western and Central Europe;Uzbekistan;Cannabis-type drugs;Cannabis herb (marijuana);;Wholesale;2023;;$2.000,00;$6.000,00;Kilograms
Asia;Central Asia and Transcaucasia;Italy;Cannabis-type drugs;Cannabis herb (marijuana);;Wholesale;2023;;$2.068,04;$3.253,08;Kilograms
Europe;Western and Central Europe;New Zealand;Cannabis-type drugs;Cannabis herb (marijuana);;Wholesale;2023;;$2.334,15;$4.914,00;Pounds
Europe;Western and Central Europe;Czechia;Cannabis-type drugs;Cannabis herb (marijuana);;Wholesale;2020;;$2.374,14;$3.454,23;Kilograms
Europe;Western and Central Europe;Bosnia and Herzegovina;Cannabis-type drugs;Cannabis herb (marijuana);;Wholesale;2022;;$2.687,04;$3.951,53;Kilograms
Europe;South-Eastern Europe;Czechia;Cannabis-type drugs;Cannabis herb (marijuana);;Wholesale;2022;;$2.918,86;$3.778,71;Kilograms
Europe;Western and Central Europe;Azerbaijan;Cannabis-type drugs;Cannabis herb (marijuana);;Wholesale;2022;;$3.000,00;$6.000,00;Kilograms
Oceania;Australia and New Zealand;Czechia;Cannabis-type drugs;Cannabis herb (marijuana);;Wholesale;2023;;$3.066,93;$3.833,66;Kilograms
Oceania;Australia and New Zealand;Poland;Cannabis-type drugs;Cannabis herb (marijuana);;Wholesale;2020;;$3.329,07;$4.097,31;Kilograms
Africa;West and Central Africa;Australia;Cannabis-type drugs;Cannabis herb (marijuana);;Wholesale;2022;;$3.477,05;$4.867,87;Kilograms
Africa;North Africa;Latvia;Cannabis-type drugs;Cannabis herb (marijuana);;Wholesale;2021;;$3.558,72;$7.117,44;Kilograms
Africa;North Africa;Latvia;Cannabis-type drugs;Cannabis herb (marijuana);;Wholesale;2022;;$3.688,09;$5.268,70;Kilograms
Asia;East and South-East Asia;Azerbaijan;Cannabis-type drugs;Cannabis herb (marijuana);;Wholesale;2021;;$4.000,00;$5.000,00;Kilograms
Africa;North Africa;Czechia;Cannabis-type drugs;Cannabis herb (marijuana);;Wholesale;2021;;$4.625,15;;Kilograms
Asia;East and South-East Asia;Finland;Cannabis-type drugs;Cannabis herb (marijuana);;Wholesale;2020;;$5.720,82;$12.585,81;Kilograms
Europe;Eastern Europe;Oman;Cannabis-type drugs;Cannabis herb (marijuana);;Wholesale;2020;;$13.020,83;$20.833,33;Kilograms
Europe;Eastern Europe;Azerbaijan;Cannabis-type drugs;Cannabis herb (marijuana);;Wholesale;2020;;$14.740,57;$17.688,68;Kilograms
Europe;Eastern Europe;Myanmar;Cannabis-type drugs;Cannabis herb (marijuana);;Wholesale;2023;$0,14;;;Grams
Europe;Eastern Europe;Myanmar;Cannabis-type drugs;Cannabis herb (marijuana);;Wholesale;2022;$0,16;;;Grams
Africa;North Africa;Myanmar;Cannabis-type drugs;Cannabis herb (marijuana);;Wholesale;2021;$0,19;;;Grams
Asia;East and South-East Asia;Zambia;Cannabis-type drugs;Cannabis herb (marijuana);;Wholesale;2020;$0,22;;;Kilograms
Asia;Central Asia and Transcaucasia;Myanmar;Cannabis-type drugs;Cannabis herb (marijuana);;Wholesale;2020;$0,22;;;Grams
Americas;South America;Nicaragua;Cannabis-type drugs;Cannabis herb (marijuana);;Wholesale;2020;$0,23;;;Kilograms
Americas;South America;Kenya;Cannabis-type drugs;Cannabis herb (marijuana);;Wholesale;2020;$0,28;;;Grams
Americas;South America;Namibia;Cannabis-type drugs;Cannabis herb (marijuana);;Wholesale;2023;$0,54;;;Kilograms
Asia;Central Asia and Transcaucasia;Namibia;Cannabis-type drugs;Cannabis herb (marijuana);;Wholesale;2022;$0,56;;;Kilograms
Asia;Central Asia and Transcaucasia;Paraguay;Cannabis-type drugs;Cannabis herb (marijuana);;Wholesale;2022;$0,72;$0,43;$1,01;Grams
Europe;South-Eastern Europe;Mongolia;Cannabis-type drugs;Cannabis herb (marijuana);;Wholesale;2022;$0,96;;;Grams
Europe;South-Eastern Europe;Belarus;Cannabis-type drugs;Cannabis herb (marijuana);;Wholesale;2020;$2,02;$0,81;$4,05;Grams
Europe;South-Eastern Europe;Indonesia;Cannabis-type drugs;Cannabis herb (marijuana);;Wholesale;2020;$3,60;$0,34;$6,86;Grams
Europe;South-Eastern Europe;State of Palestine;Cannabis-type drugs;Cannabis herb (marijuana);;Wholesale;2023;$4,00;$2,00;$5,00;Grams
Asia;Central Asia and Transcaucasia;Portugal;Cannabis-type drugs;Cannabis herb (marijuana);;Wholesale;2020;$4,71;$0,19;$15,01;Grams
Asia;Central Asia and Transcaucasia;China, Hong Kong SAR;Cannabis-type drugs;Cannabis herb (marijuana);;Wholesale;2020;$5,03;$3,35;$6,70;Grams
Europe;Western and Central Europe;Lithuania;Cannabis-type drugs;Cannabis herb (marijuana);;Wholesale;2022;$5,27;$4,21;$8,43;Grams
Oceania;Australia and New Zealand;Lithuania;Cannabis-type drugs;Cannabis herb (marijuana);;Wholesale;2023;$5,41;$3,24;$5,41;Grams
Europe;Western and Central Europe;Ghana;Cannabis-type drugs;Cannabis herb (marijuana);;Wholesale;2023;$5,51;$5,51;$13,85;Kilograms
Europe;South-Eastern Europe;Gibraltar;Cannabis-type drugs;Cannabis herb (marijuana);;Wholesale;2023;$6,21;;;Grams
Europe;Western and Central Europe;Gibraltar;Cannabis-type drugs;Cannabis herb (marijuana);;Wholesale;2021;$6,88;$4,13;$13,76;Grams
Asia;Central Asia and Transcaucasia;Honduras;Cannabis-type drugs;Cannabis herb (marijuana);;Wholesale;2022;$6,97;$6,56;$7,38;Kilograms
Europe;Western and Central Europe;Togo;Cannabis-type drugs;Cannabis herb (marijuana);;Wholesale;2023;$9,89;$18,14;$54,41;Kilograms
Europe;Western and Central Europe;Poland;Cannabis-type drugs;Cannabis herb (marijuana);;Wholesale;2022;$10,11;$6,74;$13,48;Grams
Oceania;Australia and New Zealand;Pakistan;Cannabis-type drugs;Cannabis herb (marijuana);;Wholesale;2021;$11,59;$10,82;$12,36;Kilograms
Europe;Western and Central Europe;Zambia;Cannabis-type drugs;Cannabis herb (marijuana);;Wholesale;2021;$12,48;;;Kilograms
Europe;Western and Central Europe;New Zealand;Cannabis-type drugs;Cannabis herb (marijuana);;Wholesale;2020;$13,04;$9,78;$16,30;Grams
Asia;Central Asia and Transcaucasia;Latvia;Cannabis-type drugs;Cannabis herb (marijuana);;Wholesale;2020;$13,73;$8,01;$22,88;Grams
Europe;Western and Central Europe;Mauritius;Cannabis-type drugs;Cannabis herb (marijuana);;Wholesale;2022;$13,73;;;Grams
Europe;Western and Central Europe;Zambia;Cannabis-type drugs;Cannabis herb (marijuana);;Wholesale;2022;$17,76;$14,80;$26,63;Grams
Asia;Near and Middle East/ South-West Asia;Malta;Cannabis-type drugs;Cannabis herb (marijuana);;Wholesale;2021;$17,79;;;
Asia;Central Asia and Transcaucasia;Israel;Cannabis-type drugs;Cannabis herb (marijuana);;Wholesale;2022;$20,93;$14,95;$29,90;Grams
Asia;East and South-East Asia;Saudi Arabia;Cannabis-type drugs;Cannabis herb (marijuana);;Wholesale;2021;$21,00;;;Grams
Asia;East and South-East Asia;Republic of Korea;Cannabis-type drugs;Cannabis herb (marijuana);;Wholesale;2020;$23,73;$23,73;$23,73;Grams
Asia;East and South-East Asia;Togo;Cannabis-type drugs;Cannabis herb (marijuana);;Wholesale;2022;$24,09;$16,06;$32,12;Kilograms
Africa;Southern Africa;Republic of Korea;Cannabis-type drugs;Cannabis herb (marijuana);;Wholesale;2021;$24,59;$24,59;$26,34;Grams
Asia;East and South-East Asia;Armenia;Cannabis-type drugs;Cannabis herb (marijuana);;Wholesale;2021;$25,87;$19,90;$29,85;Grams
Americas;Central America;Malta;Cannabis-type drugs;Cannabis herb (marijuana);;Wholesale;2022;$26,34;$26,34;;Grams
Africa;East Africa;Armenia;Cannabis-type drugs;Cannabis herb (marijuana);;Wholesale;2020;$26,59;;;Grams
Africa;Southern Africa;Mauritius;Cannabis-type drugs;Cannabis herb (marijuana);;Wholesale;2023;$26,64;$0,02;;Grams
Africa;Southern Africa;Armenia;Cannabis-type drugs;Cannabis herb (marijuana);;Wholesale;2022;$27,72;$23,10;$34,65;Grams
Americas;South America;Republic of Korea;Cannabis-type drugs;Cannabis herb (marijuana);;Wholesale;2022;$29,00;$28,00;$30,00;Grams
Asia;East and South-East Asia;Armenia;Cannabis-type drugs;Cannabis herb (marijuana);;Wholesale;2023;$30,89;$25,74;$38,61;Grams
Europe;Eastern Europe;China;Cannabis-type drugs;Cannabis herb (marijuana);;Wholesale;2021;$34,53;;;Grams
Asia;East and South-East Asia;Japan;Cannabis-type drugs;Cannabis herb (marijuana);;Wholesale;2023;$35,65;;;
Asia;Near and Middle East/ South-West Asia;Zambia;Cannabis-type drugs;Cannabis herb (marijuana);;Wholesale;2023;$36,00;$63,00;$70,00;Kilograms
Europe;Western and Central Europe;Japan;Cannabis-type drugs;Cannabis herb (marijuana);;Wholesale;2022;$38,22;;;Grams
Asia;East and South-East Asia;Morocco;Cannabis-type drugs;Cannabis herb (marijuana);;Wholesale;2023;$39,46;$11,84;$167,72;Kilograms
Europe;Western and Central Europe;Morocco;Cannabis-type drugs;Cannabis herb (marijuana);;Wholesale;2022;$39,49;$11,85;$167,83;Kilograms
Europe;Western and Central Europe;Zimbabwe;Cannabis-type drugs;Cannabis herb (marijuana);;Wholesale;2020;$40,00;$30,00;$50,00;Kilograms
Africa;West and Central Africa;Morocco;Cannabis-type drugs;Cannabis herb (marijuana);;Wholesale;2021;$41,85;$39,06;$44,64;Kilograms
Europe;Western and Central Europe;Honduras;Cannabis-type drugs;Cannabis herb (marijuana);;Wholesale;2020;$49,05;$32,70;$5.109,55;Kilograms
Europe;Western and Central Europe;Republic of Korea;Cannabis-type drugs;Cannabis herb (marijuana);;Wholesale;2023;$50,00;;;Grams
Americas;Central America;Honduras;Cannabis-type drugs;Cannabis herb (marijuana);;Wholesale;2023;$53,09;$44,92;$61,26;Pounds
Africa;West and Central Africa;Niger;Cannabis-type drugs;Cannabis herb (marijuana);;Wholesale;2020;$78,45;$61,02;$139,47;Kilograms
Europe;Western and Central Europe;Senegal;Cannabis-type drugs;Cannabis herb (marijuana);;Wholesale;2022;$80,31;$72,28;$136,53;Kilograms
Asia;Near and Middle East/ South-West Asia;Honduras;Cannabis-type drugs;Cannabis herb (marijuana);;Wholesale;2021;$83,70;$83,70;$251,09;Kilograms
Africa;Southern Africa;Ghana;Cannabis-type drugs;Cannabis herb (marijuana);;Wholesale;2022;$85,00;$80,00;$90,00;Kilograms
Oceania;Australia and New Zealand;Colombia;Cannabis-type drugs;Cannabis herb (marijuana);;Wholesale;2021;$91,10;;;Kilograms
Europe;Western and Central Europe;Guatemala;Cannabis-type drugs;Cannabis herb (marijuana);;Wholesale;2021;$92,29;;;Kilograms
Africa;East Africa;Guatemala;Cannabis-type drugs;Cannabis herb (marijuana);;Wholesale;2020;$92,31;$90,63;$155,36;Kilograms
Africa;Southern Africa;Guatemala;Cannabis-type drugs;Cannabis herb (marijuana);;Wholesale;2023;$92,69;;;Kilograms
Europe;Western and Central Europe;Bolivia (Plurinational State of);Cannabis-type drugs;Cannabis herb (marijuana);;Wholesale;2021;$100,00;$90,00;$150,00;Kilograms
Asia;Near and Middle East/ South-West Asia;Bolivia (Plurinational State of);Cannabis-type drugs;Cannabis herb (marijuana);;Wholesale;2020;$110,00;$90,00;$120,00;Kilograms
Asia;Near and Middle East/ South-West Asia;Colombia;Cannabis-type drugs;Cannabis herb (marijuana);;Wholesale;2020;$127,70;;;Kilograms
Asia;East and South-East Asia;Qatar;Cannabis-type drugs;Cannabis herb (marijuana);;Wholesale;2021;$136,05;;$136,05;Grams
Africa;West and Central Africa;Ghana;Cannabis-type drugs;Cannabis herb (marijuana);;Wholesale;2020;$157,84;$140,30;$263,07;Kilograms
Asia;East and South-East Asia;El Salvador;Cannabis-type drugs;Cannabis herb (marijuana);;Wholesale;2021;$160,00;$120,00;$180,00;Kilograms
Asia;Central Asia and Transcaucasia;El Salvador;Cannabis-type drugs;Cannabis herb (marijuana);;Wholesale;2020;$160,00;$160,00;$2.400,00;Kilograms
Europe;Western and Central Europe;Ghana;Cannabis-type drugs;Cannabis herb (marijuana);;Wholesale;2021;$170,50;$136,40;$255,75;Kilograms
Asia;Central Asia and Transcaucasia;Gambia;Cannabis-type drugs;Cannabis herb (marijuana);;Wholesale;2022;$173,53;$159,83;$191,80;Kilograms
Africa;East Africa;Brazil;Cannabis-type drugs;Cannabis herb (marijuana);;Wholesale;2022;$173,64;;;Kilograms
Asia;Central Asia and Transcaucasia;India;Cannabis-type drugs;Cannabis herb (marijuana);;Wholesale;2020;$175,41;;;Kilograms
Asia;East and South-East Asia;Mexico;Cannabis-type drugs;Cannabis herb (marijuana);;Wholesale;2021;$181,76;;;Kilograms
Asia;Central Asia and Transcaucasia;Mexico;Cannabis-type drugs;Cannabis herb (marijuana);;Wholesale;2021;$181,76;;;Kilograms
Asia;East and South-East Asia;Mexico;Cannabis-type drugs;Cannabis herb (marijuana);;Wholesale;2021;$181,76;;;Kilograms
Asia;East and South-East Asia;Mexico;Cannabis-type drugs;Cannabis herb (marijuana);;Wholesale;2021;$181,76;$5,00;$1.500,00;Kilograms
Africa;Southern Africa;Bangladesh;Cannabis-type drugs;Cannabis herb (marijuana);;Wholesale;2020;$193,90;$164,60;$236,30;Kilograms
Asia;East and South-East Asia;Bangladesh;Cannabis-type drugs;Cannabis herb (marijuana);;Wholesale;2021;$196,80;$169,00;$240,50;Kilograms
Africa;North Africa;El Salvador;Cannabis-type drugs;Cannabis herb (marijuana);;Wholesale;2022;$200,00;$150,00;$200,00;Pounds
Africa;North Africa;Tajikistan;Cannabis-type drugs;Cannabis herb (marijuana);;Wholesale;2020;$200,00;$800,00;$600,00;Kilograms
Africa;Southern Africa;Peru;Cannabis-type drugs;Cannabis herb (marijuana);;Wholesale;2023;$202,51;;;Kilograms
Africa;North Africa;India;Cannabis-type drugs;Cannabis herb (marijuana);;Wholesale;2021;$203,41;;;Kilograms
Americas;Central America;India;Cannabis-type drugs;Cannabis herb (marijuana);;Wholesale;2022;$204,09;;;Kilograms
Asia;East and South-East Asia;India;Cannabis-type drugs;Cannabis herb (marijuana);;Wholesale;2023;$266,47;;;Kilograms
Americas;Central America;Kenya;Cannabis-type drugs;Cannabis herb (marijuana);;Wholesale;2021;$274,20;;;Kilograms
Africa;West and Central Africa;Uruguay;Cannabis-type drugs;Cannabis herb (marijuana);;Wholesale;2020;$357,79;$262,38;$357,79;Kilograms
Africa;West and Central Africa;Algeria;Cannabis-type drugs;Cannabis herb (marijuana);;Wholesale;2023;$368,86;$221,32;$442,63;Kilograms
Americas;Central America;Sri Lanka;Cannabis-type drugs;Cannabis herb (marijuana);;Wholesale;2023;$397,20;;;Kilograms
Africa;West and Central Africa;Tajikistan;Cannabis-type drugs;Cannabis herb (marijuana);;Wholesale;2021;$400,00;$200,00;$800,00;Kilograms
Americas;South America;Sri Lanka;Cannabis-type drugs;Cannabis herb (marijuana);;Wholesale;2022;$409,32;;;Kilograms
Americas;Central America;Dominican Republic;Cannabis-type drugs;Cannabis herb (marijuana);;Wholesale;2020;$461,43;$310,58;$621,15;Kilograms
Americas;Central America;Philippines;Cannabis-type drugs;Cannabis herb (marijuana);;Wholesale;2023;$538,79;$359,20;$646,55;Kilograms
Americas;Central America;Malaysia;Cannabis-type drugs;Cannabis herb (marijuana);;Wholesale;2022;$569,09;$455,27;$682,90;Kilograms
Americas;South America;Malaysia;Cannabis-type drugs;Cannabis herb (marijuana);;Wholesale;2021;$604,45;;;Kilograms
Americas;South America;Philippines;Cannabis-type drugs;Cannabis herb (marijuana);;Wholesale;2023;$608,91;$443,00;$2.155,17;Kilograms
Americas;South America;Costa Rica;Cannabis-type drugs;Cannabis herb (marijuana);;Wholesale;2022;$619,93;$542,44;$619,93;Pounds
Asia;Near and Middle East/ South-West Asia;Ecuador;Cannabis-type drugs;Cannabis herb (marijuana);;Wholesale;2021;$638,00;;$732,00;Kilograms
Africa;West and Central Africa;Costa Rica;Cannabis-type drugs;Cannabis herb (marijuana);;Wholesale;2021;$648,91;$567,79;$648,91;Pounds
Americas;Central America;Costa Rica;Cannabis-type drugs;Cannabis herb (marijuana);;Wholesale;2023;$734,96;$643,09;$734,96;Pounds
Americas;Central America;United Kingdom;Cannabis-type drugs;Cannabis herb (marijuana);;Wholesale;2022;$741,66;$741,66;$1.483,31;Kilograms
Africa;West and Central Africa;Bolivia (Plurinational State of);Cannabis-type drugs;Cannabis herb (marijuana);;Wholesale;2023;$800,00;;;Kilograms
Africa;West and Central Africa;Tajikistan;Cannabis-type drugs;Cannabis herb (marijuana);;Wholesale;2022;$800,00;$200,00;$1.000,00;Kilograms
Americas;South America;Bolivia (Plurinational State of);Cannabis-type drugs;Cannabis herb (marijuana);;Wholesale;2022;$800,00;$500,00;$800,00;Kilograms
Asia;South Asia;Ecuador;Cannabis-type drugs;Cannabis herb (marijuana);;Wholesale;2020;$800,00;$700,00;$900,00;Kilograms
Americas;North America;Panama;Cannabis-type drugs;Cannabis herb (marijuana);;Wholesale;2019;$800,00;$800,00;$900,00;Kilograms
Americas;North America;Russian Federation;Cannabis-type drugs;Cannabis herb (marijuana);;Wholesale;2020;$819,64;$409,82;$1.092,85;Kilograms
Americas;North America;Qatar;Cannabis-type drugs;Cannabis herb (marijuana);;Wholesale;2023;$822,14;$6.851,19;$9.591,67;Kilograms
Americas;North America;Tajikistan;Cannabis-type drugs;Cannabis herb (marijuana);;Wholesale;2023;$900,00;$800,00;$1.000,00;Kilograms
Asia;South Asia;Costa Rica;Cannabis-type drugs;Cannabis herb (marijuana);;Wholesale;2020;$1.000,00;;;Kilograms
Asia;South Asia;Montenegro;Cannabis-type drugs;Cannabis herb (marijuana);;Wholesale;2022;$1.053,74;$1.053,74;$1.264,49;Kilograms
Americas;Central America;Sri Lanka;Cannabis-type drugs;Cannabis herb (marijuana);;Wholesale;2021;$1.167,15;;;
Asia;Central Asia and Transcaucasia;Montenegro;Cannabis-type drugs;Cannabis herb (marijuana);;Wholesale;2021;$1.186,24;$1.186,24;$1.423,49;Kilograms
Americas;South America;Montenegro;Cannabis-type drugs;Cannabis herb (marijuana);;Wholesale;2023;$1.297,30;$1.081,08;$2.054,05;Kilograms
Asia;South Asia;Montenegro;Cannabis-type drugs;Cannabis herb (marijuana);;Wholesale;2020;$1.373,00;$1.144,16;$1.716,25;Kilograms
Asia;South Asia;Singapore;Cannabis-type drugs;Cannabis herb (marijuana);;Wholesale;2023;$1.489,20;;;Kilograms
Asia;South Asia;Kyrgyzstan;Cannabis-type drugs;Cannabis herb (marijuana);;Wholesale;2022;$1.600,00;$200,00;$3.000,00;Kilograms
Africa;East Africa;Trinidad and Tobago;Cannabis-type drugs;Cannabis herb (marijuana);;Wholesale;2022;$1.629,15;;;Kilograms
Americas;South America;Slovenia;Cannabis-type drugs;Cannabis herb (marijuana);;Wholesale;2020;$1.716,25;$1.716,25;$2.288,33;Kilograms
Africa;North Africa;Ukraine;Cannabis-type drugs;Cannabis herb (marijuana);;Wholesale;2020;$1.826,28;$913,14;$2.739,43;Kilograms
Asia;South Asia;Kyrgyzstan;Cannabis-type drugs;Cannabis herb (marijuana);;Wholesale;2023;$1.835,00;$170,00;$3.500,00;Kilograms
Asia;Central Asia and Transcaucasia;Croatia;Cannabis-type drugs;Cannabis herb (marijuana);;Wholesale;2021;$2.016,61;$1.423,49;$3.321,47;Kilograms
Asia;South Asia;Spain;Cannabis-type drugs;Cannabis herb (marijuana);;Wholesale;2022;$2.020,02;;;Kilograms
Americas;Caribbean;Spain;Cannabis-type drugs;Cannabis herb (marijuana);;Wholesale;2020;$2.057,21;$2.052,63;$2.061,78;Kilograms
Asia;East and South-East Asia;Spain;Cannabis-type drugs;Cannabis herb (marijuana);;Wholesale;2023;$2.091,89;;;Kilograms
Asia;East and South-East Asia;Croatia;Cannabis-type drugs;Cannabis herb (marijuana);;Wholesale;2020;$2.128,15;$1.373,00;$2.974,83;Kilograms
Asia;East and South-East Asia;Bosnia and Herzegovina;Cannabis-type drugs;Cannabis herb (marijuana);;Wholesale;2021;$2.135,23;$1.897,98;$5.931,20;Kilograms
Asia;East and South-East Asia;Singapore;Cannabis-type drugs;Cannabis herb (marijuana);;Wholesale;2022;$2.139,23;;;Kilograms
Americas;Central America;Spain;Cannabis-type drugs;Cannabis herb (marijuana);;Wholesale;2021;$2.149,47;;;Kilograms
Americas;South America;State of Palestine;Cannabis-type drugs;Cannabis herb (marijuana);;Wholesale;2020;$2.187,00;;;Kilograms
Americas;Central America;United Arab Emirates;Cannabis-type drugs;Cannabis herb (marijuana);;Wholesale;2022;$2.445,68;;;Kilograms
Americas;Central America;El Salvador;Cannabis-type drugs;Cannabis herb (marijuana);;Wholesale;2023;$2.500,00;$2.000,00;$3.500,00;Kilograms
Europe;Western and Central Europe;New Zealand;Cannabis-type drugs;Cannabis herb (marijuana);;Wholesale;2022;$2.542,91;$2.352,19;$4.132,23;Pounds
Americas;South America;Greece;Cannabis-type drugs;Cannabis herb (marijuana);;Wholesale;2022;$2.634,35;$2.107,48;$3.161,22;Kilograms
Asia;Central Asia and Transcaucasia;Pakistan;Cannabis-type drugs;Cannabis herb (marijuana);;Wholesale;2023;$2.649,33;$2.514,62;$2.784,04;Kilograms
Americas;South America;Bulgaria;Cannabis-type drugs;Cannabis herb (marijuana);;Wholesale;2022;$2.693,97;$2.693,97;$4.040,95;Kilograms
Americas;South America;Greece;Cannabis-type drugs;Cannabis herb (marijuana);;Wholesale;2023;$2.702,70;$2.162,16;$3.243,24;Kilograms
Americas;Central America;Italy;Cannabis-type drugs;Cannabis herb (marijuana);;Wholesale;2020;$2.789,47;$2.327,23;$3.252,86;Kilograms
Europe;Eastern Europe;United Arab Emirates;Cannabis-type drugs;Cannabis herb (marijuana);;Wholesale;2021;$2.790,63;;;Kilograms
Asia;Near and Middle East/ South-West Asia;New Zealand;Cannabis-type drugs;Cannabis herb (marijuana);;Wholesale;2021;$2.834,87;$1.063,08;$4.606,66;Pounds
Asia;Central Asia and Transcaucasia;Greece;Cannabis-type drugs;Cannabis herb (marijuana);;Wholesale;2020;$2.860,41;$2.288,33;$3.432,49;Kilograms
Americas;Central America;Bulgaria;Cannabis-type drugs;Cannabis herb (marijuana);;Wholesale;2020;$2.927,40;$2.927,40;$4.391,10;Kilograms
Europe;South-Eastern Europe;Greece;Cannabis-type drugs;Cannabis herb (marijuana);;Wholesale;2021;$2.965,60;$2.372,48;$3.558,72;Kilograms
Asia;South Asia;Bulgaria;Cannabis-type drugs;Cannabis herb (marijuana);;Wholesale;2021;$3.033,98;$3.033,98;$3.033,98;Kilograms
Europe;South-Eastern Europe;Singapore;Cannabis-type drugs;Cannabis herb (marijuana);;Wholesale;2021;$3.166,92;;;Kilograms
Europe;South-Eastern Europe;State of Palestine;Cannabis-type drugs;Cannabis herb (marijuana);;Wholesale;2021;$3.200,00;$3.000,00;$3.500,00;Kilograms
Europe;South-Eastern Europe;Austria;Cannabis-type drugs;Cannabis herb (marijuana);;Wholesale;2023;$3.297,30;$1.621,62;$4.972,97;Kilograms
Asia;East and South-East Asia;Austria;Cannabis-type drugs;Cannabis herb (marijuana);;Wholesale;2022;$3.424,66;$1.580,61;$5.268,70;Kilograms
Asia;Central Asia and Transcaucasia;Bulgaria;Cannabis-type drugs;Cannabis herb (marijuana);;Wholesale;2023;$3.595,13;$2.765,49;$4.424,78;Kilograms
Americas;Caribbean;Austria;Cannabis-type drugs;Cannabis herb (marijuana);;Wholesale;2020;$3.718,54;$1.716,25;$5.720,82;Kilograms
Europe;Western and Central Europe;Austria;Cannabis-type drugs;Cannabis herb (marijuana);;Wholesale;2021;$3.855,28;$1.779,36;$5.931,20;Kilograms
Europe;Eastern Europe;Slovenia;Cannabis-type drugs;Cannabis herb (marijuana);;Wholesale;2021;$4.151,84;$3.558,72;$5.338,08;Kilograms
Asia;Central Asia and Transcaucasia;Romania;Cannabis-type drugs;Cannabis herb (marijuana);;Wholesale;2022;$4.214,96;$3.161,22;$5.268,70;Kilograms
Europe;South-Eastern Europe;Trinidad and Tobago;Cannabis-type drugs;Cannabis herb (marijuana);;Wholesale;2021;$4.239,55;$2.608,95;$4.239,55;Kilograms
Europe;Western and Central Europe;United Arab Emirates;Cannabis-type drugs;Cannabis herb (marijuana);;Wholesale;2020;$4.288,05;;;Kilograms
Europe;Western and Central Europe;Russian Federation;Cannabis-type drugs;Cannabis herb (marijuana);;Wholesale;2023;$4.324,32;$3.783,78;$5.405,41;Kilograms
Europe;Western and Central Europe;Romania;Cannabis-type drugs;Cannabis herb (marijuana);;Wholesale;2020;$4.576,66;$3.432,49;$6.864,99;Kilograms
Europe;South-Eastern Europe;Poland;Cannabis-type drugs;Cannabis herb (marijuana);;Wholesale;2023;$4.636,23;$2.853,07;$5.943,89;Kilograms
Europe;South-Eastern Europe;Singapore;Cannabis-type drugs;Cannabis herb (marijuana);;Wholesale;2020;$4.716,98;;;Kilograms
Asia;East and South-East Asia;Slovenia;Cannabis-type drugs;Cannabis herb (marijuana);;Wholesale;2022;$4.741,83;$3.161,22;$4.741,83;Kilograms
Europe;Western and Central Europe;France;Cannabis-type drugs;Cannabis herb (marijuana);;Wholesale;2022;$4.741,83;$3.688,09;$5.637,51;Kilograms
Asia;Near and Middle East/ South-West Asia;Slovenia;Cannabis-type drugs;Cannabis herb (marijuana);;Wholesale;2023;$4.864,86;$3.243,24;$4.864,86;Kilograms
Asia;Near and Middle East/ South-West Asia;France;Cannabis-type drugs;Cannabis herb (marijuana);;Wholesale;2021;$5.041,52;$4.151,84;$6.524,32;Kilograms
Americas;Central America;United Kingdom;Cannabis-type drugs;Cannabis herb (marijuana);;Wholesale;2020;$5.141,39;$4.498,71;$6.426,74;Kilograms
Oceania;Australia and New Zealand;Sweden;Cannabis-type drugs;Cannabis herb (marijuana);;Wholesale;2023;$5.180,37;$2.825,66;$6.357,73;Kilograms
Europe;Western and Central Europe;Poland;Cannabis-type drugs;Cannabis herb (marijuana);;Wholesale;2021;$5.197,51;$3.898,13;$6.496,88;Kilograms
Asia;Near and Middle East/ South-West Asia;France;Cannabis-type drugs;Cannabis herb (marijuana);;Wholesale;2023;$5.245,41;$4.343,78;$6.192,43;Kilograms
Europe;South-Eastern Europe;Belgium;Cannabis-type drugs;Cannabis herb (marijuana);;Wholesale;2022;$5.332,98;$3.898,84;$7.165,44;Kilograms
Europe;Western and Central Europe;Germany;Cannabis-type drugs;Cannabis herb (marijuana);;Wholesale;2022;$5.335,09;$3.241,31;$7.384,62;Kilograms
Europe;Western and Central Europe;Belgium;Cannabis-type drugs;Cannabis herb (marijuana);;Wholesale;2023;$5.405,41;$3.186,49;$7.037,84;Kilograms
Asia;Near and Middle East/ South-West Asia;Germany;Cannabis-type drugs;Cannabis herb (marijuana);;Wholesale;2023;$5.444,32;$3.490,81;$7.068,11;Kilograms
Oceania;Australia and New Zealand;Sweden;Cannabis-type drugs;Cannabis herb (marijuana);;Wholesale;2022;$5.466,11;$3.229,97;$6.956,87;Kilograms
Europe;Western and Central Europe;France;Cannabis-type drugs;Cannabis herb (marijuana);;Wholesale;2020;$5.491,99;$4.004,58;$6.292,91;Kilograms
Europe;South-Eastern Europe;Belgium;Cannabis-type drugs;Cannabis herb (marijuana);;Wholesale;2020;$5.514,87;$4.256,29;$6.922,20;Kilograms
Europe;Western and Central Europe;Australia;Cannabis-type drugs;Cannabis herb (marijuana);;Wholesale;2020;$5.524,86;$2.762,43;$5.524,86;Kilograms
Europe;South-Eastern Europe;Germany;Cannabis-type drugs;Cannabis herb (marijuana);;Wholesale;2020;$5.954,23;$3.578,95;$8.487,41;Kilograms
Asia;East and South-East Asia;Germany;Cannabis-type drugs;Cannabis herb (marijuana);;Wholesale;2021;$5.967,97;$4.946,62;$8.303,68;Kilograms
Asia;Near and Middle East/ South-West Asia;Belgium;Cannabis-type drugs;Cannabis herb (marijuana);;Wholesale;2021;$6.205,22;$4.863,58;$7.590,75;Kilograms
Europe;Western and Central Europe;Sweden;Cannabis-type drugs;Cannabis herb (marijuana);;Wholesale;2020;$6.271,13;$3.271,89;$8.725,05;Kilograms
Europe;Western and Central Europe;Finland;Cannabis-type drugs;Cannabis herb (marijuana);;Wholesale;2022;$6.322,44;$4.214,96;$13.698,63;Kilograms
Europe;South-Eastern Europe;Norway;Cannabis-type drugs;Cannabis herb (marijuana);;Wholesale;2023;$6.638,85;$4.267,83;$9.484,07;Kilograms
Europe;Western and Central Europe;Sweden;Cannabis-type drugs;Cannabis herb (marijuana);;Wholesale;2021;$7.020,01;$4.095,00;$8.190,01;Kilograms
Europe;Western and Central Europe;Estonia;Cannabis-type drugs;Cannabis herb (marijuana);;Wholesale;2020;$8.009,15;$6.864,99;$10.297,48;Kilograms
Europe;Western and Central Europe;Qatar;Cannabis-type drugs;Cannabis herb (marijuana);;Wholesale;2020;$8.178,84;;$9.541,98;Kilograms
Europe;South-Eastern Europe;Estonia;Cannabis-type drugs;Cannabis herb (marijuana);;Wholesale;2021;$8.303,68;$7.117,44;$10.676,16;Kilograms
Americas;Caribbean;Estonia;Cannabis-type drugs;Cannabis herb (marijuana);;Wholesale;2022;$8.429,93;$3.161,22;$9.483,67;Kilograms
Asia;Near and Middle East/ South-West Asia;Ireland;Cannabis-type drugs;Cannabis herb (marijuana);;Wholesale;2022;$8.429,93;$6.322,44;$10.537,41;Kilograms
Europe;Eastern Europe;Estonia;Cannabis-type drugs;Cannabis herb (marijuana);;Wholesale;2023;$8.648,65;$3.243,24;$9.729,73;Kilograms
Europe;South-Eastern Europe;Ireland;Cannabis-type drugs;Cannabis herb (marijuana);;Wholesale;2023;$8.648,65;$6.486,49;$10.810,81;Kilograms
Europe;Western and Central Europe;China, Hong Kong SAR;Cannabis-type drugs;Cannabis herb (marijuana);;Wholesale;2021;$8.804,53;$7.994,47;$9.805,69;Kilograms
Asia;East and South-East Asia;China, Hong Kong SAR;Cannabis-type drugs;Cannabis herb (marijuana);;Wholesale;2022;$8.839,99;$8.353,59;$9.332,65;Kilograms
Europe;Western and Central Europe;Ireland;Cannabis-type drugs;Cannabis herb (marijuana);;Wholesale;2020;$9.153,32;$6.864,99;$11.441,65;Kilograms
Europe;Western and Central Europe;Ireland;Cannabis-type drugs;Cannabis herb (marijuana);;Wholesale;2021;$9.489,92;$7.117,44;$11.862,40;Kilograms
Europe;Western and Central Europe;China, Hong Kong SAR;Cannabis-type drugs;Cannabis herb (marijuana);;Wholesale;2023;$10.281,33;$6.941,74;$13.415,10;Kilograms
Europe;Western and Central Europe;Croatia;Cannabis-type drugs;Cannabis resin (hashish);;Retail;2022;;$2,11;$10,54;Grams
Europe;Western and Central Europe;Morocco;Cannabis-type drugs;Cannabis resin (hashish);;Retail;2020;;$3,17;$5,28;Grams
Europe;Western and Central Europe;Andorra;Cannabis-type drugs;Cannabis resin (hashish);;Retail;2020;;$3,43;$11,44;Grams
Europe;Western and Central Europe;Kyrgyzstan;Cannabis-type drugs;Cannabis resin (hashish);;Retail;2021;;$5,00;$10,00;Grams
Europe;Western and Central Europe;Kyrgyzstan;Cannabis-type drugs;Cannabis resin (hashish);;Retail;2020;;$8,00;$10,00;Units
Europe;Western and Central Europe;Czechia;Cannabis-type drugs;Cannabis resin (hashish);;Retail;2020;;$8,58;$12,93;Grams
Europe;Western and Central Europe;Italy;Cannabis-type drugs;Cannabis resin (hashish);;Retail;2022;;$10,54;$13,41;Grams
Europe;Western and Central Europe;Lithuania;Cannabis-type drugs;Cannabis resin (hashish);;Retail;2021;;$10,68;$17,79;Grams
Europe;Western and Central Europe;Italy;Cannabis-type drugs;Cannabis resin (hashish);;Retail;2023;;$11,30;$14,13;Grams
Europe;Western and Central Europe;Italy;Cannabis-type drugs;Cannabis resin (hashish);;Retail;2021;;$11,85;$14,99;Grams
Europe;Western and Central Europe;Czechia;Cannabis-type drugs;Cannabis resin (hashish);;Retail;2023;;$13,51;;Grams
Europe;Western and Central Europe;Ukraine;Cannabis-type drugs;Cannabis resin (hashish);;Retail;2023;;$16,22;;Grams
Oceania;Australia and New Zealand;Bulgaria;Cannabis-type drugs;Cannabis resin (hashish);;Retail;2020;;$17,56;$23,42;Kilograms
Europe;Western and Central Europe;Finland;Cannabis-type drugs;Cannabis resin (hashish);;Retail;2020;;$22,88;$28,60;Grams
Europe;Western and Central Europe;Ukraine;Cannabis-type drugs;Cannabis resin (hashish);;Retail;2021;;$23,12;$23,12;Grams
Europe;Western and Central Europe;Mongolia;Cannabis-type drugs;Cannabis resin (hashish);;Retail;2023;;$23,14;$144,63;Grams
Europe;Western and Central Europe;Oman;Cannabis-type drugs;Cannabis resin (hashish);;Retail;2020;;$26,04;$39,06;Grams
Europe;Western and Central Europe;Egypt;Cannabis-type drugs;Cannabis resin (hashish);;Retail;2020;;$76,10;$95,13;Units
Europe;Western and Central Europe;Mauritius;Cannabis-type drugs;Cannabis resin (hashish);;Retail;2020;;$78,12;;Grams
Europe;Western and Central Europe;Uzbekistan;Cannabis-type drugs;Cannabis resin (hashish);;Retail;2022;;$6.500,00;$14.000,00;Kilograms
Europe;Western and Central Europe;Uzbekistan;Cannabis-type drugs;Cannabis resin (hashish);;Retail;2023;;$6.500,00;$14.000,00;Kilograms
Asia;Near and Middle East/ South-West Asia;Morocco;Cannabis-type drugs;Cannabis resin (hashish);;Retail;2023;$1,48;$0,99;$1,97;Grams
Europe;Western and Central Europe;Morocco;Cannabis-type drugs;Cannabis resin (hashish);;Retail;2022;$1,48;$0,99;$1,97;Grams
Europe;Western and Central Europe;Morocco;Cannabis-type drugs;Cannabis resin (hashish);;Retail;2021;$1,67;$1,12;$2,23;Grams
Europe;Western and Central Europe;Philippines;Cannabis-type drugs;Cannabis resin (hashish);;Retail;2023;$3,23;$3,05;$4,04;Grams
Europe;Western and Central Europe;Portugal;Cannabis-type drugs;Cannabis resin (hashish);;Retail;2023;$3,63;;;Grams
Europe;Western and Central Europe;Portugal;Cannabis-type drugs;Cannabis resin (hashish);;Retail;2022;$4,03;;;Grams
Asia;East and South-East Asia;Philippines;Cannabis-type drugs;Cannabis resin (hashish);;Retail;2023;$4,04;;;Grams
Asia;East and South-East Asia;China, Hong Kong SAR;Cannabis-type drugs;Cannabis resin (hashish);;Retail;2021;$4,25;$4,25;$4,25;Grams
Europe;Western and Central Europe;Croatia;Cannabis-type drugs;Cannabis resin (hashish);;Retail;2020;$4,58;$2,29;$11,44;Grams
Europe;Western and Central Europe;China, Hong Kong SAR;Cannabis-type drugs;Cannabis resin (hashish);;Retail;2022;$4,60;$4,21;$6,64;Grams
Asia;East and South-East Asia;Croatia;Cannabis-type drugs;Cannabis resin (hashish);;Retail;2021;$4,74;$2,37;$11,86;Grams
Europe;South-Eastern Europe;China, Hong Kong SAR;Cannabis-type drugs;Cannabis resin (hashish);;Retail;2023;$5,11;$4,47;$5,88;Grams
Africa;North Africa;Andorra;Cannabis-type drugs;Cannabis resin (hashish);;Retail;2022;$5,27;$4,74;$8,43;Grams
Europe;Western and Central Europe;Andorra;Cannabis-type drugs;Cannabis resin (hashish);;Retail;2023;$5,41;$5,41;$8,65;Grams
Asia;Central Asia and Transcaucasia;Israel;Cannabis-type drugs;Cannabis resin (hashish);;Retail;2020;$5,84;$2,92;$5,84;Grams
Asia;Central Asia and Transcaucasia;Portugal;Cannabis-type drugs;Cannabis resin (hashish);;Retail;2020;$6,00;$0,43;$13,35;Grams
Europe;Western and Central Europe;Tajikistan;Cannabis-type drugs;Cannabis resin (hashish);;Retail;2021;$6,00;$3,00;$10,00;Grams
Europe;Western and Central Europe;Ireland;Cannabis-type drugs;Cannabis resin (hashish);;Retail;2022;$6,32;;;Grams
Europe;Western and Central Europe;Spain;Cannabis-type drugs;Cannabis resin (hashish);;Retail;2020;$6,38;$6,32;$6,44;Grams
Europe;Western and Central Europe;United Kingdom;Cannabis-type drugs;Cannabis resin (hashish);;Retail;2020;$6,43;$6,43;$6,43;Grams
Europe;Western and Central Europe;Ireland;Cannabis-type drugs;Cannabis resin (hashish);;Retail;2023;$6,49;;;Grams
Europe;Western and Central Europe;China, Hong Kong SAR;Cannabis-type drugs;Cannabis resin (hashish);;Retail;2020;$6,70;$3,48;$8,51;Grams
Europe;Eastern Europe;Portugal;Cannabis-type drugs;Cannabis resin (hashish);;Retail;2021;$6,82;;;Grams
Europe;South-Eastern Europe;Ireland;Cannabis-type drugs;Cannabis resin (hashish);;Retail;2020;$6,86;$4,58;$9,15;Grams
Europe;Western and Central Europe;State of Palestine;Cannabis-type drugs;Cannabis resin (hashish);;Retail;2021;$7,00;;;Grams
Europe;Eastern Europe;Tajikistan;Cannabis-type drugs;Cannabis resin (hashish);;Retail;2023;$7,00;$6,00;$10,00;Grams
Asia;East and South-East Asia;Ireland;Cannabis-type drugs;Cannabis resin (hashish);;Retail;2021;$7,12;$4,74;$9,49;Grams
Asia;Near and Middle East/ South-West Asia;Spain;Cannabis-type drugs;Cannabis resin (hashish);;Retail;2023;$7,26;;;Grams
Africa;North Africa;Ukraine;Cannabis-type drugs;Cannabis resin (hashish);;Retail;2022;$7,67;;;Grams
Africa;East Africa;France;Cannabis-type drugs;Cannabis resin (hashish);;Retail;2022;$8,43;$6,32;$10,54;Grams
Asia;Central Asia and Transcaucasia;France;Cannabis-type drugs;Cannabis resin (hashish);;Retail;2023;$8,65;$6,49;$11,89;Grams
Asia;Central Asia and Transcaucasia;Denmark;Cannabis-type drugs;Cannabis resin (hashish);;Retail;2023;$8,71;$5,81;$11,61;Grams
Africa;North Africa;France;Cannabis-type drugs;Cannabis resin (hashish);;Retail;2020;$9,15;$6,86;$11,44;Grams
Africa;North Africa;Sweden;Cannabis-type drugs;Cannabis resin (hashish);;Retail;2023;$9,42;$3,30;$15,54;Grams
Africa;North Africa;France;Cannabis-type drugs;Cannabis resin (hashish);;Retail;2021;$9,49;$7,12;$11,86;Grams
Asia;East and South-East Asia;Slovenia;Cannabis-type drugs;Cannabis resin (hashish);;Retail;2021;$9,49;$8,30;$11,86;Grams
Europe;Western and Central Europe;Belgium;Cannabis-type drugs;Cannabis resin (hashish);;Retail;2022;$9,69;$6,32;$11,59;Grams
Europe;Western and Central Europe;Germany;Cannabis-type drugs;Cannabis resin (hashish);;Retail;2022;$9,91;$6,53;$15,28;Grams
Asia;East and South-East Asia;Poland;Cannabis-type drugs;Cannabis resin (hashish);;Retail;2022;$10,11;$6,97;$17,98;Grams
Asia;East and South-East Asia;Poland;Cannabis-type drugs;Cannabis resin (hashish);;Retail;2021;$10,14;$6,50;$20,79;Grams
Europe;South-Eastern Europe;Austria;Cannabis-type drugs;Cannabis resin (hashish);;Retail;2023;$10,27;$4,32;$16,22;Grams
Asia;East and South-East Asia;Belgium;Cannabis-type drugs;Cannabis resin (hashish);;Retail;2020;$10,30;$6,06;$11,44;Grams
Europe;South-Eastern Europe;Hungary;Cannabis-type drugs;Cannabis resin (hashish);;Retail;2019;$10,31;$6,87;$13,75;Grams
Asia;East and South-East Asia;Slovakia;Cannabis-type drugs;Cannabis resin (hashish);;Retail;2022;$10,54;$5,27;$26,34;Grams
Europe;Western and Central Europe;Slovenia;Cannabis-type drugs;Cannabis resin (hashish);;Retail;2022;$10,54;$7,38;$10,54;Grams
Europe;Western and Central Europe;Lithuania;Cannabis-type drugs;Cannabis resin (hashish);;Retail;2022;$10,54;$8,43;$12,64;Grams
Asia;Near and Middle East/ South-West Asia;Germany;Cannabis-type drugs;Cannabis resin (hashish);;Retail;2023;$10,59;$6,27;$16,54;Grams
Europe;Western and Central Europe;Denmark;Cannabis-type drugs;Cannabis resin (hashish);;Retail;2021;$10,68;$5,93;$15,42;Grams
Asia;Central Asia and Transcaucasia;Hungary;Cannabis-type drugs;Cannabis resin (hashish);;Retail;2022;$10,75;$7,53;$13,44;Grams
Europe;Western and Central Europe;Belgium;Cannabis-type drugs;Cannabis resin (hashish);;Retail;2023;$10,81;$6,06;$16,22;Grams
Europe;Western and Central Europe;Slovenia;Cannabis-type drugs;Cannabis resin (hashish);;Retail;2023;$10,81;$7,57;$10,81;Grams
Europe;Western and Central Europe;Germany;Cannabis-type drugs;Cannabis resin (hashish);;Retail;2020;$10,98;$6,75;$16,59;Grams
Europe;Western and Central Europe;Sweden;Cannabis-type drugs;Cannabis resin (hashish);;Retail;2022;$11,03;$3,28;$19,88;Grams
Asia;East and South-East Asia;Austria;Cannabis-type drugs;Cannabis resin (hashish);;Retail;2022;$11,06;$6,32;$15,81;Grams
Europe;Western and Central Europe;Belgium;Cannabis-type drugs;Cannabis resin (hashish);;Retail;2021;$11,15;$7,47;$13,52;Grams
Europe;Western and Central Europe;Norway;Cannabis-type drugs;Cannabis resin (hashish);;Retail;2023;$11,38;$9,48;$18,97;Grams
Asia;Near and Middle East/ South-West Asia;Germany;Cannabis-type drugs;Cannabis resin (hashish);;Retail;2021;$11,39;$9,13;$13,88;Grams
Asia;Central Asia and Transcaucasia;Netherlands;Cannabis-type drugs;Cannabis resin (hashish);;Retail;2023;$11,41;;$21,62;Grams
Europe;Western and Central Europe;Lithuania;Cannabis-type drugs;Cannabis resin (hashish);;Retail;2020;$11,44;;;Grams
Europe;Western and Central Europe;Hungary;Cannabis-type drugs;Cannabis resin (hashish);;Retail;2021;$11,57;$8,27;$19,84;Grams
Europe;Eastern Europe;Austria;Cannabis-type drugs;Cannabis resin (hashish);;Retail;2020;$12,01;$6,86;$17,16;Grams
Europe;Western and Central Europe;Denmark;Cannabis-type drugs;Cannabis resin (hashish);;Retail;2020;$12,28;$9,21;$15,34;Grams
Europe;Western and Central Europe;Austria;Cannabis-type drugs;Cannabis resin (hashish);;Retail;2021;$12,46;$7,12;$17,79;Grams
Europe;Western and Central Europe;Poland;Cannabis-type drugs;Cannabis resin (hashish);;Retail;2020;$12,55;$10,24;$15,36;Grams
Europe;Western and Central Europe;Romania;Cannabis-type drugs;Cannabis resin (hashish);;Retail;2022;$12,64;$12,64;$17,91;Grams
Europe;Western and Central Europe;Poland;Cannabis-type drugs;Cannabis resin (hashish);;Retail;2023;$12,84;$5,94;$16,64;Grams
Europe;Western and Central Europe;Lithuania;Cannabis-type drugs;Cannabis resin (hashish);;Retail;2023;$12,97;$10,81;$16,22;Grams
Europe;Western and Central Europe;Netherlands;Cannabis-type drugs;Cannabis resin (hashish);;Retail;2022;$13,20;;;Grams
Europe;Western and Central Europe;Sweden;Cannabis-type drugs;Cannabis resin (hashish);;Retail;2021;$13,22;$5,85;$23,40;Grams
Europe;Western and Central Europe;Sweden;Cannabis-type drugs;Cannabis resin (hashish);;Retail;2020;$13,63;$8,73;$24,54;Grams
Europe;Western and Central Europe;Romania;Cannabis-type drugs;Cannabis resin (hashish);;Retail;2020;$13,73;$13,73;$19,45;Grams
Europe;Western and Central Europe;United Kingdom;Cannabis-type drugs;Cannabis resin (hashish);;Retail;2021;$13,76;$7,92;$13,76;Grams
Europe;Western and Central Europe;Netherlands;Cannabis-type drugs;Cannabis resin (hashish);;Retail;2021;$13,93;;;Grams
Europe;Western and Central Europe;Kyrgyzstan;Cannabis-type drugs;Cannabis resin (hashish);;Retail;2022;$14,50;$6,00;$23,00;Grams
Europe;Western and Central Europe;Kyrgyzstan;Cannabis-type drugs;Cannabis resin (hashish);;Retail;2023;$14,50;$6,00;$23,00;Grams
Europe;Western and Central Europe;Italy;Cannabis-type drugs;Cannabis resin (hashish);;Retail;2020;$14,58;$12,91;$16,25;Grams
Europe;Western and Central Europe;United Arab Emirates;Cannabis-type drugs;Cannabis resin (hashish);;Retail;2021;$14,97;;;Grams
Europe;Western and Central Europe;United Arab Emirates;Cannabis-type drugs;Cannabis resin (hashish);;Retail;2022;$14,97;;;Grams
Europe;Western and Central Europe;Israel;Cannabis-type drugs;Cannabis resin (hashish);;Retail;2021;$15,44;;;Grams
Europe;Western and Central Europe;Latvia;Cannabis-type drugs;Cannabis resin (hashish);;Retail;2022;$15,81;$15,81;$21,07;Grams
Europe;Western and Central Europe;State of Palestine;Cannabis-type drugs;Cannabis resin (hashish);;Retail;2020;$16,00;;;Grams
Europe;Western and Central Europe;Montenegro;Cannabis-type drugs;Cannabis resin (hashish);;Retail;2023;$16,22;$10,81;$32,43;Grams
Europe;Western and Central Europe;Slovakia;Cannabis-type drugs;Cannabis resin (hashish);;Retail;2020;$17,16;$11,44;$34,32;Grams
Europe;Western and Central Europe;Slovakia;Cannabis-type drugs;Cannabis resin (hashish);;Retail;2021;$17,79;$5,93;$35,59;Grams
Europe;Western and Central Europe;Latvia;Cannabis-type drugs;Cannabis resin (hashish);;Retail;2021;$17,79;$17,79;$23,72;Grams
Europe;Western and Central Europe;United Arab Emirates;Cannabis-type drugs;Cannabis resin (hashish);;Retail;2020;$19,19;;;Grams
Europe;Western and Central Europe;Bulgaria;Cannabis-type drugs;Cannabis resin (hashish);;Retail;2023;$19,36;$16,59;$22,12;Grams
Europe;Western and Central Europe;Saudi Arabia;Cannabis-type drugs;Cannabis resin (hashish);;Retail;2021;$21,00;;;Grams
Europe;Western and Central Europe;Finland;Cannabis-type drugs;Cannabis resin (hashish);;Retail;2022;$21,07;$8,43;$31,61;Grams
Europe;Western and Central Europe;Estonia;Cannabis-type drugs;Cannabis resin (hashish);;Retail;2022;$21,07;$15,81;$21,07;Grams
Europe;Western and Central Europe;Bulgaria;Cannabis-type drugs;Cannabis resin (hashish);;Retail;2021;$21,24;$18,20;$24,27;Kilograms
Europe;Western and Central Europe;Czechia;Cannabis-type drugs;Cannabis resin (hashish);;Retail;2022;$21,50;;;Grams
Europe;Western and Central Europe;Estonia;Cannabis-type drugs;Cannabis resin (hashish);;Retail;2023;$21,62;$11,35;$21,62;Grams
Europe;Western and Central Europe;China;Cannabis-type drugs;Cannabis resin (hashish);;Retail;2021;$23,23;;;Grams
Europe;Western and Central Europe;Finland;Cannabis-type drugs;Cannabis resin (hashish);;Retail;2021;$23,72;;;Grams
Europe;Western and Central Europe;Estonia;Cannabis-type drugs;Cannabis resin (hashish);;Retail;2021;$23,72;$17,79;$23,72;Grams
Europe;South-Eastern Europe;Greece;Cannabis-type drugs;Cannabis resin (hashish);;Retail;2022;$26,34;$15,81;$36,88;Grams
Europe;Western and Central Europe;Slovakia;Cannabis-type drugs;Cannabis resin (hashish);;Retail;2023;$27,03;$7,57;$64,86;Grams
Europe;Western and Central Europe;Greece;Cannabis-type drugs;Cannabis resin (hashish);;Retail;2023;$27,03;$16,22;$37,84;Grams
Europe;Western and Central Europe;Saudi Arabia;Cannabis-type drugs;Cannabis resin (hashish);;Retail;2020;$27,44;$8,79;$53,28;Grams
Europe;Western and Central Europe;Greece;Cannabis-type drugs;Cannabis resin (hashish);;Retail;2020;$28,60;$17,16;$40,05;Grams
Europe;Western and Central Europe;Greece;Cannabis-type drugs;Cannabis resin (hashish);;Retail;2021;$29,66;$17,79;$41,52;Grams
Europe;South-Eastern Europe;Belarus;Cannabis-type drugs;Cannabis resin (hashish);;Retail;2021;$40,00;$38,00;$45,00;Grams
Europe;Western and Central Europe;Belarus;Cannabis-type drugs;Cannabis resin (hashish);;Retail;2022;$40,00;$38,00;$45,00;Grams
Europe;Western and Central Europe;Armenia;Cannabis-type drugs;Cannabis resin (hashish);;Retail;2023;$46,33;$38,61;$51,48;Grams
Asia;Central Asia and Transcaucasia;Mongolia;Cannabis-type drugs;Cannabis resin (hashish);;Retail;2022;$48,12;;;Grams
Asia;Central Asia and Transcaucasia;Uzbekistan;Cannabis-type drugs;Cannabis resin (hashish);;Retail;2021;$50,00;;;Grams
Europe;Western and Central Europe;Armenia;Cannabis-type drugs;Cannabis resin (hashish);;Retail;2022;$57,75;$50,82;$64,68;Grams
Asia;Near and Middle East/ South-West Asia;Mauritius;Cannabis-type drugs;Cannabis resin (hashish);;Retail;2021;$73,57;;;
Asia;Near and Middle East/ South-West Asia;Syrian Arab Republic;Cannabis-type drugs;Cannabis resin (hashish);;Retail;2022;$85,00;$80,00;$95,00;Kilograms
Asia;Near and Middle East/ South-West Asia;Syrian Arab Republic;Cannabis-type drugs;Cannabis resin (hashish);;Retail;2023;$85,00;$80,00;$95,00;Kilograms
Europe;Western and Central Europe;Japan;Cannabis-type drugs;Cannabis resin (hashish);;Retail;2021;$91,28;;;Grams
Asia;Near and Middle East/ South-West Asia;Japan;Cannabis-type drugs;Cannabis resin (hashish);;Retail;2020;$93,94;;;Grams
Europe;South-Eastern Europe;Republic of Korea;Cannabis-type drugs;Cannabis resin (hashish);;Retail;2023;$100,00;;;Grams
Europe;Western and Central Europe;Republic of Korea;Cannabis-type drugs;Cannabis resin (hashish);;Retail;2020;$101,72;$101,72;$101,72;Grams
Europe;Western and Central Europe;Republic of Korea;Cannabis-type drugs;Cannabis resin (hashish);;Retail;2021;$105,38;$105,38;$105,38;Grams
Europe;Western and Central Europe;Republic of Korea;Cannabis-type drugs;Cannabis resin (hashish);;Retail;2022;$120,00;;;Grams
Asia;Near and Middle East/ South-West Asia;Gambia;Cannabis-type drugs;Cannabis resin (hashish);;Retail;2022;$194,94;$179,14;$216,02;Grams
Europe;South-Eastern Europe;Syrian Arab Republic;Cannabis-type drugs;Cannabis resin (hashish);;Retail;2021;$250,00;$200,00;$300,00;Kilograms
Asia;Near and Middle East/ South-West Asia;Qatar;Cannabis-type drugs;Cannabis resin (hashish);;Retail;2023;$685,12;;;Grams
Europe;Western and Central Europe;India;Cannabis-type drugs;Cannabis resin (hashish);;Retail;2020;$2.320,87;;;Kilograms
Europe;Western and Central Europe;India;Cannabis-type drugs;Cannabis resin (hashish);;Retail;2021;$2.440,91;;;Kilograms
Europe;South-Eastern Europe;Tajikistan;Cannabis-type drugs;Cannabis resin (hashish);;Retail;2022;$2.500,00;$800,00;$3.000,00;Kilograms
Europe;Western and Central Europe;State of Palestine;Cannabis-type drugs;Cannabis resin (hashish);;Retail;2023;$3.000,00;$2.500,00;$4.000,00;Kilograms
Europe;Western and Central Europe;India;Cannabis-type drugs;Cannabis resin (hashish);;Retail;2022;$3.061,30;;;Kilograms
Asia;East and South-East Asia;United Kingdom;Cannabis-type drugs;Cannabis resin (hashish);;Retail;2022;$3.559,95;$3.559,95;$12.360,94;Kilograms
Europe;Western and Central Europe;Brazil;Cannabis-type drugs;Cannabis resin (hashish);;Retail;2022;$4.476,17;;;Kilograms
Europe;Western and Central Europe;Algeria;Cannabis-type drugs;Cannabis resin (hashish);;Retail;2021;$4.844,93;$4.472,24;$5.217,61;Kilograms
Europe;Western and Central Europe;Algeria;Cannabis-type drugs;Cannabis resin (hashish);;Retail;2023;$7.008,38;$6.270,66;$8.114,97;Kilograms
Europe;Western and Central Europe;Algeria;Cannabis-type drugs;Cannabis resin (hashish);;Retail;2022;$7.060,50;$3.883,28;$105.907,52;Kilograms
Europe;Western and Central Europe;Italy;Cannabis-type drugs;Cannabis resin (hashish);;Wholesale;2022;;$2,50;$3,85;Grams
Asia;Near and Middle East/ South-West Asia;Italy;Cannabis-type drugs;Cannabis resin (hashish);;Wholesale;2021;;$3,21;$4,48;Kilograms
Europe;Western and Central Europe;Egypt;Cannabis-type drugs;Cannabis resin (hashish);;Wholesale;2022;;$3,43;$3,95;Kilograms
Europe;Western and Central Europe;Kazakhstan;Cannabis-type drugs;Cannabis resin (hashish);;Wholesale;2021;;$4,70;$7,05;Grams
Europe;Eastern Europe;Lithuania;Cannabis-type drugs;Cannabis resin (hashish);;Wholesale;2021;;$5,93;$9,49;Grams
Europe;Eastern Europe;Lithuania;Cannabis-type drugs;Cannabis resin (hashish);;Wholesale;2020;;$10,30;$17,16;Grams
Asia;Central Asia and Transcaucasia;Senegal;Cannabis-type drugs;Cannabis resin (hashish);;Wholesale;2021;;$18,09;$27,14;
Asia;East and South-East Asia;Australia;Cannabis-type drugs;Cannabis resin (hashish);;Wholesale;2023;;$33,18;$53,09;Grams
Asia;Central Asia and Transcaucasia;Australia;Cannabis-type drugs;Cannabis resin (hashish);;Wholesale;2022;;$34,77;$55,63;Grams
Asia;Central Asia and Transcaucasia;Australia;Cannabis-type drugs;Cannabis resin (hashish);;Wholesale;2021;;$37,62;$60,20;Grams
Africa;East Africa;Timor-Leste;Cannabis-type drugs;Cannabis resin (hashish);;Wholesale;2023;;$200,00;$300,00;Grams
Asia;Near and Middle East/ South-West Asia;Morocco;Cannabis-type drugs;Cannabis resin (hashish);;Wholesale;2020;;$316,66;$527,76;Kilograms
Asia;Near and Middle East/ South-West Asia;Kazakhstan;Cannabis-type drugs;Cannabis resin (hashish);;Wholesale;2020;;$600,98;$1.201,96;Kilograms
Asia;East and South-East Asia;Azerbaijan;Cannabis-type drugs;Cannabis resin (hashish);;Wholesale;2022;;$1.000,00;$1.500,00;Kilograms
Asia;East and South-East Asia;Azerbaijan;Cannabis-type drugs;Cannabis resin (hashish);;Wholesale;2021;;$1.179,94;$1.474,93;Kilograms
Asia;East and South-East Asia;Egypt;Cannabis-type drugs;Cannabis resin (hashish);;Wholesale;2023;;$1.309,71;$2.946,86;
Asia;East and South-East Asia;Uruguay;Cannabis-type drugs;Cannabis resin (hashish);;Wholesale;2021;;$1.542,11;$2.253,86;Kilograms
Asia;East and South-East Asia;Azerbaijan;Cannabis-type drugs;Cannabis resin (hashish);;Wholesale;2023;;$2.000,00;$3.000,00;Kilograms
Asia;East and South-East Asia;Azerbaijan;Cannabis-type drugs;Cannabis resin (hashish);;Wholesale;2020;;$2.358,49;$2.948,11;Kilograms
Africa;West and Central Africa;Kyrgyzstan;Cannabis-type drugs;Cannabis resin (hashish);;Wholesale;2021;;$2.500,00;$3.000,00;Kilograms
Asia;Near and Middle East/ South-West Asia;Egypt;Cannabis-type drugs;Cannabis resin (hashish);;Wholesale;2021;;$2.553,46;$5.106,93;Kilograms
Asia;Near and Middle East/ South-West Asia;Italy;Cannabis-type drugs;Cannabis resin (hashish);;Wholesale;2023;;$2.567,23;$3.837,38;Kilograms
Asia;South Asia;Croatia;Cannabis-type drugs;Cannabis resin (hashish);;Wholesale;2022;;$3.793,47;$4.847,21;Kilograms
Asia;South Asia;Finland;Cannabis-type drugs;Cannabis resin (hashish);;Wholesale;2022;;$4.214,96;$12.644,89;Kilograms
Asia;Central Asia and Transcaucasia;Kyrgyzstan;Cannabis-type drugs;Cannabis resin (hashish);;Wholesale;2020;;$5.000,00;$8.000,00;Kilograms
Asia;Near and Middle East/ South-West Asia;Uzbekistan;Cannabis-type drugs;Cannabis resin (hashish);;Wholesale;2022;;$6.000,00;$11.000,00;Kilograms
Asia;South Asia;Uzbekistan;Cannabis-type drugs;Cannabis resin (hashish);;Wholesale;2023;;$6.000,00;$11.000,00;Kilograms
Europe;Western and Central Europe;Egypt;Cannabis-type drugs;Cannabis resin (hashish);;Wholesale;2020;;$8.244,55;$9.512,94;Kilograms
Americas;South America;Oman;Cannabis-type drugs;Cannabis resin (hashish);;Wholesale;2020;;$20.833,33;$26.041,67;Kilograms
Africa;North Africa;Iraq;Cannabis-type drugs;Cannabis resin (hashish);;Wholesale;2020;$0,01;$0,01;$0,01;Grams
Africa;North Africa;Iraq;Cannabis-type drugs;Cannabis resin (hashish);;Wholesale;2022;$0,01;$0,01;$0,02;Grams
Africa;North Africa;Iraq;Cannabis-type drugs;Cannabis resin (hashish);;Wholesale;2021;$0,01;$0,01;$0,01;Grams
Europe;Western and Central Europe;Israel;Cannabis-type drugs;Cannabis resin (hashish);;Wholesale;2020;$0,58;;;
Europe;Western and Central Europe;Paraguay;Cannabis-type drugs;Cannabis resin (hashish);;Wholesale;2022;$0,97;$0,94;$1,08;Grams
Africa;North Africa;China, Hong Kong SAR;Cannabis-type drugs;Cannabis resin (hashish);;Wholesale;2020;$2,45;$1,55;$3,74;Grams
Asia;Central Asia and Transcaucasia;Portugal;Cannabis-type drugs;Cannabis resin (hashish);;Wholesale;2020;$4,02;$1,68;$7,49;Grams
Europe;Western and Central Europe;Belarus;Cannabis-type drugs;Cannabis resin (hashish);;Wholesale;2020;$4,05;$2,02;$6,07;Grams
Europe;Western and Central Europe;Lithuania;Cannabis-type drugs;Cannabis resin (hashish);;Wholesale;2022;$5,27;$4,21;$7,38;Grams
Africa;West and Central Africa;Saudi Arabia;Cannabis-type drugs;Cannabis resin (hashish);;Wholesale;2021;$5,60;;;Grams
Oceania;Australia and New Zealand;Gibraltar;Cannabis-type drugs;Cannabis resin (hashish);;Wholesale;2023;$6,21;;;Grams
Oceania;Australia and New Zealand;Gibraltar;Cannabis-type drugs;Cannabis resin (hashish);;Wholesale;2021;$6,88;$4,13;$13,76;Grams
Oceania;Australia and New Zealand;Lithuania;Cannabis-type drugs;Cannabis resin (hashish);;Wholesale;2023;$7,57;$5,41;$11,89;Grams
Asia;East and South-East Asia;State of Palestine;Cannabis-type drugs;Cannabis resin (hashish);;Wholesale;2023;$10,00;$7,00;$12,00;Grams
Africa;North Africa;Poland;Cannabis-type drugs;Cannabis resin (hashish);;Wholesale;2022;$11,24;$6,74;$17,98;Grams
Asia;Central Asia and Transcaucasia;Montenegro;Cannabis-type drugs;Cannabis resin (hashish);;Wholesale;2020;$11,44;$11,44;$11,44;Grams
Asia;Central Asia and Transcaucasia;China;Cannabis-type drugs;Cannabis resin (hashish);;Wholesale;2021;$11,61;;;Grams
Asia;Central Asia and Transcaucasia;Malta;Cannabis-type drugs;Cannabis resin (hashish);;Wholesale;2021;$13,05;;;
Africa;North Africa;Montenegro;Cannabis-type drugs;Cannabis resin (hashish);;Wholesale;2022;$15,81;$10,54;$21,07;Grams
Americas;South America;Malta;Cannabis-type drugs;Cannabis resin (hashish);;Wholesale;2022;$15,81;$15,81;$15,81;Grams
Asia;Central Asia and Transcaucasia;Latvia;Cannabis-type drugs;Cannabis resin (hashish);;Wholesale;2020;$17,16;$17,16;$33,18;Grams
Asia;Central Asia and Transcaucasia;Republic of Korea;Cannabis-type drugs;Cannabis resin (hashish);;Wholesale;2023;$20,00;;;Grams
Asia;Central Asia and Transcaucasia;Mongolia;Cannabis-type drugs;Cannabis resin (hashish);;Wholesale;2022;$25,66;;;Grams
Africa;North Africa;Qatar;Cannabis-type drugs;Cannabis resin (hashish);;Wholesale;2021;$32,65;;$32,65;Grams
Europe;Western and Central Europe;Armenia;Cannabis-type drugs;Cannabis resin (hashish);;Wholesale;2023;$38,61;$33,46;$43,76;Grams
Europe;South-Eastern Europe;Armenia;Cannabis-type drugs;Cannabis resin (hashish);;Wholesale;2022;$46,20;$41,58;$57,75;Grams
Europe;Western and Central Europe;Armenia;Cannabis-type drugs;Cannabis resin (hashish);;Wholesale;2020;$61,37;;;Grams
Asia;Central Asia and Transcaucasia;Japan;Cannabis-type drugs;Cannabis resin (hashish);;Wholesale;2023;$71,30;;;
Asia;Central Asia and Transcaucasia;Syrian Arab Republic;Cannabis-type drugs;Cannabis resin (hashish);;Wholesale;2022;$80,00;$75,00;$90,00;Kilograms
Asia;Central Asia and Transcaucasia;Syrian Arab Republic;Cannabis-type drugs;Cannabis resin (hashish);;Wholesale;2023;$80,00;$75,00;$100,00;Kilograms
Africa;North Africa;Japan;Cannabis-type drugs;Cannabis resin (hashish);;Wholesale;2022;$91,73;;;Grams
Asia;Near and Middle East/ South-West Asia;Mauritius;Cannabis-type drugs;Cannabis resin (hashish);;Wholesale;2023;$111,00;$0,02;;Grams
Asia;Near and Middle East/ South-West Asia;Mauritius;Cannabis-type drugs;Cannabis resin (hashish);;Wholesale;2022;$114,43;;;Grams
Asia;Near and Middle East/ South-West Asia;Pakistan;Cannabis-type drugs;Cannabis resin (hashish);;Wholesale;2023;$161,65;$152,67;$170,63;Kilograms
Asia;Near and Middle East/ South-West Asia;Gambia;Cannabis-type drugs;Cannabis resin (hashish);;Wholesale;2022;$168,60;$152,79;$210,75;Grams
Asia;Near and Middle East/ South-West Asia;Pakistan;Cannabis-type drugs;Cannabis resin (hashish);;Wholesale;2022;$197,30;$184,97;$209,64;Kilograms
Americas;South America;Syrian Arab Republic;Cannabis-type drugs;Cannabis resin (hashish);;Wholesale;2021;$200,00;$180,00;$250,00;Kilograms
Asia;East and South-East Asia;Pakistan;Cannabis-type drugs;Cannabis resin (hashish);;Wholesale;2021;$231,82;$200,91;$262,73;Kilograms
Europe;Western and Central Europe;Kenya;Cannabis-type drugs;Cannabis resin (hashish);;Wholesale;2020;$281,64;;;Kilograms
Europe;Eastern Europe;Pakistan;Cannabis-type drugs;Cannabis resin (hashish);;Wholesale;2020;$286,48;$263,25;$309,71;Kilograms
Europe;Western and Central Europe;Morocco;Cannabis-type drugs;Cannabis resin (hashish);;Wholesale;2023;$690,61;$493,29;$986,58;Kilograms
Asia;Near and Middle East/ South-West Asia;Morocco;Cannabis-type drugs;Cannabis resin (hashish);;Wholesale;2022;$691,09;$493,63;$987,26;Kilograms
Europe;Western and Central Europe;Morocco;Cannabis-type drugs;Cannabis resin (hashish);;Wholesale;2021;$781,16;$557,97;$1.115,95;Kilograms
Europe;Western and Central Europe;Tajikistan;Cannabis-type drugs;Cannabis resin (hashish);;Wholesale;2020;$800,00;$300,00;$1.100,00;Kilograms
Europe;Western and Central Europe;India;Cannabis-type drugs;Cannabis resin (hashish);;Wholesale;2020;$890,57;;;Kilograms
Asia;Near and Middle East/ South-West Asia;Latvia;Cannabis-type drugs;Cannabis resin (hashish);;Wholesale;2022;$948,37;;;Grams
Europe;Western and Central Europe;Tajikistan;Cannabis-type drugs;Cannabis resin (hashish);;Wholesale;2022;$1.000,00;$350,00;$1.500,00;Kilograms
Europe;South-Eastern Europe;Tajikistan;Cannabis-type drugs;Cannabis resin (hashish);;Wholesale;2021;$1.000,00;$350,00;$2.000,00;Kilograms
Asia;East and South-East Asia;India;Cannabis-type drugs;Cannabis resin (hashish);;Wholesale;2021;$1.152,65;;;Kilograms
Europe;Western and Central Europe;United Kingdom;Cannabis-type drugs;Cannabis resin (hashish);;Wholesale;2022;$1.236,09;$741,66;$2.472,19;Kilograms
Europe;South-Eastern Europe;United Kingdom;Cannabis-type drugs;Cannabis resin (hashish);;Wholesale;2020;$1.285,35;$899,74;$1.542,42;Kilograms
Europe;Western and Central Europe;United Kingdom;Cannabis-type drugs;Cannabis resin (hashish);;Wholesale;2021;$1.375,52;$825,31;$2.751,03;Kilograms
Europe;Western and Central Europe;India;Cannabis-type drugs;Cannabis resin (hashish);;Wholesale;2022;$1.530,65;;;Kilograms
Asia;East and South-East Asia;Libya;Cannabis-type drugs;Cannabis resin (hashish);;Wholesale;2021;$1.559,71;$1.002,67;$1.559,71;Kilograms
Asia;East and South-East Asia;Algeria;Cannabis-type drugs;Cannabis resin (hashish);;Wholesale;2020;$1.696,76;$236,76;$3.156,76;Kilograms
Asia;Near and Middle East/ South-West Asia;Ireland;Cannabis-type drugs;Cannabis resin (hashish);;Wholesale;2022;$1.896,73;$1.580,61;$2.107,48;Kilograms
Asia;Central Asia and Transcaucasia;Spain;Cannabis-type drugs;Cannabis resin (hashish);;Wholesale;2020;$1.933,64;$1.921,05;$1.947,37;Kilograms
Asia;Central Asia and Transcaucasia;Ireland;Cannabis-type drugs;Cannabis resin (hashish);;Wholesale;2023;$1.945,95;$1.621,62;$2.162,16;Kilograms
Asia;Central Asia and Transcaucasia;Niger;Cannabis-type drugs;Cannabis resin (hashish);;Wholesale;2020;$2.092,12;$1.743,44;$2.615,15;Kilograms
Asia;East and South-East Asia;Spain;Cannabis-type drugs;Cannabis resin (hashish);;Wholesale;2022;$2.172,81;;;Kilograms
Asia;Near and Middle East/ South-West Asia;Spain;Cannabis-type drugs;Cannabis resin (hashish);;Wholesale;2023;$2.235,68;;;Kilograms
Asia;Near and Middle East/ South-West Asia;Ireland;Cannabis-type drugs;Cannabis resin (hashish);;Wholesale;2020;$2.288,33;$2.059,50;$2.517,16;Kilograms
Asia;East and South-East Asia;Spain;Cannabis-type drugs;Cannabis resin (hashish);;Wholesale;2021;$2.327,40;;;Kilograms
Africa;East Africa;Ireland;Cannabis-type drugs;Cannabis resin (hashish);;Wholesale;2021;$2.372,48;$2.135,23;$2.609,73;Kilograms
Africa;East Africa;Tajikistan;Cannabis-type drugs;Cannabis resin (hashish);;Wholesale;2023;$2.500,00;$2.000,00;$3.500,00;Kilograms
Asia;Near and Middle East/ South-West Asia;Sri Lanka;Cannabis-type drugs;Cannabis resin (hashish);;Wholesale;2021;$2.537,29;;;Kilograms
Africa;West and Central Africa;United Arab Emirates;Cannabis-type drugs;Cannabis resin (hashish);;Wholesale;2021;$2.654,51;;;Kilograms
Asia;Near and Middle East/ South-West Asia;United Arab Emirates;Cannabis-type drugs;Cannabis resin (hashish);;Wholesale;2022;$2.810,24;;;Kilograms
Asia;Near and Middle East/ South-West Asia;Norway;Cannabis-type drugs;Cannabis resin (hashish);;Wholesale;2023;$2.845,22;$1.896,81;$3.319,42;Kilograms
Asia;Near and Middle East/ South-West Asia;Algeria;Cannabis-type drugs;Cannabis resin (hashish);;Wholesale;2021;$2.944,22;$2.161,58;$3.726,87;Kilograms
Africa;East Africa;China, Hong Kong SAR;Cannabis-type drugs;Cannabis resin (hashish);;Wholesale;2021;$3.115,17;$2.444,99;$3.217,09;Kilograms
Asia;Near and Middle East/ South-West Asia;France;Cannabis-type drugs;Cannabis resin (hashish);;Wholesale;2022;$3.161,22;$2.634,35;$4.214,96;Kilograms
Africa;North Africa;Italy;Cannabis-type drugs;Cannabis resin (hashish);;Wholesale;2020;$3.424,49;$2.845,54;$4.003,43;Kilograms
Africa;North Africa;France;Cannabis-type drugs;Cannabis resin (hashish);;Wholesale;2023;$3.465,95;$2.846,49;$4.194,59;Kilograms
Africa;North Africa;Sweden;Cannabis-type drugs;Cannabis resin (hashish);;Wholesale;2023;$3.532,07;$2.354,71;$6.122,26;Kilograms
Asia;Central Asia and Transcaucasia;China, Hong Kong SAR;Cannabis-type drugs;Cannabis resin (hashish);;Wholesale;2022;$3.533,01;$3.192,44;$3.894,78;Kilograms
Asia;South Asia;Denmark;Cannabis-type drugs;Cannabis resin (hashish);;Wholesale;2023;$3.629,50;$2.903,60;$5.081,30;Kilograms
Europe;Western and Central Europe;Belgium;Cannabis-type drugs;Cannabis resin (hashish);;Wholesale;2023;$3.783,78;$2.724,32;$4.540,54;Kilograms
Asia;Central Asia and Transcaucasia;Sweden;Cannabis-type drugs;Cannabis resin (hashish);;Wholesale;2022;$3.975,35;$1.987,68;$6.459,95;Kilograms
Asia;Central Asia and Transcaucasia;France;Cannabis-type drugs;Cannabis resin (hashish);;Wholesale;2020;$4.004,58;$2.860,41;$5.148,74;Kilograms
Asia;South Asia;Germany;Cannabis-type drugs;Cannabis resin (hashish);;Wholesale;2022;$4.075,87;$2.853,53;$6.220,23;Kilograms
Europe;Western and Central Europe;France;Cannabis-type drugs;Cannabis resin (hashish);;Wholesale;2021;$4.151,84;$3.232,50;$4.744,96;Kilograms
Europe;Western and Central Europe;Croatia;Cannabis-type drugs;Cannabis resin (hashish);;Wholesale;2020;$4.233,41;$1.144,16;$4.347,83;Kilograms
Europe;Western and Central Europe;Croatia;Cannabis-type drugs;Cannabis resin (hashish);;Wholesale;2021;$4.389,09;$4.270,46;$5.456,70;Kilograms
Asia;South Asia;Austria;Cannabis-type drugs;Cannabis resin (hashish);;Wholesale;2022;$4.478,40;$2.634,35;$6.322,44;Kilograms
Africa;North Africa;United Arab Emirates;Cannabis-type drugs;Cannabis resin (hashish);;Wholesale;2020;$4.492,24;;;Kilograms
Africa;North Africa;Germany;Cannabis-type drugs;Cannabis resin (hashish);;Wholesale;2020;$4.496,57;$2.640,73;$5.844,39;Kilograms
Europe;Western and Central Europe;Kyrgyzstan;Cannabis-type drugs;Cannabis resin (hashish);;Wholesale;2022;$4.500,00;$2.000,00;$7.000,00;Kilograms
Europe;Western and Central Europe;Austria;Cannabis-type drugs;Cannabis resin (hashish);;Wholesale;2023;$4.540,54;$2.594,59;$6.486,49;Kilograms
Europe;Western and Central Europe;Germany;Cannabis-type drugs;Cannabis resin (hashish);;Wholesale;2021;$4.553,97;$1.779,36;$5.931,20;Kilograms
Africa;West and Central Africa;Belgium;Cannabis-type drugs;Cannabis resin (hashish);;Wholesale;2020;$4.691,08;$2.345,54;$7.437,07;Kilograms
Europe;Western and Central Europe;Denmark;Cannabis-type drugs;Cannabis resin (hashish);;Wholesale;2021;$4.744,96;$2.846,98;$9.489,92;Kilograms
Europe;Western and Central Europe;India;Cannabis-type drugs;Cannabis resin (hashish);;Wholesale;2023;$4.760,06;;;Kilograms
Europe;Western and Central Europe;Russian Federation;Cannabis-type drugs;Cannabis resin (hashish);;Wholesale;2020;$4.781,22;$3.415,16;$5.464,26;Kilograms
Europe;Western and Central Europe;China, Hong Kong SAR;Cannabis-type drugs;Cannabis resin (hashish);;Wholesale;2023;$4.791,11;$3.832,89;$5.749,33;Kilograms
Europe;Western and Central Europe;Austria;Cannabis-type drugs;Cannabis resin (hashish);;Wholesale;2020;$4.862,70;$2.860,41;$6.864,99;Kilograms
Asia;Central Asia and Transcaucasia;Algeria;Cannabis-type drugs;Cannabis resin (hashish);;Wholesale;2022;$4.942,35;$1.765,13;$5.648,40;Kilograms
Asia;South Asia;Belgium;Cannabis-type drugs;Cannabis resin (hashish);;Wholesale;2021;$5.033,21;$1.731,91;$7.354,69;Kilograms
Asia;Near and Middle East/ South-West Asia;Austria;Cannabis-type drugs;Cannabis resin (hashish);;Wholesale;2021;$5.041,52;$2.965,60;$7.117,44;Kilograms
Asia;Near and Middle East/ South-West Asia;Germany;Cannabis-type drugs;Cannabis resin (hashish);;Wholesale;2023;$5.078,92;$2.447,57;$6.859,46;Kilograms
Europe;Western and Central Europe;Kyrgyzstan;Cannabis-type drugs;Cannabis resin (hashish);;Wholesale;2023;$5.250,00;$2.500,00;$8.000,00;Kilograms
Africa;North Africa;Slovenia;Cannabis-type drugs;Cannabis resin (hashish);;Wholesale;2022;$5.268,70;$3.161,22;$5.795,57;Kilograms
Asia;East and South-East Asia;Romania;Cannabis-type drugs;Cannabis resin (hashish);;Wholesale;2022;$5.268,70;$4.214,96;$7.376,19;Kilograms
Europe;Western and Central Europe;Algeria;Cannabis-type drugs;Cannabis resin (hashish);;Wholesale;2023;$5.311,61;$2.065,63;$6.270,66;Kilograms
Europe;Western and Central Europe;Slovenia;Cannabis-type drugs;Cannabis resin (hashish);;Wholesale;2021;$5.338,08;$3.558,72;$6.524,32;Kilograms
Europe;Western and Central Europe;Denmark;Cannabis-type drugs;Cannabis resin (hashish);;Wholesale;2020;$5.370,57;$3.068,90;$6.905,02;Kilograms
Europe;Western and Central Europe;Slovenia;Cannabis-type drugs;Cannabis resin (hashish);;Wholesale;2023;$5.405,41;$3.243,24;$5.945,95;Kilograms
Asia;East and South-East Asia;Russian Federation;Cannabis-type drugs;Cannabis resin (hashish);;Wholesale;2023;$5.405,41;$3.891,89;$7.567,57;Kilograms
Europe;Western and Central Europe;Poland;Cannabis-type drugs;Cannabis resin (hashish);;Wholesale;2023;$5.468,38;$2.377,56;$9.510,22;Kilograms
Europe;Western and Central Europe;Belgium;Cannabis-type drugs;Cannabis resin (hashish);;Wholesale;2022;$5.479,45;$4.952,58;$5.879,87;Kilograms
Europe;Western and Central Europe;Romania;Cannabis-type drugs;Cannabis resin (hashish);;Wholesale;2020;$5.720,82;$4.576,66;$8.009,15;Kilograms
Europe;Western and Central Europe;Sweden;Cannabis-type drugs;Cannabis resin (hashish);;Wholesale;2020;$5.725,82;$3.271,89;$9.815,68;Kilograms
Europe;Western and Central Europe;Sweden;Cannabis-type drugs;Cannabis resin (hashish);;Wholesale;2021;$5.850,01;$3.510,00;$8.190,01;Kilograms
Europe;Western and Central Europe;Finland;Cannabis-type drugs;Cannabis resin (hashish);;Wholesale;2020;$6.292,91;;;Kilograms
Europe;South-Eastern Europe;Estonia;Cannabis-type drugs;Cannabis resin (hashish);;Wholesale;2022;$6.322,44;$3.161,22;$8.429,93;Kilograms
Europe;South-Eastern Europe;Saudi Arabia;Cannabis-type drugs;Cannabis resin (hashish);;Wholesale;2020;$6.393,18;$4.794,89;$7.991,48;Kilograms
Europe;Western and Central Europe;Estonia;Cannabis-type drugs;Cannabis resin (hashish);;Wholesale;2023;$6.486,49;$1.802,16;$14.054,05;Kilograms
Asia;Near and Middle East/ South-West Asia;Poland;Cannabis-type drugs;Cannabis resin (hashish);;Wholesale;2021;$7.016,63;$3.898,13;$14.293,14;Kilograms
Europe;Western and Central Europe;State of Palestine;Cannabis-type drugs;Cannabis resin (hashish);;Wholesale;2021;$7.100,00;$7.000,00;$7.200,00;Kilograms
Asia;Central Asia and Transcaucasia;Latvia;Cannabis-type drugs;Cannabis resin (hashish);;Wholesale;2021;$7.117,44;;;Kilograms
Europe;Western and Central Europe;Greece;Cannabis-type drugs;Cannabis resin (hashish);;Wholesale;2022;$7.903,06;$5.268,70;$10.537,41;Kilograms
Europe;Western and Central Europe;Greece;Cannabis-type drugs;Cannabis resin (hashish);;Wholesale;2023;$8.108,11;$5.405,41;$10.810,81;Kilograms
Europe;Western and Central Europe;Greece;Cannabis-type drugs;Cannabis resin (hashish);;Wholesale;2020;$8.581,24;$5.720,82;$11.441,65;Kilograms
Europe;Western and Central Europe;Greece;Cannabis-type drugs;Cannabis resin (hashish);;Wholesale;2021;$8.896,80;$5.931,20;$11.862,40;Kilograms
Asia;South Asia;Estonia;Cannabis-type drugs;Cannabis resin (hashish);;Wholesale;2021;$9.489,92;$8.303,68;$10.676,16;Kilograms
Europe;Eastern Europe;Bulgaria;Cannabis-type drugs;Cannabis resin (hashish);;Wholesale;2023;$9.679,20;$8.296,46;$11.061,95;Kilograms
Asia;East and South-East Asia;Republic of Moldova;Cannabis-type drugs;Cannabis resin (hashish);;Wholesale;2022;$15.806,11;;;Kilograms
Europe;Western and Central Europe;Republic of Moldova;Cannabis-type drugs;Cannabis resin (hashish);;Wholesale;2023;$16.216,22;;;Kilograms
Africa;North Africa;Republic of Moldova;Cannabis-type drugs;Cannabis resin (hashish);;Wholesale;2021;$17.793,59;;;Kilograms
Europe;Western and Central Europe;State of Palestine;Cannabis-type drugs;Cannabis resin (hashish);;Wholesale;2020;$21.875,00;;;Kilograms
Europe;Western and Central Europe;Qatar;Cannabis-type drugs;Cannabis resin (hashish);;Wholesale;2023;$21.923,81;$20.553,58;$24.664,29;Kilograms
Europe;Western and Central Europe;Portugal;Cannabis-type drugs;Cannabis/hashish oil;;Retail;2022;$6,56;;;Grams
Asia;Central Asia and Transcaucasia;Australia;Cannabis-type drugs;Cannabis/hashish oil;;Retail;2020;$6,91;;;Units
Europe;Western and Central Europe;Australia;Cannabis-type drugs;Cannabis/hashish oil;;Retail;2021;$7,52;;;Units
Europe;South-Eastern Europe;Poland;Cannabis-type drugs;Cannabis/hashish oil;;Retail;2020;$11,06;$11,06;$11,06;Millilitres
Africa;North Africa;Spain;Cannabis-type drugs;Cannabis/hashish oil;;Retail;2020;$14,53;$13,81;$15,30;Grams
Europe;Western and Central Europe;Spain;Cannabis-type drugs;Cannabis/hashish oil;;Retail;2023;$14,98;;;Grams
Europe;Western and Central Europe;Uruguay;Cannabis-type drugs;Cannabis/hashish oil;;Retail;2020;$16,70;$14,31;$23,85;Millilitres
Europe;Western and Central Europe;Mauritius;Cannabis-type drugs;Cannabis/hashish oil;;Retail;2021;$73,57;;;
Europe;Eastern Europe;China;Cannabis-type drugs;Cannabis/hashish oil;;Retail;2021;$77,89;;;Grams
Europe;Western and Central Europe;Republic of Korea;Cannabis-type drugs;Cannabis/hashish oil;;Retail;2023;$80,00;;;Millilitres
Europe;Western and Central Europe;India;Cannabis-type drugs;Cannabis/hashish oil;;Retail;2020;$1.997,03;;;Kilograms
Europe;South-Eastern Europe;India;Cannabis-type drugs;Cannabis/hashish oil;;Retail;2021;$4.135,99;;;Kilograms
Europe;Western and Central Europe;India;Cannabis-type drugs;Cannabis/hashish oil;;Retail;2023;$4.202,90;;;Kilograms
Europe;Western and Central Europe;India;Cannabis-type drugs;Cannabis/hashish oil;;Retail;2022;$5.357,28;;;Kilograms
Europe;Western and Central Europe;Saudi Arabia;Cannabis-type drugs;Cannabis/hashish oil;;Wholesale;2021;$0,00;;;
Europe;Western and Central Europe;Belarus;Cannabis-type drugs;Cannabis/hashish oil;;Wholesale;2020;$4,05;$2,02;$6,07;Grams
Asia;Near and Middle East/ South-West Asia;Paraguay;Cannabis-type drugs;Cannabis/hashish oil;;Wholesale;2022;$4,32;$3,60;$4,46;Millilitres
Europe;Western and Central Europe;Uruguay;Cannabis-type drugs;Cannabis/hashish oil;;Wholesale;2020;$16,70;$14,31;;Millilitres
Europe;Western and Central Europe;Qatar;Cannabis-type drugs;Cannabis/hashish oil;;Wholesale;2021;$43,54;;$43,54;Millilitres
Asia;Near and Middle East/ South-West Asia;Armenia;Cannabis-type drugs;Cannabis/hashish oil;;Wholesale;2020;$61,37;;;Grams
Europe;Western and Central Europe;China;Cannabis-type drugs;Cannabis/hashish oil;;Wholesale;2021;$64,26;;;Grams
Europe;Western and Central Europe;Mauritius;Cannabis-type drugs;Cannabis/hashish oil;;Wholesale;2023;$66,60;$0,02;;Millilitres
Europe;Western and Central Europe;Philippines;Cannabis-type drugs;Cannabis/hashish oil;;Wholesale;2023;$71,84;;;Millilitres
Europe;Western and Central Europe;Panama;Cannabis-type drugs;Cannabis/hashish oil;;Wholesale;2019;$200,00;$200,00;$350,00;Litres
Europe;Western and Central Europe;Poland;Cannabis-type drugs;Cannabis/hashish oil;;Wholesale;2020;$435,34;;;Litres
Europe;Western and Central Europe;United Kingdom;Cannabis-type drugs;Cannabis/hashish oil;;Wholesale;2020;$514,14;$257,07;$771,21;Units
Europe;South-Eastern Europe;India;Cannabis-type drugs;Cannabis/hashish oil;;Wholesale;2020;$944,54;;;Kilograms
Europe;Eastern Europe;India;Cannabis-type drugs;Cannabis/hashish oil;;Wholesale;2021;$1.356,06;;;Kilograms
Europe;Eastern Europe;India;Cannabis-type drugs;Cannabis/hashish oil;;Wholesale;2022;$1.913,31;;;Kilograms
Europe;Eastern Europe;Spain;Cannabis-type drugs;Cannabis/hashish oil;;Wholesale;2020;$2.386,73;$2.377,57;$2.395,88;Kilograms
Asia;Near and Middle East/ South-West Asia;Spain;Cannabis-type drugs;Cannabis/hashish oil;;Wholesale;2022;$2.403,58;;;Kilograms
Asia;Near and Middle East/ South-West Asia;Spain;Cannabis-type drugs;Cannabis/hashish oil;;Wholesale;2023;$2.445,41;;;Kilograms
Europe;Western and Central Europe;Spain;Cannabis-type drugs;Cannabis/hashish oil;;Wholesale;2021;$2.708,19;;;Kilograms
Oceania;Australia and New Zealand;India;Cannabis-type drugs;Cannabis/hashish oil;;Wholesale;2023;$2.785,79;;;Kilograms
Oceania;Australia and New Zealand;China, Macao SAR;Cannabis-type drugs;Cannabis-type drugs;;Retail;2023;;;$124,04;Grams
Europe;Western and Central Europe;Indonesia;Cannabis-type drugs;Cannabis-type drugs;;Retail;2022;;$0,10;$108,08;Grams
Europe;Western and Central Europe;Croatia;Cannabis-type drugs;Cannabis-type drugs;;Retail;2022;;$2,11;$5,27;Grams
Europe;Western and Central Europe;Bosnia and Herzegovina;Cannabis-type drugs;Cannabis-type drugs;;Retail;2023;;$2,77;$8,30;
Americas;South America;South Africa;Cannabis-type drugs;Cannabis-type drugs;;Retail;2023;;$4,78;$7,13;Grams
Africa;East Africa;Andorra;Cannabis-type drugs;Cannabis-type drugs;;Retail;2020;;$5,72;$11,44;Grams
Asia;East and South-East Asia;Serbia;Cannabis-type drugs;Cannabis-type drugs;;Retail;2022;;$10,54;$15,81;Grams
Asia;East and South-East Asia;Serbia;Cannabis-type drugs;Cannabis-type drugs;;Retail;2021;;$11,86;$17,79;
Asia;South Asia;Singapore;Cannabis-type drugs;Cannabis-type drugs;;Retail;2023;;$22,34;$22,34;Grams
Asia;South Asia;Singapore;Cannabis-type drugs;Cannabis-type drugs;;Retail;2021;;$37,26;$111,77;Grams
Asia;South Asia;Australia;Cannabis-type drugs;Cannabis-type drugs;;Retail;2023;;$79,63;$92,90;Units
Asia;South Asia;New Zealand;Cannabis-type drugs;Cannabis-type drugs;;Retail;2023;;$122,85;$307,13;Ounce
Asia;Near and Middle East/ South-West Asia;Zambia;Cannabis-type drugs;Cannabis-type drugs;;Retail;2022;$0,30;$0,06;$0,30;Grams
Europe;Eastern Europe;Honduras;Cannabis-type drugs;Cannabis-type drugs;;Retail;2022;$3,00;$1,00;$4,00;Units
Americas;South America;El Salvador;Cannabis-type drugs;Cannabis-type drugs;;Retail;2023;$3,00;$1,50;$3,53;Grams
Americas;South America;El Salvador;Cannabis-type drugs;Cannabis-type drugs;;Retail;2022;$3,00;$2,00;$5,00;Grams
Asia;Near and Middle East/ South-West Asia;El Salvador;Cannabis-type drugs;Cannabis-type drugs;;Retail;2021;$3,00;$3,00;$15,00;Units
Asia;Central Asia and Transcaucasia;United Kingdom;Cannabis-type drugs;Cannabis-type drugs;;Retail;2021;$3,96;$3,96;$6,88;Grams
Asia;East and South-East Asia;Ukraine;Cannabis-type drugs;Cannabis-type drugs;;Retail;2020;$4,57;$2,74;$7,31;Grams
Africa;East Africa;Andorra;Cannabis-type drugs;Cannabis-type drugs;;Retail;2022;$5,27;$4,74;$8,43;Grams
Asia;East and South-East Asia;Andorra;Cannabis-type drugs;Cannabis-type drugs;;Retail;2023;$5,41;$5,41;$8,65;Grams
Americas;Central America;Montenegro;Cannabis-type drugs;Cannabis-type drugs;;Retail;2023;$5,41;$5,41;$27,03;Grams
Europe;Western and Central Europe;Montenegro;Cannabis-type drugs;Cannabis-type drugs;;Retail;2021;$5,93;$5,93;$11,86;Grams
Europe;Western and Central Europe;Tajikistan;Cannabis-type drugs;Cannabis-type drugs;;Retail;2021;$6,00;$3,00;$10,00;Grams
Asia;South Asia;Türkiye;Cannabis-type drugs;Cannabis-type drugs;;Retail;2022;$6,59;;;Grams
Asia;South Asia;Türkiye;Cannabis-type drugs;Cannabis-type drugs;;Retail;2021;$6,76;;;Grams
Asia;South Asia;Tajikistan;Cannabis-type drugs;Cannabis-type drugs;;Retail;2023;$7,00;$5,00;$10,00;Grams
Europe;Western and Central Europe;Türkiye;Cannabis-type drugs;Cannabis-type drugs;;Retail;2023;$7,30;;;Grams
Europe;Western and Central Europe;Türkiye;Cannabis-type drugs;Cannabis-type drugs;;Retail;2020;$8,32;;;Grams
Europe;Western and Central Europe;Hungary;Cannabis-type drugs;Cannabis-type drugs;;Retail;2023;$11,34;$7,09;$17,01;Grams
Europe;Western and Central Europe;Slovakia;Cannabis-type drugs;Cannabis-type drugs;;Retail;2021;$11,86;$5,93;$17,79;Grams
Asia;South Asia;Latvia;Cannabis-type drugs;Cannabis-type drugs;;Retail;2022;$12,64;$12,64;$15,81;Grams
Asia;East and South-East Asia;Latvia;Cannabis-type drugs;Cannabis-type drugs;;Retail;2021;$14,23;$8,30;$23,72;Grams
Asia;East and South-East Asia;Mauritius;Cannabis-type drugs;Cannabis-type drugs;;Retail;2021;$14,71;;;
Europe;South-Eastern Europe;Bulgaria;Cannabis-type drugs;Cannabis-type drugs;;Retail;2021;$15,17;$12,14;$18,20;Kilograms
Europe;South-Eastern Europe;Tunisia;Cannabis-type drugs;Cannabis-type drugs;;Retail;2021;$18,09;$10,85;$25,33;Grams
Africa;Southern Africa;Iceland;Cannabis-type drugs;Cannabis-type drugs;;Retail;2021;$21,00;;;Grams
Europe;Western and Central Europe;Cyprus;Cannabis-type drugs;Cannabis-type drugs;;Retail;2022;$21,07;$4,21;$413,97;Grams
Europe;South-Eastern Europe;Estonia;Cannabis-type drugs;Cannabis-type drugs;;Retail;2022;$21,07;$15,81;$26,34;Grams
Europe;South-Eastern Europe;Singapore;Cannabis-type drugs;Cannabis-type drugs;;Retail;2022;$21,75;;;Grams
Asia;East and South-East Asia;Cyprus;Cannabis-type drugs;Cannabis-type drugs;;Retail;2020;$22,88;$0,43;$457,67;Grams
Asia;East and South-East Asia;Finland;Cannabis-type drugs;Cannabis-type drugs;;Retail;2021;$23,72;;;Grams
Oceania;Australia and New Zealand;Cyprus;Cannabis-type drugs;Cannabis-type drugs;;Retail;2021;$23,72;$1,39;$288,09;Grams
Oceania;Australia and New Zealand;Estonia;Cannabis-type drugs;Cannabis-type drugs;;Retail;2021;$23,72;$23,72;$35,59;Grams
Africa;Southern Africa;Estonia;Cannabis-type drugs;Cannabis-type drugs;;Retail;2020;$28,60;$22,88;$34,32;Grams
Americas;Central America;Israel;Cannabis-type drugs;Cannabis-type drugs;;Retail;2021;$30,88;;;Grams
Americas;Central America;Armenia;Cannabis-type drugs;Cannabis-type drugs;;Retail;2022;$34,65;$30,03;$46,20;Grams
Americas;Central America;China;Cannabis-type drugs;Cannabis-type drugs;;Retail;2020;$62,65;;;Grams
Americas;Central America;China;Cannabis-type drugs;Cannabis-type drugs;;Retail;2022;$65,24;;;Grams
Europe;Western and Central Europe;Singapore;Cannabis-type drugs;Cannabis-type drugs;;Retail;2020;$72,57;;;Grams
Europe;Eastern Europe;Poland;Cannabis-type drugs;Cannabis-type drugs;;Retail;2022;$148,31;$148,31;$148,31;Units
Europe;Western and Central Europe;Sri Lanka;Cannabis-type drugs;Cannabis-type drugs;;Retail;2020;$700,43;;;Kilograms
Europe;Western and Central Europe;Tajikistan;Cannabis-type drugs;Cannabis-type drugs;;Retail;2022;$2.000,00;$700,00;$3.000,00;Kilograms
Europe;South-Eastern Europe;United States of America;Cannabis-type drugs;Cannabis-type drugs;;Retail;2021;$5.000,00;$4.000,00;$6.000,00;Kilograms
Europe;South-Eastern Europe;Kazakhstan;Cannabis-type drugs;Cannabis-type drugs;;Wholesale;2021;;$2,35;$7,05;Grams
Asia;Central Asia and Transcaucasia;Latvia;Cannabis-type drugs;Cannabis-type drugs;;Wholesale;2022;;$3,16;$6,32;Kilograms
Europe;South-Eastern Europe;Thailand;Cannabis-type drugs;Cannabis-type drugs;;Wholesale;2022;;$4,49;$8,21;Kilograms
Europe;South-Eastern Europe;Croatia;Cannabis-type drugs;Cannabis-type drugs;;Wholesale;2022;;$167,88;$391,72;Kilograms
Asia;Central Asia and Transcaucasia;Timor-Leste;Cannabis-type drugs;Cannabis-type drugs;;Wholesale;2023;;$200,00;$300,00;Grams
Europe;South-Eastern Europe;Kazakhstan;Cannabis-type drugs;Cannabis-type drugs;;Wholesale;2020;;$240,39;$1.201,96;Kilograms
Europe;South-Eastern Europe;Malaysia;Cannabis-type drugs;Cannabis-type drugs;;Wholesale;2020;;$428,37;$594,95;Kilograms
Europe;Western and Central Europe;Serbia;Cannabis-type drugs;Cannabis-type drugs;;Wholesale;2022;;$1.580,61;$2.212,86;Kilograms
Europe;Western and Central Europe;Serbia;Cannabis-type drugs;Cannabis-type drugs;;Wholesale;2021;;$1.779,36;$2.491,10;Kilograms
Europe;Western and Central Europe;Azerbaijan;Cannabis-type drugs;Cannabis-type drugs;;Wholesale;2023;;$4.000,00;$7.000,00;Kilograms
Europe;Western and Central Europe;Israel;Cannabis-type drugs;Cannabis-type drugs;;Wholesale;2021;;$4.014,82;$11.426,81;Kilograms
Africa;East Africa;Iraq;Cannabis-type drugs;Cannabis-type drugs;;Wholesale;2022;$0,01;$0,01;$0,02;Grams
Europe;South-Eastern Europe;Iraq;Cannabis-type drugs;Cannabis-type drugs;;Wholesale;2021;$0,01;$0,01;$0,01;Grams
Africa;North Africa;Panama;Cannabis-type drugs;Cannabis-type drugs;;Wholesale;2023;$4,00;$3,00;$5,00;Units
Europe;Western and Central Europe;Panama;Cannabis-type drugs;Cannabis-type drugs;;Wholesale;2022;$5,00;$3,00;$7,00;Grams
Europe;Western and Central Europe;Gibraltar;Cannabis-type drugs;Cannabis-type drugs;;Wholesale;2021;$6,88;$4,13;$13,76;Grams
Europe;Western and Central Europe;Togo;Cannabis-type drugs;Cannabis-type drugs;;Wholesale;2023;$9,89;$18,14;$54,41;Kilograms
Asia;East and South-East Asia;Poland;Cannabis-type drugs;Cannabis-type drugs;;Wholesale;2022;$10,56;$6,74;$19,62;Grams
Europe;Western and Central Europe;Zambia;Cannabis-type drugs;Cannabis-type drugs;;Wholesale;2021;$12,48;;;Kilograms
Europe;Western and Central Europe;Latvia;Cannabis-type drugs;Cannabis-type drugs;;Wholesale;2020;$13,73;$8,01;$22,88;Grams
Europe;Western and Central Europe;China;Cannabis-type drugs;Cannabis-type drugs;;Wholesale;2022;$18,62;;;Grams
Europe;Western and Central Europe;Togo;Cannabis-type drugs;Cannabis-type drugs;;Wholesale;2022;$24,09;$16,06;$32,12;Kilograms
Europe;Western and Central Europe;Armenia;Cannabis-type drugs;Cannabis-type drugs;;Wholesale;2021;$25,87;$19,90;$29,85;Grams
Asia;Near and Middle East/ South-West Asia;Armenia;Cannabis-type drugs;Cannabis-type drugs;;Wholesale;2022;$27,72;$23,10;$34,65;Grams
Asia;Central Asia and Transcaucasia;China;Cannabis-type drugs;Cannabis-type drugs;;Wholesale;2020;$49,00;$12,68;$217,39;Grams
Asia;East and South-East Asia;Zambia;Cannabis-type drugs;Cannabis-type drugs;;Wholesale;2023;$63,00;$63,00;$70,00;Kilograms
Asia;East and South-East Asia;Senegal;Cannabis-type drugs;Cannabis-type drugs;;Wholesale;2022;$72,28;$64,25;$128,50;Kilograms
Asia;East and South-East Asia;El Salvador;Cannabis-type drugs;Cannabis-type drugs;;Wholesale;2021;$160,00;$120,00;$180,00;Kilograms
Europe;Western and Central Europe;Australia;Cannabis-type drugs;Cannabis-type drugs;;Wholesale;2023;$179,16;;;Units
Asia;South Asia;El Salvador;Cannabis-type drugs;Cannabis-type drugs;;Wholesale;2022;$200,00;$150,00;$200,00;Pounds
Asia;Central Asia and Transcaucasia;Tajikistan;Cannabis-type drugs;Cannabis-type drugs;;Wholesale;2020;$800,00;$100,00;$1.100,00;Kilograms
Americas;North America;Tajikistan;Cannabis-type drugs;Cannabis-type drugs;;Wholesale;2021;$1.000,00;$200,00;$2.000,00;Kilograms
Asia;Central Asia and Transcaucasia;Montenegro;Cannabis-type drugs;Cannabis-type drugs;;Wholesale;2023;$1.297,30;$1.081,08;$2.054,05;Kilograms
Europe;Western and Central Europe;United Kingdom;Cannabis-type drugs;Cannabis-type drugs;;Wholesale;2021;$1.375,52;$825,31;$1.650,62;Kilograms
Asia;East and South-East Asia;Singapore;Cannabis-type drugs;Cannabis-type drugs;;Wholesale;2023;$1.489,20;;;Kilograms
Europe;South-Eastern Europe;Tajikistan;Cannabis-type drugs;Cannabis-type drugs;;Wholesale;2022;$1.500,00;$200,00;$1.500,00;Kilograms
Asia;East and South-East Asia;Ukraine;Cannabis-type drugs;Cannabis-type drugs;;Wholesale;2020;$1.826,28;$913,14;$2.739,43;Kilograms
Asia;Central Asia and Transcaucasia;Singapore;Cannabis-type drugs;Cannabis-type drugs;;Wholesale;2022;$2.139,23;;;Kilograms
Asia;East and South-East Asia;Serbia;Cannabis-type drugs;Cannabis-type drugs;;Wholesale;2020;$2.288,33;$1.716,25;$2.402,75;Kilograms
Europe;South-Eastern Europe;Tajikistan;Cannabis-type drugs;Cannabis-type drugs;;Wholesale;2023;$2.500,00;$800,00;$3.500,00;Kilograms
Europe;South-Eastern Europe;El Salvador;Cannabis-type drugs;Cannabis-type drugs;;Wholesale;2023;$2.500,00;$2.000,00;$3.500,00;Kilograms
Asia;Central Asia and Transcaucasia;Singapore;Cannabis-type drugs;Cannabis-type drugs;;Wholesale;2021;$3.166,92;;;Kilograms
Asia;Near and Middle East/ South-West Asia;Bulgaria;Cannabis-type drugs;Cannabis-type drugs;;Wholesale;2021;$3.792,48;$3.033,98;$4.550,97;Kilograms
Asia;Near and Middle East/ South-West Asia;Singapore;Cannabis-type drugs;Cannabis-type drugs;;Wholesale;2020;$4.716,98;;;Kilograms
Asia;Near and Middle East/ South-West Asia;Estonia;Cannabis-type drugs;Cannabis-type drugs;;Wholesale;2020;$8.009,15;$6.864,99;$10.297,48;Kilograms
Americas;Central America;Tunisia;Cannabis-type drugs;Cannabis-type drugs;;Wholesale;2021;$9.044,86;$7.235,89;$10.853,84;Kilograms
Americas;Central America;Estonia;Cannabis-type drugs;Cannabis-type drugs;;Wholesale;2021;$9.489,92;$7.117,44;$10.676,16;Kilograms
Europe;Western and Central Europe;Portugal;Cannabis-type drugs (excluding synthetic cannabinoids);Other types of cannabis;Cannabis (Candy);Retail;2022;$0,06;;;Units
Africa;West and Central Africa;Portugal;Cannabis-type drugs (excluding synthetic cannabinoids);Other types of cannabis;Cannabis (Seed);Retail;2022;$1,30;;;Grams
Europe;Western and Central Europe;Portugal;Cannabis-type drugs (excluding synthetic cannabinoids);Other types of cannabis;Cannabis (Gum);Retail;2022;$2,76;;;Grams
Africa;Southern Africa;Portugal;Cannabis-type drugs (excluding synthetic cannabinoids);Other types of cannabis;Cannabis (Leaf);Retail;2022;$5,24;;;Grams
Europe;Western and Central Europe;Portugal;Cannabis-type drugs (excluding synthetic cannabinoids);Other types of cannabis;Cannabis (Oil);Retail;2022;$6,56;;;Units
Asia;East and South-East Asia;Türkiye;Cannabis-type drugs (excluding synthetic cannabinoids);Other types of cannabis;Skunk;Retail;2023;$8,57;;;Grams
Africa;West and Central Africa;Türkiye;Cannabis-type drugs (excluding synthetic cannabinoids);Other types of cannabis;Skunk;Retail;2022;$10,73;;;Grams
Asia;Central Asia and Transcaucasia;Türkiye;Cannabis-type drugs (excluding synthetic cannabinoids);Other types of cannabis;;Retail;2020;$11,29;;;Grams
Asia;Central Asia and Transcaucasia;Portugal;Cannabis-type drugs (excluding synthetic cannabinoids);Other types of cannabis;Cannabis (Plant);Retail;2022;$62,11;;;Units
Asia;East and South-East Asia;Guatemala;Cocaine-type;Coca bush;;Retail;2023;$1,30;;;Units
Africa;Southern Africa;Uruguay;Cocaine-type;Coca paste/cocaine base;Coca paste;Retail;2019;$1,14;$0,86;$1,43;Gram
Africa;West and Central Africa;Ecuador;Cocaine-type;Coca paste/cocaine base;Cocaine base;Retail;2019;$2,42;$1,00;$15,00;Gram
Americas;Central America;Bolivia (Plurinational State of);Cocaine-type;Coca paste/cocaine base;Cocaine base;Retail;2019;$2,90;$4,35;$5,80;Gram
Oceania;Australia and New Zealand;Honduras;Cocaine-type;Coca paste/cocaine base;Cocaine base;Retail;2019;$5,30;$4,07;$6,11;Rock
Americas;Central America;Chile;Cocaine-type;Coca paste/cocaine base;;Retail;2019;$10,61;$3,54;$14,15;Gram
Asia;Central Asia and Transcaucasia;Ireland;Cocaine-type;Coca paste/cocaine base;Cocaine base;Retail;2019;$78,39;;;Gram
Asia;Central Asia and Transcaucasia;Peru;Cocaine-type;Coca paste/cocaine base;;Wholesale;2019;$796,35;$555,90;$1.294,77;Kilogram
Europe;South-Eastern Europe;Bolivia (Plurinational State of);Cocaine-type;Coca paste/cocaine base;Cocaine base;Wholesale;2019;$1.500,00;$1.300,00;$2.000,00;Kilogram
Europe;Western and Central Europe;Ecuador;Cocaine-type;Coca paste/cocaine base;Cocaine base;Wholesale;2019;$1.800,00;$700,00;$5.000,00;Kilogram
Asia;East and South-East Asia;Uruguay;Cocaine-type;Coca paste/cocaine base;Coca paste;Wholesale;2019;$4.250,00;$3.500,00;$5.000,00;Kilogram
Asia;Central Asia and Transcaucasia;Chile;Cocaine-type;Coca paste/cocaine base;;Wholesale;2019;$5.188,52;$1.273,55;$14.150,52;Kilogram
Europe;Eastern Europe;Philippines;Cocaine-type;Cocaine salts;;Retail;2019;;$22,16;$116,59;Gram
Asia;East and South-East Asia;Albania;Cocaine-type;Cocaine salts;;Retail;2019;;$55,99;$78,39;Gram
Europe;South-Eastern Europe;North Macedonia;Cocaine-type;Cocaine salts;;Retail;2019;;$67,19;$111,98;Gram
Asia;Central Asia and Transcaucasia;Romania;Cocaine-type;Cocaine salts;;Retail;2019;;$67,19;$111,98;Gram
Americas;Central America;Serbia;Cocaine-type;Cocaine salts;;Retail;2019;;$67,19;$111,98;Gram
Asia;East and South-East Asia;India;Cocaine-type;Cocaine salts;;Retail;2019;;$71,06;$142,12;Gram
Europe;South-Eastern Europe;Montenegro;Cocaine-type;Cocaine salts;;Retail;2019;;$89,59;$111,98;Gram
Asia;East and South-East Asia;Egypt;Cocaine-type;Cocaine salts;;Retail;2019;;$118,42;$148,03;Gram
Europe;Western and Central Europe;Australia;Cocaine-type;Cocaine salts;;Retail;2019;;$208,77;$382,74;Gram
Africa;North Africa;Bolivia (Plurinational State of);Cocaine-type;Cocaine salts;;Retail;2019;$4,35;$5,80;$7,25;Gram
Europe;Western and Central Europe;Ecuador;Cocaine-type;Cocaine salts;;Retail;2019;$4,35;$1,00;$10,00;Gram
Europe;Western and Central Europe;Costa Rica;Cocaine-type;Cocaine salts;;Retail;2019;$6,01;;;Dose
Europe;Western and Central Europe;Honduras;Cocaine-type;Cocaine salts;;Retail;2019;$10,18;$4,07;$20,37;Unit
Europe;Western and Central Europe;Mexico;Cocaine-type;Cocaine salts;;Retail;2019;$10,73;$4,63;$23,14;Dose
Europe;Western and Central Europe;Uruguay;Cocaine-type;Cocaine salts;;Retail;2019;$17,16;$14,30;$20,02;Gram
Europe;Western and Central Europe;Chile;Cocaine-type;Cocaine salts;;Retail;2019;$18,54;$7,08;$28,30;Gram
Europe;South-Eastern Europe;El Salvador;Cocaine-type;Cocaine salts;;Retail;2019;$20,00;$15,00;$25,14;Gram
Europe;South-Eastern Europe;Guatemala;Cocaine-type;Cocaine salts;;Retail;2019;$22,72;$19,47;$32,45;Gram
Europe;South-Eastern Europe;Portugal;Cocaine-type;Cocaine salts;;Retail;2019;$36,73;$3,29;$74,66;Gram
Europe;Western and Central Europe;Belgium;Cocaine-type;Cocaine salts;;Retail;2019;$56,89;$29,12;$134,38;Gram
Americas;Central America;Türkiye;Cocaine-type;Cocaine salts;;Retail;2019;$63,84;;;Gram
Americas;South America;Spain;Cocaine-type;Cocaine salts;;Retail;2019;$66,88;;;Gram
Americas;South America;Hungary;Cocaine-type;Cocaine salts;;Retail;2019;$69,88;$55,88;$122,28;Gram
Americas;South America;Lithuania;Cocaine-type;Cocaine salts;;Retail;2019;$70,55;$67,19;$100,78;Gram
Americas;Central America;Bulgaria;Cocaine-type;Cocaine salts;;Retail;2019;$74,41;$57,24;$91,59;Gram
Americas;South America;Luxembourg;Cocaine-type;Cocaine salts;;Retail;2019;$76,52;$5,71;$223,96;Gram
Europe;Western and Central Europe;Poland;Cocaine-type;Cocaine salts;;Retail;2019;$76,92;$62,89;$90,96;Gram
Americas;South America;Germany;Cocaine-type;Cocaine salts;;Retail;2019;$77,83;$48,94;$133,26;Gram
Americas;South America;Zambia;Cocaine-type;Cocaine salts;;Retail;2019;$77,90;$46,74;$116,85;Gram
Americas;South America;Ireland;Cocaine-type;Cocaine salts;;Retail;2019;$78,39;;;Gram
Americas;South America;Slovakia;Cocaine-type;Cocaine salts;;Retail;2019;$78,39;$44,79;$134,38;Gram
Americas;South America;France;Cocaine-type;Cocaine salts;;Retail;2019;$78,39;$55,99;$89,59;Gram
Asia;East and South-East Asia;Sweden;Cocaine-type;Cocaine salts;;Retail;2019;$84,68;$74,10;$148,20;Gram
Europe;South-Eastern Europe;Czechia;Cocaine-type;Cocaine salts;;Retail;2019;$87,35;$43,67;$152,74;Gram
Europe;South-Eastern Europe;Italy;Cocaine-type;Cocaine salts;;Retail;2019;$89,43;$77,53;$101,34;Gram
Europe;South-Eastern Europe;Greece;Cocaine-type;Cocaine salts;;Retail;2019;$95,18;$55,99;$134,38;Gram
Europe;South-Eastern Europe;Cyprus;Cocaine-type;Cocaine salts;;Retail;2019;$98,54;$29,90;$319,93;Gram
Asia;South Asia;Kenya;Cocaine-type;Cocaine salts;;Retail;2019;$100,00;$100,00;$200,00;Gram
Europe;South-Eastern Europe;Liechtenstein;Cocaine-type;Cocaine salts;;Retail;2019;$100,50;$90,45;$120,60;Gram
Africa;North Africa;Iceland;Cocaine-type;Cocaine salts;;Retail;2019;$101,49;;;Gram
Oceania;Australia and New Zealand;United Kingdom;Cocaine-type;Cocaine salts;;Retail;2019;$101,78;$50,89;$152,67;Gram
Americas;South America;Morocco;Cocaine-type;Cocaine salts;;Retail;2019;$103,85;$72,70;$155,78;Gram
Americas;South America;Denmark;Cocaine-type;Cocaine salts;;Retail;2019;$104,98;$74,99;$119,98;Gram
Americas;Central America;Pakistan;Cocaine-type;Cocaine salts;;Retail;2019;$106,42;$109,75;$103,10;Gram
Americas;Central America;Finland;Cocaine-type;Cocaine salts;;Retail;2019;$111,98;$55,99;$167,97;Gram
Americas;North America;Latvia;Cocaine-type;Cocaine salts;;Retail;2019;$111,98;$100,78;$134,38;Gram
Americas;South America;United States of America;Cocaine-type;Cocaine salts;;Retail;2019;$120,00;;;Gram
Americas;South America;Russian Federation;Cocaine-type;Cocaine salts;;Retail;2019;$122,84;$92,13;$153,54;Gram
Americas;Central America;China;Cocaine-type;Cocaine salts;;Retail;2019;$127,21;;$376,92;Gram
Americas;Central America;Tunisia;Cocaine-type;Cocaine salts;;Retail;2019;$129,34;$129,34;$136,15;Gram
Europe;Western and Central Europe;Republic of Moldova;Cocaine-type;Cocaine salts;;Retail;2019;$134,38;;;Gram
Europe;Western and Central Europe;Ukraine;Cocaine-type;Cocaine salts;;Retail;2019;$140,00;$100,00;$200,00;Gram
Europe;South-Eastern Europe;Estonia;Cocaine-type;Cocaine salts;;Retail;2019;$145,58;$134,38;$167,97;Gram
Europe;Western and Central Europe;China, Hong Kong SAR;Cocaine-type;Cocaine salts;;Retail;2019;$150,23;$119,29;$181,17;Gram
Europe;Western and Central Europe;Indonesia;Cocaine-type;Cocaine salts;;Retail;2019;$179,00;;;Gram
Europe;Western and Central Europe;Japan;Cocaine-type;Cocaine salts;;Retail;2019;$183,04;;;Gram
Europe;South-Eastern Europe;Belarus;Cocaine-type;Cocaine salts;;Retail;2019;$195,00;$170,00;$220,00;Gram
Europe;Western and Central Europe;Nepal;Cocaine-type;Cocaine salts;;Retail;2019;$221,91;$177,53;$266,30;Gram
Europe;Western and Central Europe;New Zealand;Cocaine-type;Cocaine salts;;Retail;2019;$230,41;$230,41;$230,41;Gram
Europe;Western and Central Europe;Kuwait;Cocaine-type;Cocaine salts;;Retail;2019;$328,95;;;Gram
Africa;Southern Africa;China, Macao SAR;Cocaine-type;Cocaine salts;;Retail;2019;$413,00;$300,00;$510,00;Gram
Europe;Western and Central Europe;Kenya;Cocaine-type;Cocaine salts;;Wholesale;2019;;$12.000,00;$15.000,00;Kilogram
Europe;Western and Central Europe;India;Cocaine-type;Cocaine salts;;Wholesale;2019;;$28.423,22;$71.058,05;Kilogram
Europe;Western and Central Europe;Serbia;Cocaine-type;Cocaine salts;;Wholesale;2019;;$33.594,62;$44.792,83;Kilogram
Europe;Western and Central Europe;Czechia;Cocaine-type;Cocaine salts;;Wholesale;2019;;$38.073,91;$62.709,97;Kilogram
Europe;Western and Central Europe;Montenegro;Cocaine-type;Cocaine salts;;Wholesale;2019;;$39.193,73;$44.792,83;Kilogram
Europe;Western and Central Europe;North Macedonia;Cocaine-type;Cocaine salts;;Wholesale;2019;;$39.193,73;$50.391,94;Kilogram
Europe;Western and Central Europe;Romania;Cocaine-type;Cocaine salts;;Wholesale;2019;;$39.193,73;$78.387,46;Kilogram
Europe;Western and Central Europe;Oman;Cocaine-type;Cocaine salts;Crystall;Wholesale;2019;;$51.948,05;$64.935,06;Kilogram
Africa;East Africa;Egypt;Cocaine-type;Cocaine salts;;Wholesale;2019;;$59.210,14;$88.815,21;Kilogram
Europe;Western and Central Europe;Australia;Cocaine-type;Cocaine salts;;Wholesale;2019;;$114.822,55;$146.137,79;Kilogram
Europe;Western and Central Europe;Portugal;Cocaine-type;Cocaine salts;;Wholesale;2019;$22,88;$10,62;$35,13;Gram
Europe;Western and Central Europe;China;Cocaine-type;Cocaine salts;;Wholesale;2019;$69,38;;$173,96;Gram
Africa;North Africa;Belarus;Cocaine-type;Cocaine salts;;Wholesale;2019;$90,00;$60,00;$120,00;Gram
Europe;Western and Central Europe;Tunisia;Cocaine-type;Cocaine salts;;Wholesale;2019;$119,13;$108,92;$122,53;Gram
Asia;Near and Middle East/ South-West Asia;Peru;Cocaine-type;Cocaine salts;;Wholesale;2020;$1.310,19;$1.135,21;$1.508,89;Kilogram
Europe;Western and Central Europe;Colombia;Cocaine-type;Cocaine salts;;Wholesale;2019;$1.490,67;;;Kilogram
Europe;Western and Central Europe;Peru;Cocaine-type;Cocaine salts;;Wholesale;2019;$1.578,36;$1.101,64;$2.817,31;Kilogram
Americas;North America;Ecuador;Cocaine-type;Cocaine salts;;Wholesale;2019;$2.000,00;$900,00;$5.000,00;Kilogram
Europe;Eastern Europe;Bolivia (Plurinational State of);Cocaine-type;Cocaine salts;;Wholesale;2019;$2.600,00;$2.500,00;$3.000,00;Kilogram
Asia;East and South-East Asia;Uruguay;Cocaine-type;Cocaine salts;;Wholesale;2019;$7.250,00;$6.500,00;$8.000,00;Kilogram
Africa;North Africa;Chile;Cocaine-type;Cocaine salts;;Wholesale;2019;$8.795,66;$3.537,63;$28.301,03;Kilogram
Europe;Eastern Europe;Mexico;Cocaine-type;Cocaine salts;;Wholesale;2019;$12.433,23;$6.940,59;$17.000,00;Kilogram
Europe;Eastern Europe;El Salvador;Cocaine-type;Cocaine salts;;Wholesale;2019;$13.000,00;$12.500,00;$14.500,00;Kilogram
Europe;Western and Central Europe;Guatemala;Cocaine-type;Cocaine salts;;Wholesale;2019;$13.336,16;$12.980,27;$14.927,31;Kilogram
Asia;East and South-East Asia;Honduras;Cocaine-type;Cocaine salts;;Wholesale;2019;$15.000,00;$10.000,00;$20.000,00;Kilogram
Asia;East and South-East Asia;Ireland;Cocaine-type;Cocaine salts;;Wholesale;2019;$27.995,52;$25.195,97;$33.594,62;Kilogram
Asia;East and South-East Asia;United States of America;Cocaine-type;Cocaine salts;;Wholesale;2019;$29.000,00;;;Kilogram
Europe;Eastern Europe;Poland;Cocaine-type;Cocaine salts;;Wholesale;2019;$31.185,03;;;Kilogram
Asia;South Asia;Belgium;Cocaine-type;Cocaine salts;;Wholesale;2019;$32.350,50;$24.636,06;$67.189,25;Kilogram
Oceania;Australia and New Zealand;France;Cocaine-type;Cocaine salts;;Wholesale;2019;$34.714,45;$27.995,52;$42.553,19;Kilogram
Asia;Near and Middle East/ South-West Asia;Denmark;Cocaine-type;Cocaine salts;;Wholesale;2019;$37.492,50;$29.994,00;$44.991,00;Kilogram
Asia;East and South-East Asia;Spain;Cocaine-type;Cocaine salts;;Wholesale;2019;$38.076,15;;;Kilogram
Africa;East Africa;Sweden;Cocaine-type;Cocaine salts;;Wholesale;2019;$38.107,34;$8.732,93;$52.926,86;Kilogram
Asia;South Asia;Estonia;Cocaine-type;Cocaine salts;;Wholesale;2019;$39.193,73;$33.594,62;$44.792,83;Kilogram
Europe;South-Eastern Europe;Albania;Cocaine-type;Cocaine salts;;Wholesale;2019;$39.193,73;$39.193,73;$44.792,83;Kilogram
Europe;Western and Central Europe;Ukraine;Cocaine-type;Cocaine salts;;Wholesale;2019;$40.000,00;$30.000,00;$50.000,00;Kilogram
Europe;South-Eastern Europe;Lebanon;Cocaine-type;Cocaine salts;;Wholesale;2019;$40.000,00;$30.000,00;$60.000,00;Kilogram
Europe;South-Eastern Europe;Bosnia and Herzegovina;Cocaine-type;Cocaine salts;;Wholesale;2019;$40.068,69;;;Kilogram
Europe;South-Eastern Europe;Lithuania;Cocaine-type;Cocaine salts;;Wholesale;2019;$41.433,37;$33.258,68;$51.511,76;Kilogram
Asia;Near and Middle East/ South-West Asia;Greece;Cocaine-type;Cocaine salts;;Wholesale;2019;$42.553,19;$31.354,98;$53.751,40;Kilogram
Africa;North Africa;Italy;Cocaine-type;Cocaine salts;;Wholesale;2019;$42.891,67;$39.267,18;$46.516,16;Kilogram
Oceania;Australia and New Zealand;United Kingdom;Cocaine-type;Cocaine salts;;Wholesale;2019;$44.529,26;$20.356,23;$50.890,59;Kilogram
Europe;Western and Central Europe;Latvia;Cocaine-type;Cocaine salts;;Wholesale;2019;$44.792,83;$33.594,62;$55.991,04;Kilogram
Asia;East and South-East Asia;Germany;Cocaine-type;Cocaine salts;;Wholesale;2019;$46.920,49;$34.014,56;$63.969,76;Kilogram
Europe;Eastern Europe;Bulgaria;Cocaine-type;Cocaine salts;;Wholesale;2019;$47.223,81;$45.792,79;$48.654,84;Kilogram
Africa;North Africa;Pakistan;Cocaine-type;Cocaine salts;;Wholesale;2019;$53.211,30;$54.874,16;$51.548,45;Kilogram
Americas;South America;Zambia;Cocaine-type;Cocaine salts;;Wholesale;2019;$54.529,87;$38.949,91;$77.899,82;Kilogram
Americas;South America;Russian Federation;Cocaine-type;Cocaine salts;;Wholesale;2019;$56.811,20;$53.740,33;$61.417,52;Kilogram
Americas;South America;Morocco;Cocaine-type;Cocaine salts;;Wholesale;2019;$62.311,77;$41.541,18;$83.082,36;Kilogram
Americas;South America;China, Hong Kong SAR;Cocaine-type;Cocaine salts;;Wholesale;2019;$72.510,02;$43.591,09;$101.428,94;Kilogram
Americas;South America;Finland;Cocaine-type;Cocaine salts;;Wholesale;2019;$89.585,67;;;Kilogram
Americas;South America;Sri Lanka;Cocaine-type;Cocaine salts;;Wholesale;2019;$101.152,35;$101.152,35;$101.152,35;Kilogram
Americas;South America;Kuwait;Cocaine-type;Cocaine salts;;Wholesale;2019;$213.815,79;;;Kilogram
Americas;North America;Costa Rica;Cocaine-type;Crack;;Retail;2019;$1,39;;;Rock
Americas;Central America;El Salvador;Cocaine-type;Crack;;Retail;2019;$2,00;$2,00;$5,00;Gram
Americas;Central America;Germany;Cocaine-type;Crack;;Retail;2019;$41,99;$42,55;$75,59;Gram
Americas;Central America;United Kingdom;Cocaine-type;Crack;;Retail;2019;$76,34;$76,34;$101,78;Gram
Europe;Western and Central Europe;United States of America;Cocaine-type;Crack;;Retail;2019;$80,00;;;Gram
Americas;North America;China, Hong Kong SAR;Cocaine-type;Crack;;Retail;2019;$170,26;$121,84;$218,68;Gram
Europe;Western and Central Europe;Saudi Arabia;Cocaine-type;Crack;;Retail;2019;$293,26;;;Gram
Europe;Western and Central Europe;El Salvador;Cocaine-type;Crack;;Wholesale;2019;$450,00;$400,00;$500,00;Ounce
Europe;Western and Central Europe;United Kingdom;Cocaine-type;Crack;;Wholesale;2019;$1.272,26;$890,59;$1.908,40;Ounce
Europe;Western and Central Europe;Guatemala;Cocaine-type;Crack;;Wholesale;2019;$9.251,71;$9.086,19;$9.605,40;Kilogram
Europe;Western and Central Europe;Ireland;Cocaine-type;Crack;;Wholesale;2019;$33.594,62;$27.995,52;$39.193,73;Kilogram
Europe;Western and Central Europe;United States of America;Cocaine-type;Crack;;Wholesale;2019;$40.000,00;;;Kilogram
Europe;Western and Central Europe;Lebanon;Cocaine-type;Other coca/cocaine type;;Retail;2019;$80,00;$70,00;$100,00;Gram
Europe;South-Eastern Europe;Luxembourg;Cocaine-type;Other coca/cocaine-type drugs;;Retail;2020;$22,88;$22,88;$22,88;Units
Europe;Eastern Europe;Luxembourg;Cocaine-type;Other coca/cocaine-type drugs;Cocaine ball;Retail;2023;$23,95;$10,81;$43,24;Units
Asia;Near and Middle East/ South-West Asia;Belgium;Cocaine-type;Other coca/cocaine-type drugs;Crack;Retail;2022;$45,10;$33,40;$52,69;Grams
Europe;South-Eastern Europe;Belgium;Cocaine-type;Other coca/cocaine-type drugs;Crack;Retail;2023;$54,05;$54,05;$54,05;Grams
Europe;Western and Central Europe;Luxembourg;Cocaine-type;Other coca/cocaine-type drugs;Cocaine ball;Retail;2022;$59,58;$21,07;$94,84;Grams
Europe;Western and Central Europe;Malta;Cocaine-type;Other coca/cocaine-type drugs;;Retail;2020;$67,51;$61,78;$72,08;Grams
Europe;Western and Central Europe;Uruguay;Cocaine-type;Other coca/cocaine-type drugs;Pasta Base de Cocaína;Wholesale;2022;;$4.000,00;$4.500,00;Kilograms
Europe;Western and Central Europe;Uruguay;Cocaine-type;Other coca/cocaine-type drugs;Pasta Base;Wholesale;2023;;$4.000,00;$4.500,00;Kilograms
Europe;Western and Central Europe;Trinidad and Tobago;Cocaine-type drugs;“Crack” cocaine;;Retail;2021;;;$68.876,37;Kilograms
Europe;Western and Central Europe;South Africa;Cocaine-type drugs;“Crack” cocaine;;Retail;2023;;$6,52;$6,97;Grams
Europe;South-Eastern Europe;Germany;Cocaine-type drugs;“Crack” cocaine;;Retail;2020;;$60,07;$102,97;Grams
Asia;Near and Middle East/ South-West Asia;Albania;Cocaine-type drugs;“Crack” cocaine;;Retail;2021;;$71,17;$94,90;Grams
Africa;Southern Africa;Costa Rica;Cocaine-type drugs;“Crack” cocaine;;Retail;2022;$1,55;$1,55;$2,32;Units
Europe;Eastern Europe;Costa Rica;Cocaine-type drugs;“Crack” cocaine;;Retail;2021;$1,62;$1,62;$2,43;Units
Africa;North Africa;Costa Rica;Cocaine-type drugs;“Crack” cocaine;;Retail;2023;$1,84;;;
Asia;East and South-East Asia;El Salvador;Cocaine-type drugs;“Crack” cocaine;;Retail;2023;$3,00;$3,00;$5,00;Units
Europe;Western and Central Europe;Honduras;Cocaine-type drugs;“Crack” cocaine;;Retail;2020;$4,09;$4,09;$6,13;Units
Asia;South Asia;Honduras;Cocaine-type drugs;“Crack” cocaine;;Retail;2021;$4,18;$2,09;$4,60;Units
Asia;Near and Middle East/ South-West Asia;El Salvador;Cocaine-type drugs;“Crack” cocaine;;Retail;2020;$5,00;$3,00;$5,00;Grams
Americas;Central America;Honduras;Cocaine-type drugs;“Crack” cocaine;;Retail;2022;$5,00;$4,00;$6,00;Units
Americas;Central America;El Salvador;Cocaine-type drugs;“Crack” cocaine;;Retail;2021;$5,00;$5,00;$5,00;Grams
Europe;Western and Central Europe;Guatemala;Cocaine-type drugs;“Crack” cocaine;;Retail;2020;$9,19;$9,06;$9,71;Grams
Europe;Western and Central Europe;Guatemala;Cocaine-type drugs;“Crack” cocaine;;Retail;2021;$9,23;;;Grams
Americas;North America;Guatemala;Cocaine-type drugs;“Crack” cocaine;;Retail;2023;$9,27;;;Grams
Asia;East and South-East Asia;Nicaragua;Cocaine-type drugs;“Crack” cocaine;;Retail;2020;$10,24;;;Grams
Asia;Near and Middle East/ South-West Asia;United Kingdom;Cocaine-type drugs;“Crack” cocaine;;Retail;2020;$12,85;$12,85;$25,71;Units
Americas;Central America;Portugal;Cocaine-type drugs;“Crack” cocaine;;Retail;2022;$20,74;;;Grams
Europe;Western and Central Europe;El Salvador;Cocaine-type drugs;“Crack” cocaine;;Retail;2022;$25,00;$20,00;$25,00;Grams
Americas;Central America;Portugal;Cocaine-type drugs;“Crack” cocaine;;Retail;2023;$28,66;;;Grams
Europe;Western and Central Europe;Germany;Cocaine-type drugs;“Crack” cocaine;;Retail;2022;$44,47;$36,14;$65,44;Grams
Americas;North America;Germany;Cocaine-type drugs;“Crack” cocaine;;Retail;2023;$55,89;$37,95;;
Asia;Near and Middle East/ South-West Asia;Philippines;Cocaine-type drugs;“Crack” cocaine;;Retail;2023;$70,04;$54,78;$83,51;Grams
Europe;Western and Central Europe;Germany;Cocaine-type drugs;“Crack” cocaine;;Retail;2021;$74,14;$47,45;$118,62;Grams
Europe;Western and Central Europe;Ireland;Cocaine-type drugs;“Crack” cocaine;;Retail;2020;$80,09;$34,32;$114,42;Grams
Europe;Western and Central Europe;Ireland;Cocaine-type drugs;“Crack” cocaine;;Retail;2021;$83,04;$35,59;$118,62;Grams
Europe;Western and Central Europe;Philippines;Cocaine-type drugs;“Crack” cocaine;;Retail;2023;$86,21;$70,04;$131,11;Grams
Europe;Western and Central Europe;State of Palestine;Cocaine-type drugs;“Crack” cocaine;;Retail;2020;$94,00;;;Grams
Europe;Western and Central Europe;Trinidad and Tobago;Cocaine-type drugs;“Crack” cocaine;;Retail;2022;$133,29;;;Ounce
Americas;South America;United Kingdom;Cocaine-type drugs;“Crack” cocaine;;Retail;2021;$137,55;$48,14;$137,55;Grams
Americas;South America;Belarus;Cocaine-type drugs;“Crack” cocaine;;Retail;2021;$150,00;$145,00;$155,00;Grams
Americas;Caribbean;Belarus;Cocaine-type drugs;“Crack” cocaine;;Retail;2022;$150,00;$145,00;$155,00;Grams
Africa;Southern Africa;China, Hong Kong SAR;Cocaine-type drugs;“Crack” cocaine;;Retail;2023;$165,20;$131,34;$207,36;Grams
Europe;Western and Central Europe;China, Hong Kong SAR;Cocaine-type drugs;“Crack” cocaine;;Retail;2021;$214,26;$172,69;$259,68;Grams
Europe;South-Eastern Europe;China, Hong Kong SAR;Cocaine-type drugs;“Crack” cocaine;;Retail;2020;$237,08;$121,18;$377,47;Grams
Americas;Central America;Saudi Arabia;Cocaine-type drugs;“Crack” cocaine;;Retail;2021;$266,00;;;Grams
Americas;Central America;Saudi Arabia;Cocaine-type drugs;“Crack” cocaine;;Retail;2020;$293,02;$293,02;$293,02;Grams
Americas;Central America;Republic of Korea;Cocaine-type drugs;“Crack” cocaine;;Retail;2020;$296,68;$296,68;$339,06;Grams
Americas;Central America;Republic of Korea;Cocaine-type drugs;“Crack” cocaine;;Retail;2021;$307,35;$307,35;$351,26;Grams
Americas;Central America;Republic of Korea;Cocaine-type drugs;“Crack” cocaine;;Retail;2022;$375,00;$350,00;$400,00;Grams
Americas;Central America;Republic of Korea;Cocaine-type drugs;“Crack” cocaine;;Retail;2023;$500,00;;;Grams
Americas;Central America;Brazil;Cocaine-type drugs;“Crack” cocaine;;Retail;2022;$2.836,20;;;Kilograms
Americas;Central America;Malaysia;Cocaine-type drugs;“Crack” cocaine;;Retail;2023;$43.888,52;;;Kilograms
Americas;Central America;India;Cocaine-type drugs;“Crack” cocaine;;Retail;2020;$94.454,19;;;Kilograms
Americas;Central America;India;Cocaine-type drugs;“Crack” cocaine;;Retail;2021;$105.094,72;;;Kilograms
Americas;Central America;United Kingdom;Cocaine-type drugs;“Crack” cocaine;;Retail;2022;$123.609,39;$43.263,29;$123.609,39;Kilograms
Americas;Central America;Trinidad and Tobago;Cocaine-type drugs;“Crack” cocaine;;Wholesale;2021;;;$7.708,27;Kilograms
Americas;Central America;Niger;Cocaine-type drugs;“Crack” cocaine;;Wholesale;2021;;$45,23;$54,27;Grams
Europe;Western and Central Europe;Timor-Leste;Cocaine-type drugs;“Crack” cocaine;;Wholesale;2020;;$250,00;$300,00;Grams
Europe;Western and Central Europe;Albania;Cocaine-type drugs;“Crack” cocaine;;Wholesale;2021;;$37.959,67;$41.518,39;Kilograms
Americas;Central America;Dominican Republic;Cocaine-type drugs;“Crack” cocaine;;Wholesale;2020;$1,33;$0,89;$1,77;Units
Europe;Western and Central Europe;Costa Rica;Cocaine-type drugs;“Crack” cocaine;;Wholesale;2022;$1,55;$1,55;$2,32;Units
Europe;Western and Central Europe;Costa Rica;Cocaine-type drugs;“Crack” cocaine;;Wholesale;2021;$1,62;$1,62;$2,43;Units
Europe;Western and Central Europe;Costa Rica;Cocaine-type drugs;“Crack” cocaine;;Wholesale;2023;$1,84;$1,84;$2,76;Units
Asia;East and South-East Asia;Zambia;Cocaine-type drugs;“Crack” cocaine;;Wholesale;2020;$1,88;;;Grams
Europe;Western and Central Europe;Costa Rica;Cocaine-type drugs;“Crack” cocaine;;Wholesale;2020;$2,00;;;Units
Europe;Western and Central Europe;Namibia;Cocaine-type drugs;“Crack” cocaine;;Wholesale;2023;$5,43;;;Units
Europe;Western and Central Europe;Namibia;Cocaine-type drugs;“Crack” cocaine;;Wholesale;2022;$5,60;;;Units
Asia;East and South-East Asia;Zambia;Cocaine-type drugs;“Crack” cocaine;;Wholesale;2021;$29,96;;;Grams
Asia;Near and Middle East/ South-West Asia;Ghana;Cocaine-type drugs;“Crack” cocaine;;Wholesale;2020;$35,08;$28,06;$45,60;Grams
Americas;Caribbean;Togo;Cocaine-type drugs;“Crack” cocaine;;Wholesale;2023;$64,31;$64,31;$67,61;Grams
Europe;Western and Central Europe;Gibraltar;Cocaine-type drugs;“Crack” cocaine;;Wholesale;2021;$68,78;$68,78;$68,78;Grams
Europe;Eastern Europe;Niger;Cocaine-type drugs;“Crack” cocaine;;Wholesale;2020;$78,45;$61,02;$87,17;Grams
Europe;Eastern Europe;Zimbabwe;Cocaine-type drugs;“Crack” cocaine;;Wholesale;2020;$80,00;$80,00;$80,00;Kilograms
Asia;East and South-East Asia;Belarus;Cocaine-type drugs;“Crack” cocaine;;Wholesale;2020;$80,94;$72,85;$121,41;Grams
Asia;East and South-East Asia;Saudi Arabia;Cocaine-type drugs;“Crack” cocaine;;Wholesale;2021;$266,00;;;Grams
Asia;East and South-East Asia;El Salvador;Cocaine-type drugs;“Crack” cocaine;;Wholesale;2023;$500,00;$450,00;$600,00;Pounds
Asia;Near and Middle East/ South-West Asia;Peru;Cocaine-type drugs;“Crack” cocaine;;Wholesale;2020;$688,48;;;Kilograms
Asia;Near and Middle East/ South-West Asia;El Salvador;Cocaine-type drugs;“Crack” cocaine;;Wholesale;2021;$700,00;$650,00;$800,00;Pounds
Asia;East and South-East Asia;Peru;Cocaine-type drugs;“Crack” cocaine;;Wholesale;2023;$1.061,00;;;Kilograms
Asia;East and South-East Asia;Paraguay;Cocaine-type drugs;“Crack” cocaine;;Wholesale;2022;$1.079,60;$1.007,63;$1.295,52;Kilograms
Asia;East and South-East Asia;United Kingdom;Cocaine-type drugs;“Crack” cocaine;;Wholesale;2020;$1.542,42;$1.285,35;$1.928,02;Units
Asia;East and South-East Asia;Brazil;Cocaine-type drugs;“Crack” cocaine;;Wholesale;2022;$2.759,02;;;Kilograms
Americas;South America;Trinidad and Tobago;Cocaine-type drugs;“Crack” cocaine;;Wholesale;2022;$5.183,65;;$5.924,17;Kilograms
Asia;East and South-East Asia;Guatemala;Cocaine-type drugs;“Crack” cocaine;;Wholesale;2021;$9.225,37;;;Kilograms
Asia;South Asia;Guatemala;Cocaine-type drugs;“Crack” cocaine;;Wholesale;2020;$9.227,73;$9.062,66;$9.334,54;Kilograms
Asia;South Asia;Guatemala;Cocaine-type drugs;“Crack” cocaine;;Wholesale;2023;$9.265,78;;;Kilograms
Europe;Western and Central Europe;Nicaragua;Cocaine-type drugs;“Crack” cocaine;;Wholesale;2020;$10.241,70;;;Kilograms
Americas;Caribbean;El Salvador;Cocaine-type drugs;“Crack” cocaine;;Wholesale;2020;$11.200,00;$11.000,00;$13.000,00;Kilograms
Africa;West and Central Africa;India;Cocaine-type drugs;“Crack” cocaine;;Wholesale;2020;$13.493,46;;;Kilograms
Asia;East and South-East Asia;El Salvador;Cocaine-type drugs;“Crack” cocaine;;Wholesale;2022;$14.000,00;$12.500,00;$15.000,00;Kilograms
Europe;South-Eastern Europe;Togo;Cocaine-type drugs;“Crack” cocaine;;Wholesale;2022;$28.911,62;$24.093,02;$32.124,02;Kilograms
Americas;Caribbean;Russian Federation;Cocaine-type drugs;“Crack” cocaine;;Wholesale;2023;$29.442,25;$23.553,80;$35.330,70;Kilograms
Americas;Central America;Ireland;Cocaine-type drugs;“Crack” cocaine;;Wholesale;2020;$34.324,94;$28.604,12;$40.045,77;Kilograms
Americas;Central America;Ireland;Cocaine-type drugs;“Crack” cocaine;;Wholesale;2021;$35.587,19;$29.655,99;$41.518,39;Kilograms
Americas;Central America;State of Palestine;Cocaine-type drugs;“Crack” cocaine;;Wholesale;2020;$36.528,35;;;Kilograms
Africa;Southern Africa;India;Cocaine-type drugs;“Crack” cocaine;;Wholesale;2021;$81.363,65;;;Kilograms
Americas;Central America;Saudi Arabia;Cocaine-type drugs;Coca leaf;;Wholesale;2021;$0,00;;;
Africa;Southern Africa;Colombia;Cocaine-type drugs;Coca leaf;;Wholesale;2021;$0,62;;;Kilograms
Africa;Southern Africa;Colombia;Cocaine-type drugs;Coca leaf;;Wholesale;2020;$0,64;;;Kilograms
Africa;Southern Africa;Peru;Cocaine-type drugs;Coca leaf;;Wholesale;2023;$2,11;;;Kilograms
Africa;West and Central Africa;Peru;Cocaine-type drugs;Coca leaf;;Wholesale;2020;$2,20;;;Kilograms
Africa;West and Central Africa;Peru;Cocaine-type drugs;Coca leaf;;Wholesale;2021;$2,22;;;Kilograms
Europe;Western and Central Europe;Pakistan;Cocaine-type drugs;Coca leaf;;Wholesale;2021;$56.410,38;$49.455,68;$63.365,09;Kilograms
Africa;West and Central Africa;China, Macao SAR;Cocaine-type drugs;Cocaine hydrochloride;;Retail;2022;;;$409,33;Grams
Africa;Southern Africa;China, Macao SAR;Cocaine-type drugs;Cocaine hydrochloride;;Retail;2021;;;$412,60;Grams
Europe;Eastern Europe;China, Macao SAR;Cocaine-type drugs;Cocaine hydrochloride;;Retail;2020;;;$413,43;Grams
Asia;Near and Middle East/ South-West Asia;China, Macao SAR;Cocaine-type drugs;Cocaine hydrochloride;;Retail;2023;;;$446,54;Grams
Americas;Central America;Albania;Cocaine-type drugs;Cocaine hydrochloride;;Retail;2023;;$0,81;;Grams
Americas;South America;Uruguay;Cocaine-type drugs;Cocaine hydrochloride;;Retail;2021;;$13,88;$23,14;Grams
Americas;Central America;South Africa;Cocaine-type drugs;Cocaine hydrochloride;;Retail;2023;;$19,93;$21,16;Grams
Americas;South America;Spain;Cocaine-type drugs;Cocaine hydrochloride;;Retail;2020;;$23,35;$24,35;Units
Americas;South America;Bosnia and Herzegovina;Cocaine-type drugs;Cocaine hydrochloride;;Retail;2023;;$27,65;$55,31;Grams
Europe;Western and Central Europe;Croatia;Cocaine-type drugs;Cocaine hydrochloride;;Retail;2022;;$42,15;$94,84;Grams
Americas;South America;Morocco;Cocaine-type drugs;Cocaine hydrochloride;;Retail;2020;;$42,22;$63,33;Grams
Americas;Caribbean;Czechia;Cocaine-type drugs;Cocaine hydrochloride;;Retail;2020;;$43,14;$172,77;Grams
Americas;Central America;North Macedonia;Cocaine-type drugs;Cocaine hydrochloride;;Retail;2022;;$52,69;$121,18;Grams
Americas;Central America;Andorra;Cocaine-type drugs;Cocaine hydrochloride;;Retail;2020;;$57,21;$68,65;Grams
Americas;Central America;Bulgaria;Cocaine-type drugs;Cocaine hydrochloride;;Retail;2020;;$58,55;$105,39;Grams
Americas;Central America;Lithuania;Cocaine-type drugs;Cocaine hydrochloride;;Retail;2021;;$59,31;$106,76;Grams
Americas;Central America;Philippines;Cocaine-type drugs;Cocaine hydrochloride;;Retail;2021;;$59,68;$113,49;Grams
Asia;South Asia;Thailand;Cocaine-type drugs;Cocaine hydrochloride;;Retail;2020;;$63,77;$95,65;Grams
Americas;Central America;Italy;Cocaine-type drugs;Cocaine hydrochloride;;Retail;2022;;$77,39;$98,70;Grams
Africa;West and Central Africa;Italy;Cocaine-type drugs;Cocaine hydrochloride;;Retail;2023;;$78,00;$102,65;Grams
Europe;Eastern Europe;Finland;Cocaine-type drugs;Cocaine hydrochloride;;Retail;2022;;$84,30;$210,75;Grams
Europe;Western and Central Europe;Italy;Cocaine-type drugs;Cocaine hydrochloride;;Retail;2021;;$86,41;$110,49;Grams
Europe;Western and Central Europe;Ukraine;Cocaine-type drugs;Cocaine hydrochloride;;Retail;2021;;$88,37;$202,02;Grams
Asia;Near and Middle East/ South-West Asia;Latvia;Cocaine-type drugs;Cocaine hydrochloride;;Retail;2021;;$106,76;$154,21;Grams
Asia;South Asia;Ukraine;Cocaine-type drugs;Cocaine hydrochloride;;Retail;2023;;$108,11;$216,21;Grams
Asia;Near and Middle East/ South-West Asia;Australia;Cocaine-type drugs;Cocaine hydrochloride;;Retail;2022;;$159,94;$312,93;Grams
Americas;South America;New Zealand;Cocaine-type drugs;Cocaine hydrochloride;;Retail;2023;;$184,28;$491,40;Grams
Americas;South America;Australia;Cocaine-type drugs;Cocaine hydrochloride;;Retail;2023;;$199,07;$364,96;Grams
Americas;South America;New Zealand;Cocaine-type drugs;Cocaine hydrochloride;;Retail;2022;;$254,29;$317,86;Grams
Americas;South America;Mauritius;Cocaine-type drugs;Cocaine hydrochloride;;Retail;2020;;$390,61;;Grams
Americas;South America;Costa Rica;Cocaine-type drugs;Cocaine hydrochloride;;Retail;2020;;$7.500,00;$8.000,00;Kilograms
Asia;Near and Middle East/ South-West Asia;New Zealand;Cocaine-type drugs;Cocaine hydrochloride;;Retail;2020;;$78.226,86;$130.378,10;Kilograms
Asia;East and South-East Asia;Honduras;Cocaine-type drugs;Cocaine hydrochloride;;Retail;2020;$4,91;$4,09;$6,13;Units
Asia;East and South-East Asia;Ecuador;Cocaine-type drugs;Cocaine hydrochloride;;Retail;2020;$5,00;$3,00;$10,00;Grams
Asia;East and South-East Asia;Bolivia (Plurinational State of);Cocaine-type drugs;Cocaine hydrochloride;;Retail;2021;$5,83;$4,37;$10,21;Grams
Asia;East and South-East Asia;Honduras;Cocaine-type drugs;Cocaine hydrochloride;;Retail;2022;$6,00;$4,00;$8,00;Units
Europe;South-Eastern Europe;Bolivia (Plurinational State of);Cocaine-type drugs;Cocaine hydrochloride;;Retail;2022;$6,00;$4,00;$10,00;Grams
Americas;South America;Honduras;Cocaine-type drugs;Cocaine hydrochloride;;Retail;2021;$6,28;$4,18;$20,92;Units
Africa;Southern Africa;Guatemala;Cocaine-type drugs;Cocaine hydrochloride;;Retail;2020;$13,34;$12,95;$13,59;Grams
Europe;Western and Central Europe;Guatemala;Cocaine-type drugs;Cocaine hydrochloride;;Retail;2021;$13,34;;;Grams
Europe;South-Eastern Europe;Guatemala;Cocaine-type drugs;Cocaine hydrochloride;;Retail;2023;$13,40;;;Grams
Europe;South-Eastern Europe;Uruguay;Cocaine-type drugs;Cocaine hydrochloride;;Retail;2020;$14,31;$11,93;$16,70;Grams
Africa;North Africa;Mexico;Cocaine-type drugs;Cocaine hydrochloride;;Retail;2021;$14,46;;;Grams
Europe;Western and Central Europe;Mexico;Cocaine-type drugs;Cocaine hydrochloride;;Retail;2021;$14,46;;;Grams
Europe;South-Eastern Europe;Mexico;Cocaine-type drugs;Cocaine hydrochloride;;Retail;2021;$14,46;$1,50;$50,00;Grams
Europe;Western and Central Europe;Ecuador;Cocaine-type drugs;Cocaine hydrochloride;;Retail;2021;$16,00;$6,00;;Grams
Europe;South-Eastern Europe;El Salvador;Cocaine-type drugs;Cocaine hydrochloride;;Retail;2021;$20,00;$15,00;$35,00;Grams
Europe;Western and Central Europe;Spain;Cocaine-type drugs;Cocaine hydrochloride;;Retail;2022;$22,55;;;Grams
Asia;East and South-East Asia;Spain;Cocaine-type drugs;Cocaine hydrochloride;;Retail;2021;$23,74;;;
Asia;East and South-East Asia;El Salvador;Cocaine-type drugs;Cocaine hydrochloride;;Retail;2020;$25,00;$20,00;$35,00;Grams
Europe;Western and Central Europe;El Salvador;Cocaine-type drugs;Cocaine hydrochloride;;Retail;2022;$25,00;$20,00;$35,00;Grams
Europe;Western and Central Europe;El Salvador;Cocaine-type drugs;Cocaine hydrochloride;;Retail;2023;$25,14;$20,00;$40,00;Grams
Europe;Western and Central Europe;Portugal;Cocaine-type drugs;Cocaine hydrochloride;;Retail;2022;$31,83;;;Grams
Europe;Western and Central Europe;Portugal;Cocaine-type drugs;Cocaine hydrochloride;;Retail;2023;$35,94;;;Grams
Europe;Eastern Europe;Portugal;Cocaine-type drugs;Cocaine hydrochloride;;Retail;2020;$37,76;$6,92;$78,46;Grams
Europe;Western and Central Europe;Portugal;Cocaine-type drugs;Cocaine hydrochloride;;Retail;2021;$40,21;;;Grams
Europe;Eastern Europe;Luxembourg;Cocaine-type drugs;Cocaine hydrochloride;;Retail;2021;$44,28;$23,72;$71,17;Grams
Oceania;Australia and New Zealand;Kenya;Cocaine-type drugs;Cocaine hydrochloride;;Retail;2022;$51,06;;;Grams
Oceania;Australia and New Zealand;Bosnia and Herzegovina;Cocaine-type drugs;Cocaine hydrochloride;;Retail;2022;$52,69;$47,42;$105,37;Grams
Oceania;Australia and New Zealand;Andorra;Cocaine-type drugs;Cocaine hydrochloride;;Retail;2022;$52,69;$52,69;$63,22;Grams
Oceania;Australia and New Zealand;Belgium;Cocaine-type drugs;Cocaine hydrochloride;;Retail;2023;$54,05;$38,92;$86,49;Grams
Africa;East Africa;Montenegro;Cocaine-type drugs;Cocaine hydrochloride;;Retail;2023;$54,05;$43,24;$108,11;Grams
Americas;Central America;Andorra;Cocaine-type drugs;Cocaine hydrochloride;;Retail;2023;$54,05;$54,05;$86,49;Grams
Oceania;Australia and New Zealand;Netherlands;Cocaine-type drugs;Cocaine hydrochloride;;Retail;2022;$54,27;;;Grams
Americas;Central America;Netherlands;Cocaine-type drugs;Cocaine hydrochloride;;Retail;2023;$55,89;$54,05;$64,86;Grams
Americas;South America;Netherlands;Cocaine-type drugs;Cocaine hydrochloride;;Retail;2020;$57,55;;;Grams
Americas;South America;Belgium;Cocaine-type drugs;Cocaine hydrochloride;;Retail;2022;$58,38;$39,73;$83,35;Grams
Americas;Central America;Luxembourg;Cocaine-type drugs;Cocaine hydrochloride;;Retail;2022;$59,58;$21,07;$94,84;Grams
Americas;South America;Belgium;Cocaine-type drugs;Cocaine hydrochloride;;Retail;2020;$60,14;$42,91;$81,69;Grams
Americas;Central America;Netherlands;Cocaine-type drugs;Cocaine hydrochloride;;Retail;2021;$61,68;;;Grams
Americas;Central America;Slovenia;Cocaine-type drugs;Cocaine hydrochloride;;Retail;2022;$63,22;$42,15;$105,37;Grams
Americas;Central America;Poland;Cocaine-type drugs;Cocaine hydrochloride;;Retail;2020;$64,02;;;Grams
Americas;Central America;Slovenia;Cocaine-type drugs;Cocaine hydrochloride;;Retail;2023;$64,86;$43,24;$108,11;Grams
Americas;South America;Spain;Cocaine-type drugs;Cocaine hydrochloride;;Retail;2023;$66,36;;;Grams
Americas;North America;Croatia;Cocaine-type drugs;Cocaine hydrochloride;;Retail;2021;$67,62;$47,45;$106,76;Grams
Americas;North America;France;Cocaine-type drugs;Cocaine hydrochloride;;Retail;2022;$68,49;$57,96;$84,30;Grams
Americas;North America;Slovenia;Cocaine-type drugs;Cocaine hydrochloride;;Retail;2020;$68,65;$45,77;$114,42;Grams
Americas;South America;Hungary;Cocaine-type drugs;Cocaine hydrochloride;;Retail;2019;$68,75;$51,56;$171,87;Grams
Americas;Central America;Belgium;Cocaine-type drugs;Cocaine hydrochloride;;Retail;2021;$69,04;$47,45;$118,62;Grams
Europe;Western and Central Europe;Morocco;Cocaine-type drugs;Cocaine hydrochloride;;Retail;2023;$69,06;$54,26;$98,66;Grams
Europe;Western and Central Europe;Morocco;Cocaine-type drugs;Cocaine hydrochloride;;Retail;2022;$69,11;$54,30;$98,73;Grams
Americas;Central America;Poland;Cocaine-type drugs;Cocaine hydrochloride;;Retail;2021;$70,69;$51,98;$97,45;Grams
Americas;Central America;Slovenia;Cocaine-type drugs;Cocaine hydrochloride;;Retail;2021;$71,17;$47,45;$118,62;Grams
Americas;Central America;Montenegro;Cocaine-type drugs;Cocaine hydrochloride;;Retail;2021;$71,17;$71,17;$94,90;Grams
Europe;Western and Central Europe;France;Cocaine-type drugs;Cocaine hydrochloride;;Retail;2023;$71,35;$59,46;$85,41;Grams
Europe;Western and Central Europe;Lithuania;Cocaine-type drugs;Cocaine hydrochloride;;Retail;2020;$72,08;;;Grams
Europe;Western and Central Europe;Ireland;Cocaine-type drugs;Cocaine hydrochloride;;Retail;2022;$73,76;;;Grams
Europe;Western and Central Europe;State of Palestine;Cocaine-type drugs;Cocaine hydrochloride;;Retail;2021;$75,00;$70,00;$77,00;Grams
Europe;Western and Central Europe;Ireland;Cocaine-type drugs;Cocaine hydrochloride;;Retail;2023;$75,68;;;Grams
Africa;East Africa;Croatia;Cocaine-type drugs;Cocaine hydrochloride;;Retail;2020;$76,66;$45,77;$98,40;Grams
Europe;South-Eastern Europe;France;Cocaine-type drugs;Cocaine hydrochloride;;Retail;2021;$77,11;$65,24;$94,90;Grams
Europe;Western and Central Europe;Poland;Cocaine-type drugs;Cocaine hydrochloride;;Retail;2022;$79,78;$57,53;$108,76;Grams
Europe;Western and Central Europe;Ireland;Cocaine-type drugs;Cocaine hydrochloride;;Retail;2020;$80,09;$34,32;$114,42;Grams
Europe;South-Eastern Europe;Germany;Cocaine-type drugs;Cocaine hydrochloride;;Retail;2023;$80,32;$43,57;$118,92;Grams
Europe;Western and Central Europe;Hungary;Cocaine-type drugs;Cocaine hydrochloride;;Retail;2022;$80,65;$59,14;$107,54;Grams
Europe;Western and Central Europe;Bulgaria;Cocaine-type drugs;Cocaine hydrochloride;;Retail;2022;$80,82;$53,88;$96,98;Grams
Europe;Western and Central Europe;Greece;Cocaine-type drugs;Cocaine hydrochloride;;Retail;2023;$81,08;$54,05;$108,11;Grams
Europe;Western and Central Europe;Germany;Cocaine-type drugs;Cocaine hydrochloride;;Retail;2022;$81,45;$45,84;$127,29;Grams
Europe;Western and Central Europe;Bulgaria;Cocaine-type drugs;Cocaine hydrochloride;;Retail;2023;$82,96;$66,37;$99,56;Grams
Europe;Western and Central Europe;Ireland;Cocaine-type drugs;Cocaine hydrochloride;;Retail;2021;$83,04;$35,59;$118,62;Grams
Europe;Western and Central Europe;Poland;Cocaine-type drugs;Cocaine hydrochloride;;Retail;2023;$83,21;$61,82;$112,93;Grams
Europe;Western and Central Europe;Germany;Cocaine-type drugs;Cocaine hydrochloride;;Retail;2020;$83,41;$51,49;$135,35;Grams
Europe;Western and Central Europe;Austria;Cocaine-type drugs;Cocaine hydrochloride;;Retail;2022;$84,30;$42,15;$126,45;Grams
Europe;Western and Central Europe;Romania;Cocaine-type drugs;Cocaine hydrochloride;;Retail;2022;$84,30;$63,22;$105,37;Grams
Europe;Western and Central Europe;Sweden;Cocaine-type drugs;Cocaine hydrochloride;;Retail;2023;$84,77;$62,73;$121,13;Grams
Europe;Western and Central Europe;Bulgaria;Cocaine-type drugs;Cocaine hydrochloride;;Retail;2021;$84,95;$60,68;$109,22;Grams
Europe;South-Eastern Europe;Hungary;Cocaine-type drugs;Cocaine hydrochloride;;Retail;2023;$85,04;$56,69;$141,73;Grams
Europe;Western and Central Europe;Luxembourg;Cocaine-type drugs;Cocaine hydrochloride;;Retail;2020;$85,81;$57,21;$114,42;Grams
Europe;Western and Central Europe;Czechia;Cocaine-type drugs;Cocaine hydrochloride;;Retail;2022;$85,88;$42,94;$171,76;Grams
Europe;Western and Central Europe;Austria;Cocaine-type drugs;Cocaine hydrochloride;;Retail;2023;$86,49;$43,24;$129,73;Grams
Europe;Western and Central Europe;Germany;Cocaine-type drugs;Cocaine hydrochloride;;Retail;2021;$88,73;$59,31;$111,27;Grams
Africa;North Africa;Sweden;Cocaine-type drugs;Cocaine hydrochloride;;Retail;2022;$89,45;$39,75;$129,20;Grams
Africa;North Africa;Greece;Cocaine-type drugs;Cocaine hydrochloride;;Retail;2022;$89,57;$52,69;$126,45;Grams
Europe;Western and Central Europe;Tunisia;Cocaine-type drugs;Cocaine hydrochloride;;Retail;2021;$90,45;$90,45;$108,54;Grams
Europe;Western and Central Europe;Slovakia;Cocaine-type drugs;Cocaine hydrochloride;;Retail;2020;$91,53;$57,21;$171,62;Grams
Europe;South-Eastern Europe;Romania;Cocaine-type drugs;Cocaine hydrochloride;;Retail;2020;$91,53;$68,65;$114,42;Grams
Europe;Western and Central Europe;Italy;Cocaine-type drugs;Cocaine hydrochloride;;Retail;2020;$91,76;$80,08;$103,48;Grams
Europe;Western and Central Europe;Czechia;Cocaine-type drugs;Cocaine hydrochloride;;Retail;2021;$92,53;$69,40;$185,05;Grams
Europe;Western and Central Europe;Lithuania;Cocaine-type drugs;Cocaine hydrochloride;;Retail;2022;$92,73;$63,22;$105,37;Grams
Asia;Near and Middle East/ South-West Asia;Cyprus;Cocaine-type drugs;Cocaine hydrochloride;;Retail;2021;$94,90;$23,72;$189,80;Grams
Europe;Western and Central Europe;Austria;Cocaine-type drugs;Cocaine hydrochloride;;Retail;2021;$94,90;$47,45;$142,35;Grams
Europe;South-Eastern Europe;Sweden;Cocaine-type drugs;Cocaine hydrochloride;;Retail;2020;$98,16;$81,80;$141,78;Grams
Europe;Western and Central Europe;Lithuania;Cocaine-type drugs;Cocaine hydrochloride;;Retail;2023;$98,38;$86,49;$108,11;Grams
Europe;Western and Central Europe;Hungary;Cocaine-type drugs;Cocaine hydrochloride;;Retail;2021;$99,19;$66,12;$132,25;Grams
Europe;Western and Central Europe;Greece;Cocaine-type drugs;Cocaine hydrochloride;;Retail;2021;$100,83;$59,31;$142,35;Grams
Europe;Western and Central Europe;Denmark;Cocaine-type drugs;Cocaine hydrochloride;;Retail;2023;$101,63;$72,59;$116,14;Grams
Europe;Western and Central Europe;United Kingdom;Cocaine-type drugs;Cocaine hydrochloride;;Retail;2020;$102,83;$51,41;$128,53;Grams
Europe;South-Eastern Europe;Greece;Cocaine-type drugs;Cocaine hydrochloride;;Retail;2020;$102,97;$68,65;$137,30;Grams
Europe;Western and Central Europe;Syrian Arab Republic;Cocaine-type drugs;Cocaine hydrochloride;;Retail;2022;$105,00;$100,00;$125,00;Grams
Europe;Western and Central Europe;Syrian Arab Republic;Cocaine-type drugs;Cocaine hydrochloride;;Retail;2023;$105,00;$100,00;$125,00;Grams
Europe;South-Eastern Europe;Cyprus;Cocaine-type drugs;Cocaine hydrochloride;;Retail;2019;$105,04;$29,90;$319,93;Grams
Europe;Western and Central Europe;Sweden;Cocaine-type drugs;Cocaine hydrochloride;;Retail;2021;$105,30;$46,80;$146,25;Grams
Europe;Western and Central Europe;Cyprus;Cocaine-type drugs;Cocaine hydrochloride;;Retail;2022;$105,37;$10,54;$351,24;Grams
Europe;Western and Central Europe;Slovakia;Cocaine-type drugs;Cocaine hydrochloride;;Retail;2022;$105,37;$73,76;$158,06;Grams
Europe;Western and Central Europe;Latvia;Cocaine-type drugs;Cocaine hydrochloride;;Retail;2022;$105,37;$84,30;$126,45;Grams
Europe;South-Eastern Europe;Czechia;Cocaine-type drugs;Cocaine hydrochloride;;Retail;2023;$105,73;$54,05;$157,84;Grams
Europe;Western and Central Europe;Philippines;Cocaine-type drugs;Cocaine hydrochloride;;Retail;2020;$107,01;$23,22;$107,01;Grams
Europe;South-Eastern Europe;Denmark;Cocaine-type drugs;Cocaine hydrochloride;;Retail;2020;$107,41;$76,72;$153,44;Grams
Europe;Western and Central Europe;Estonia;Cocaine-type drugs;Cocaine hydrochloride;;Retail;2023;$108,11;$46,49;$162,16;Grams
Europe;Western and Central Europe;Slovakia;Cocaine-type drugs;Cocaine hydrochloride;;Retail;2023;$108,11;$86,49;$162,16;Grams
Europe;Western and Central Europe;United Kingdom;Cocaine-type drugs;Cocaine hydrochloride;;Retail;2021;$110,04;$99,04;$137,55;Grams
Europe;Western and Central Europe;Denmark;Cocaine-type drugs;Cocaine hydrochloride;;Retail;2021;$110,32;$78,29;$157,77;Grams
Europe;Western and Central Europe;Morocco;Cocaine-type drugs;Cocaine hydrochloride;;Retail;2021;$111,59;$78,12;$167,39;Grams
Europe;Western and Central Europe;Norway;Cocaine-type drugs;Cocaine hydrochloride;;Retail;2023;$113,81;$75,87;$142,26;Grams
Europe;Western and Central Europe;China, Hong Kong SAR;Cocaine-type drugs;Cocaine hydrochloride;;Retail;2022;$114,80;$105,86;$140,21;Grams
Africa;North Africa;Slovakia;Cocaine-type drugs;Cocaine hydrochloride;;Retail;2021;$118,62;$94,90;$177,94;Grams
Europe;Western and Central Europe;Austria;Cocaine-type drugs;Cocaine hydrochloride;;Retail;2020;$120,14;$68,65;$171,62;Grams
Europe;South-Eastern Europe;Ukraine;Cocaine-type drugs;Cocaine hydrochloride;;Retail;2022;$122,78;$76,74;$168,83;Grams
Europe;Western and Central Europe;Finland;Cocaine-type drugs;Cocaine hydrochloride;;Retail;2020;$125,86;$68,65;$194,51;Grams
Europe;Western and Central Europe;Estonia;Cocaine-type drugs;Cocaine hydrochloride;;Retail;2022;$126,45;$94,84;$158,06;Grams
Europe;Western and Central Europe;China, Hong Kong SAR;Cocaine-type drugs;Cocaine hydrochloride;;Retail;2023;$128,40;$100,17;$157,02;Grams
Europe;Western and Central Europe;Algeria;Cocaine-type drugs;Cocaine hydrochloride;;Retail;2023;$132,79;$118,04;$154,92;Grams
Europe;Western and Central Europe;Estonia;Cocaine-type drugs;Cocaine hydrochloride;;Retail;2020;$137,30;$114,42;$171,62;Grams
Europe;Western and Central Europe;Algeria;Cocaine-type drugs;Cocaine hydrochloride;;Retail;2022;$141,21;$105,91;$162,39;Grams
Europe;Western and Central Europe;China, Hong Kong SAR;Cocaine-type drugs;Cocaine hydrochloride;;Retail;2020;$144,64;$108,03;$190,67;Grams
Europe;Western and Central Europe;Ukraine;Cocaine-type drugs;Cocaine hydrochloride;;Retail;2020;$146,10;$87,66;$200,89;Grams
Europe;Western and Central Europe;Estonia;Cocaine-type drugs;Cocaine hydrochloride;;Retail;2021;$148,28;$94,90;$177,94;
Europe;Western and Central Europe;Russian Federation;Cocaine-type drugs;Cocaine hydrochloride;;Retail;2020;$150,27;;;Grams
Europe;Western and Central Europe;China, Hong Kong SAR;Cocaine-type drugs;Cocaine hydrochloride;;Retail;2021;$151,85;$130,61;$184,40;Grams
Europe;Western and Central Europe;Algeria;Cocaine-type drugs;Cocaine hydrochloride;;Retail;2021;$156,53;$149,07;$178,89;Grams
Asia;Near and Middle East/ South-West Asia;Finland;Cocaine-type drugs;Cocaine hydrochloride;;Retail;2023;$162,16;$118,92;$162,16;Grams
Asia;Near and Middle East/ South-West Asia;Finland;Cocaine-type drugs;Cocaine hydrochloride;;Retail;2021;$166,07;$142,35;$189,80;Grams
Europe;Western and Central Europe;Algeria;Cocaine-type drugs;Cocaine hydrochloride;;Retail;2020;$181,51;$173,62;$189,41;Grams
Europe;Western and Central Europe;Armenia;Cocaine-type drugs;Cocaine hydrochloride;;Retail;2022;$207,89;$184,79;$230,99;Grams
Europe;Western and Central Europe;Australia;Cocaine-type drugs;Cocaine hydrochloride;;Retail;2020;$241,71;$138,12;$414,36;Grams
Europe;Western and Central Europe;Armenia;Cocaine-type drugs;Cocaine hydrochloride;;Retail;2023;$257,39;$231,65;$308,87;Grams
Europe;Western and Central Europe;Australia;Cocaine-type drugs;Cocaine hydrochloride;;Retail;2021;$263,36;;;Grams
Europe;Western and Central Europe;Saudi Arabia;Cocaine-type drugs;Cocaine hydrochloride;;Retail;2021;$266,00;;;Grams
Asia;East and South-East Asia;New Zealand;Cocaine-type drugs;Cocaine hydrochloride;;Retail;2021;$283,49;$212,62;$425,23;Grams
Europe;Western and Central Europe;United Arab Emirates;Cocaine-type drugs;Cocaine hydrochloride;;Retail;2021;$285,87;;;Grams
Europe;Western and Central Europe;United Arab Emirates;Cocaine-type drugs;Cocaine hydrochloride;;Retail;2022;$310,92;;;Grams
Europe;Western and Central Europe;Mauritius;Cocaine-type drugs;Cocaine hydrochloride;;Retail;2021;$367,86;;;
Europe;Western and Central Europe;United Arab Emirates;Cocaine-type drugs;Cocaine hydrochloride;;Retail;2020;$401,31;;;Grams
Europe;Western and Central Europe;Saudi Arabia;Cocaine-type drugs;Cocaine hydrochloride;;Retail;2020;$532,77;$532,77;$532,77;Grams
Africa;North Africa;Qatar;Cocaine-type drugs;Cocaine hydrochloride;;Retail;2023;$548,10;;;Grams
Europe;Western and Central Europe;Costa Rica;Cocaine-type drugs;Cocaine hydrochloride;;Retail;2022;$697,42;$619,93;$774,92;Kilograms
Asia;East and South-East Asia;Costa Rica;Cocaine-type drugs;Cocaine hydrochloride;;Retail;2023;$826,83;;;
Europe;Western and Central Europe;Brazil;Cocaine-type drugs;Cocaine hydrochloride;;Retail;2022;$1.562,80;;;Kilograms
Europe;Western and Central Europe;Ecuador;Cocaine-type drugs;Cocaine hydrochloride;;Retail;2023;$1.841,00;$800,00;$3.000,00;Kilograms
Europe;Eastern Europe;Trinidad and Tobago;Cocaine-type drugs;Cocaine hydrochloride;;Retail;2023;$5.925,93;;$68.835,56;Kilograms
Europe;Western and Central Europe;Costa Rica;Cocaine-type drugs;Cocaine hydrochloride;;Retail;2021;$7.300,22;$6.489,08;$8.111,35;Kilograms
Europe;Western and Central Europe;Gambia;Cocaine-type drugs;Cocaine hydrochloride;;Retail;2022;$12.644,89;$12.223,39;$13.277,13;Kilograms
Asia;East and South-East Asia;United States of America;Cocaine-type drugs;Cocaine hydrochloride;;Retail;2021;$30.500,00;$28.000,00;$33.000,00;Kilograms
Africa;North Africa;Kenya;Cocaine-type drugs;Cocaine hydrochloride;;Retail;2021;$36.560,06;;;Kilograms
Europe;Western and Central Europe;Kenya;Cocaine-type drugs;Cocaine hydrochloride;;Retail;2023;$43.172,92;;;Kilograms
Africa;North Africa;Bosnia and Herzegovina;Cocaine-type drugs;Cocaine hydrochloride;;Retail;2021;$51.897,98;$41.518,39;$47.449,58;Kilograms
Asia;East and South-East Asia;India;Cocaine-type drugs;Cocaine hydrochloride;;Retail;2020;$67.467,28;;;Kilograms
Europe;Eastern Europe;Sri Lanka;Cocaine-type drugs;Cocaine hydrochloride;;Retail;2022;$78.716,11;;;Kilograms
Europe;Western and Central Europe;India;Cocaine-type drugs;Cocaine hydrochloride;;Retail;2021;$81.363,65;;;Kilograms
Europe;Eastern Europe;India;Cocaine-type drugs;Cocaine hydrochloride;;Retail;2022;$357.151,97;;;Kilograms
Asia;East and South-East Asia;India;Cocaine-type drugs;Cocaine hydrochloride;;Retail;2023;$458.746,15;;;Kilograms
Africa;North Africa;Trinidad and Tobago;Cocaine-type drugs;Cocaine hydrochloride;;Wholesale;2021;;;$7.708,27;Kilograms
Europe;Western and Central Europe;Lithuania;Cocaine-type drugs;Cocaine hydrochloride;;Wholesale;2021;;$35,59;$67,62;Grams
Europe;Western and Central Europe;Italy;Cocaine-type drugs;Cocaine hydrochloride;;Wholesale;2022;;$37,07;$43,74;Grams
Africa;North Africa;Italy;Cocaine-type drugs;Cocaine hydrochloride;;Wholesale;2021;;$42,21;$49,24;Kilograms
Asia;Central Asia and Transcaucasia;Niger;Cocaine-type drugs;Cocaine hydrochloride;;Wholesale;2021;;$54,27;$117,60;Grams
Oceania;Australia and New Zealand;Lithuania;Cocaine-type drugs;Cocaine hydrochloride;;Wholesale;2020;;$57,21;$102,97;Grams
Asia;Central Asia and Transcaucasia;Malta;Cocaine-type drugs;Cocaine hydrochloride;;Wholesale;2023;;$70,27;$108,11;Grams
Oceania;Australia and New Zealand;Uruguay;Cocaine-type drugs;Cocaine hydrochloride;;Wholesale;2022;;$5.500,00;$8.000,00;Kilograms
Asia;Near and Middle East/ South-West Asia;Uruguay;Cocaine-type drugs;Cocaine hydrochloride;;Wholesale;2023;;$5.500,00;$8.000,00;Kilograms
Oceania;Australia and New Zealand;Uruguay;Cocaine-type drugs;Cocaine hydrochloride;;Wholesale;2021;;$8.000,00;$9.000,00;Kilograms
Asia;Near and Middle East/ South-West Asia;Morocco;Cocaine-type drugs;Cocaine hydrochloride;;Wholesale;2020;;$21.110,41;$36.943,21;Kilograms
Asia;Near and Middle East/ South-West Asia;North Macedonia;Cocaine-type drugs;Cocaine hydrochloride;;Wholesale;2022;;$24.236,04;$63.224,45;Kilograms
Africa;East Africa;Croatia;Cocaine-type drugs;Cocaine hydrochloride;;Wholesale;2022;;$25.289,78;$48.472,08;Kilograms
Asia;Near and Middle East/ South-West Asia;Egypt;Cocaine-type drugs;Cocaine hydrochloride;;Wholesale;2023;;$32.742,87;$65.485,74;Kilograms
Asia;Near and Middle East/ South-West Asia;Czechia;Cocaine-type drugs;Cocaine hydrochloride;;Wholesale;2023;;$33.826,45;$54.122,32;Kilograms
Asia;Near and Middle East/ South-West Asia;Czechia;Cocaine-type drugs;Cocaine hydrochloride;;Wholesale;2021;;$36.997,63;;Kilograms
Americas;Central America;Italy;Cocaine-type drugs;Cocaine hydrochloride;;Wholesale;2023;;$37.068,18;$43.893,84;Kilograms
Americas;Central America;Bulgaria;Cocaine-type drugs;Cocaine hydrochloride;;Wholesale;2020;;$38.056,21;$49.765,81;Kilograms
Americas;South America;Bosnia and Herzegovina;Cocaine-type drugs;Cocaine hydrochloride;;Wholesale;2022;;$38.461,54;$43.203,37;Kilograms
Americas;South America;Czechia;Cocaine-type drugs;Cocaine hydrochloride;;Wholesale;2022;;$38.645,94;$53.674,39;Kilograms
Americas;Caribbean;Czechia;Cocaine-type drugs;Cocaine hydrochloride;;Wholesale;2020;;$40.045,77;$54.919,91;Kilograms
Americas;Central America;Latvia;Cocaine-type drugs;Cocaine hydrochloride;;Wholesale;2021;;$41.518,39;$59.311,98;Kilograms
Africa;West and Central Africa;Latvia;Cocaine-type drugs;Cocaine hydrochloride;;Wholesale;2022;;$42.149,63;$57.955,74;Kilograms
Americas;North America;Bosnia and Herzegovina;Cocaine-type drugs;Cocaine hydrochloride;;Wholesale;2023;;$43.243,24;$48.648,65;Kilograms
Africa;East Africa;Egypt;Cocaine-type drugs;Cocaine hydrochloride;;Wholesale;2021;;$63.836,58;$766.038,94;Kilograms
Africa;East Africa;Egypt;Cocaine-type drugs;Cocaine hydrochloride;;Wholesale;2022;;$79.097,24;$131.828,73;Kilograms
Europe;South-Eastern Europe;New Zealand;Cocaine-type drugs;Cocaine hydrochloride;;Wholesale;2023;;$85.995,09;$159.705,16;Kilograms
Asia;South Asia;Australia;Cocaine-type drugs;Cocaine hydrochloride;;Wholesale;2021;;$90.293,45;$225.733,63;Kilograms
Asia;South Asia;Australia;Cocaine-type drugs;Cocaine hydrochloride;;Wholesale;2023;;$99.535,50;$185.799,60;Kilograms
Asia;South Asia;Australia;Cocaine-type drugs;Cocaine hydrochloride;;Wholesale;2022;;$104.311,54;$312.934,63;Kilograms
Asia;South Asia;New Zealand;Cocaine-type drugs;Cocaine hydrochloride;;Wholesale;2022;;$114.431,02;$190.718,37;Kilograms
Asia;South Asia;Azerbaijan;Cocaine-type drugs;Cocaine hydrochloride;;Wholesale;2022;;$170.000,00;$180.000,00;Kilograms
Americas;Caribbean;Thailand;Cocaine-type drugs;Cocaine hydrochloride;;Wholesale;2022;$2,29;$1,63;$2,46;Grams
Europe;Western and Central Europe;Costa Rica;Cocaine-type drugs;Cocaine hydrochloride;;Wholesale;2020;$10,00;;;Units
Europe;Western and Central Europe;Portugal;Cocaine-type drugs;Cocaine hydrochloride;;Wholesale;2020;$18,98;$15,26;$22,69;Grams
Europe;Western and Central Europe;Namibia;Cocaine-type drugs;Cocaine hydrochloride;;Wholesale;2023;$27,17;;;Kilograms
Africa;West and Central Africa;Namibia;Cocaine-type drugs;Cocaine hydrochloride;;Wholesale;2022;$28,00;;;Kilograms
Europe;Western and Central Europe;Kenya;Cocaine-type drugs;Cocaine hydrochloride;;Wholesale;2020;$37,55;;;Grams
Europe;Western and Central Europe;Lithuania;Cocaine-type drugs;Cocaine hydrochloride;;Wholesale;2022;$44,26;$31,61;$57,96;Grams
Americas;South America;Lithuania;Cocaine-type drugs;Cocaine hydrochloride;;Wholesale;2023;$51,89;$27,03;$64,86;Grams
Americas;South America;Togo;Cocaine-type drugs;Cocaine hydrochloride;;Wholesale;2023;$65,96;$65,96;$69,26;Grams
Americas;South America;Poland;Cocaine-type drugs;Cocaine hydrochloride;;Wholesale;2022;$67,42;$67,42;$67,42;Grams
Africa;North Africa;Gibraltar;Cocaine-type drugs;Cocaine hydrochloride;;Wholesale;2021;$82,53;$82,53;$82,53;Grams
Europe;South-Eastern Europe;Syrian Arab Republic;Cocaine-type drugs;Cocaine hydrochloride;;Wholesale;2022;$100,00;$95,00;$110,00;Grams
Europe;South-Eastern Europe;Syrian Arab Republic;Cocaine-type drugs;Cocaine hydrochloride;;Wholesale;2023;$100,00;$95,00;$110,00;Grams
Africa;North Africa;Zimbabwe;Cocaine-type drugs;Cocaine hydrochloride;;Wholesale;2020;$100,00;$100,00;$100,00;Kilograms
Europe;Western and Central Europe;Algeria;Cocaine-type drugs;Cocaine hydrochloride;;Wholesale;2021;$100,63;$89,44;$111,81;Grams
Europe;Western and Central Europe;Latvia;Cocaine-type drugs;Cocaine hydrochloride;;Wholesale;2020;$102,97;$102,97;$148,74;Grams
Europe;Western and Central Europe;China, Hong Kong SAR;Cocaine-type drugs;Cocaine hydrochloride;;Wholesale;2020;$103,00;$73,74;$172,23;Grams
Europe;South-Eastern Europe;Algeria;Cocaine-type drugs;Cocaine hydrochloride;;Wholesale;2023;$103,28;$51,64;$118,04;Grams
Europe;South-Eastern Europe;Malta;Cocaine-type drugs;Cocaine hydrochloride;;Wholesale;2022;$105,37;;;Grams
Europe;Western and Central Europe;Algeria;Cocaine-type drugs;Cocaine hydrochloride;;Wholesale;2022;$112,97;$84,73;$127,09;Grams
Europe;Western and Central Europe;Armenia;Cocaine-type drugs;Cocaine hydrochloride;;Wholesale;2021;$139,31;$99,51;$159,21;Grams
Europe;Western and Central Europe;Algeria;Cocaine-type drugs;Cocaine hydrochloride;;Wholesale;2020;$149,95;$142,05;$157,84;Grams
Europe;Western and Central Europe;Armenia;Cocaine-type drugs;Cocaine hydrochloride;;Wholesale;2022;$161,69;$138,59;$184,79;Grams
Europe;South-Eastern Europe;Armenia;Cocaine-type drugs;Cocaine hydrochloride;;Wholesale;2020;$184,11;;;Grams
Africa;North Africa;Armenia;Cocaine-type drugs;Cocaine hydrochloride;;Wholesale;2023;$205,91;$193,04;$257,39;Grams
Africa;North Africa;New Zealand;Cocaine-type drugs;Cocaine hydrochloride;;Wholesale;2020;$260,76;$195,57;$325,95;Grams
Oceania;Australia and New Zealand;Saudi Arabia;Cocaine-type drugs;Cocaine hydrochloride;;Wholesale;2021;$266,00;;;Grams
Oceania;Australia and New Zealand;Qatar;Cocaine-type drugs;Cocaine hydrochloride;;Wholesale;2021;$272,11;;$272,11;Grams
Oceania;Australia and New Zealand;Mauritius;Cocaine-type drugs;Cocaine hydrochloride;;Wholesale;2022;$343,30;;;Grams
Oceania;Australia and New Zealand;Costa Rica;Cocaine-type drugs;Cocaine hydrochloride;;Wholesale;2022;$697,42;$619,93;$774,92;Kilograms
Oceania;Australia and New Zealand;Costa Rica;Cocaine-type drugs;Cocaine hydrochloride;;Wholesale;2023;$826,83;$734,96;$918,70;Kilograms
Asia;Central Asia and Transcaucasia;Colombia;Cocaine-type drugs;Cocaine hydrochloride;;Wholesale;2020;$1.134,85;;;Kilograms
Asia;East and South-East Asia;Ghana;Cocaine-type drugs;Cocaine hydrochloride;;Wholesale;2023;$1.137,66;$875,12;$1.312,68;Kilograms
Americas;Central America;Colombia;Cocaine-type drugs;Cocaine hydrochloride;;Wholesale;2021;$1.215,06;;;Kilograms
Europe;Western and Central Europe;Peru;Cocaine-type drugs;Cocaine hydrochloride;;Wholesale;2020;$1.291,51;;;Kilograms
Africa;Southern Africa;Bolivia (Plurinational State of);Cocaine-type drugs;Cocaine hydrochloride;;Wholesale;2022;$2.000,00;$1.600,00;$2.300,00;Kilograms
Africa;Southern Africa;Bolivia (Plurinational State of);Cocaine-type drugs;Cocaine hydrochloride;;Wholesale;2023;$2.000,00;$2.000,00;$2.500,00;Kilograms
Africa;East Africa;Ecuador;Cocaine-type drugs;Cocaine hydrochloride;;Wholesale;2021;$2.088,00;;;Kilograms
Europe;Western and Central Europe;Peru;Cocaine-type drugs;Cocaine hydrochloride;;Wholesale;2023;$2.201,00;;;Kilograms
Europe;Western and Central Europe;Ecuador;Cocaine-type drugs;Cocaine hydrochloride;;Wholesale;2020;$2.300,00;$2.000,00;$3.000,00;Kilograms
Africa;West and Central Africa;Bolivia (Plurinational State of);Cocaine-type drugs;Cocaine hydrochloride;;Wholesale;2021;$2.400,00;$2.000,00;$2.600,00;Kilograms
Europe;Western and Central Europe;Bolivia (Plurinational State of);Cocaine-type drugs;Cocaine hydrochloride;;Wholesale;2020;$2.600,00;$2.500,00;$3.000,00;Kilograms
Europe;Western and Central Europe;Brazil;Cocaine-type drugs;Cocaine hydrochloride;;Wholesale;2022;$2.643,26;;;Kilograms
Asia;Near and Middle East/ South-West Asia;Peru;Cocaine-type drugs;Cocaine hydrochloride;;Wholesale;2021;$2.800,00;;;Kilograms
Asia;Near and Middle East/ South-West Asia;Ghana;Cocaine-type drugs;Cocaine hydrochloride;;Wholesale;2020;$3.156,79;$2.981,41;$4.033,67;Kilograms
Africa;Southern Africa;Greece;Cocaine-type drugs;Cocaine hydrochloride;;Wholesale;2022;$4.741,83;$3.161,22;$6.322,44;Kilograms
Africa;North Africa;New Zealand;Cocaine-type drugs;Cocaine hydrochloride;;Wholesale;2021;$5.669,74;$4.252,30;$9.922,04;Ounce
Europe;Western and Central Europe;Costa Rica;Cocaine-type drugs;Cocaine hydrochloride;;Wholesale;2021;$7.300,22;$6.489,08;$8.111,35;Kilograms
Asia;East and South-East Asia;Paraguay;Cocaine-type drugs;Cocaine hydrochloride;;Wholesale;2022;$7.557,22;$719,74;$7.917,09;Kilograms
Africa;North Africa;Honduras;Cocaine-type drugs;Cocaine hydrochloride;;Wholesale;2023;$8.000,00;$10.000,00;$12.000,00;Kilograms
Europe;Western and Central Europe;Uruguay;Cocaine-type drugs;Cocaine hydrochloride;;Wholesale;2020;$8.558,34;$8.558,34;$11.767,72;Units
Africa;North Africa;Finland;Cocaine-type drugs;Cocaine hydrochloride;;Wholesale;2020;$9.725,40;;;Kilograms
Asia;Central Asia and Transcaucasia;Mexico;Cocaine-type drugs;Cocaine hydrochloride;;Wholesale;2021;$10.201,67;;;Kilograms
Africa;North Africa;Mexico;Cocaine-type drugs;Cocaine hydrochloride;;Wholesale;2021;$10.201,67;;;Kilograms
Asia;Central Asia and Transcaucasia;Mexico;Cocaine-type drugs;Cocaine hydrochloride;;Wholesale;2021;$10.201,67;;;Kilograms
Asia;Central Asia and Transcaucasia;Mexico;Cocaine-type drugs;Cocaine hydrochloride;;Wholesale;2021;$10.201,67;$500,00;$21.000,00;Kilograms
Asia;Central Asia and Transcaucasia;Dominican Republic;Cocaine-type drugs;Cocaine hydrochloride;;Wholesale;2020;$10.204,62;$9.760,95;$10.648,30;Kilograms
Oceania;Australia and New Zealand;Honduras;Cocaine-type drugs;Cocaine hydrochloride;;Wholesale;2022;$11.750,00;$8.500,00;$15.000,00;Kilograms
Asia;Near and Middle East/ South-West Asia;Gambia;Cocaine-type drugs;Cocaine hydrochloride;;Wholesale;2022;$12.118,02;$11.591,15;$13.066,39;Kilograms
Asia;Near and Middle East/ South-West Asia;Honduras;Cocaine-type drugs;Cocaine hydrochloride;;Wholesale;2021;$12.500,00;$8.500,00;$13.000,00;Kilograms
Africa;East Africa;Honduras;Cocaine-type drugs;Cocaine hydrochloride;;Wholesale;2020;$13.000,00;$12.000,00;$15.000,00;Kilograms
Americas;Central America;El Salvador;Cocaine-type drugs;Cocaine hydrochloride;;Wholesale;2020;$13.000,00;$12.500,00;$15.000,00;Kilograms
Americas;Central America;El Salvador;Cocaine-type drugs;Cocaine hydrochloride;;Wholesale;2021;$13.000,00;$12.500,00;$15.000,00;Kilograms
Americas;South America;Guatemala;Cocaine-type drugs;Cocaine hydrochloride;;Wholesale;2021;$13.298,18;;;Kilograms
Africa;West and Central Africa;Guatemala;Cocaine-type drugs;Cocaine hydrochloride;;Wholesale;2020;$13.301,53;$12.946,66;$13.335,06;Kilograms
Americas;South America;Guatemala;Cocaine-type drugs;Cocaine hydrochloride;;Wholesale;2023;$13.356,43;;;Kilograms
Americas;South America;El Salvador;Cocaine-type drugs;Cocaine hydrochloride;;Wholesale;2022;$14.000,00;$12.500,00;$15.000,00;Kilograms
Americas;South America;El Salvador;Cocaine-type drugs;Cocaine hydrochloride;;Wholesale;2023;$15.000,00;$14.000,00;$17.000,00;Kilograms
Americas;South America;Ghana;Cocaine-type drugs;Cocaine hydrochloride;;Wholesale;2022;$16.000,00;$14.000,00;$19.000,00;Kilograms
Americas;South America;Ghana;Cocaine-type drugs;Cocaine hydrochloride;;Wholesale;2021;$18.000,00;$16.000,00;$20.000,00;Kilograms
Americas;South America;Panama;Cocaine-type drugs;Cocaine hydrochloride;;Wholesale;2019;$18.000,00;$18.000,00;$20.000,00;Kilograms
Americas;South America;Belgium;Cocaine-type drugs;Cocaine hydrochloride;;Wholesale;2023;$25.945,95;$20.540,54;$34.594,59;Kilograms
Americas;South America;Ireland;Cocaine-type drugs;Cocaine hydrochloride;;Wholesale;2022;$26.343,52;$26.343,52;$36.880,93;Kilograms
Americas;South America;Ireland;Cocaine-type drugs;Cocaine hydrochloride;;Wholesale;2023;$27.027,03;$27.027,03;$37.837,84;Kilograms
Americas;South America;United Arab Emirates;Cocaine-type drugs;Cocaine hydrochloride;;Wholesale;2021;$27.566,02;;;Kilograms
Americas;South America;Togo;Cocaine-type drugs;Cocaine hydrochloride;;Wholesale;2022;$28.911,62;$24.093,02;$32.124,02;Kilograms
Africa;West and Central Africa;Poland;Cocaine-type drugs;Cocaine hydrochloride;;Wholesale;2020;$30.729,83;;;Kilograms
Europe;Western and Central Europe;United Arab Emirates;Cocaine-type drugs;Cocaine hydrochloride;;Wholesale;2022;$30.969,23;;;Kilograms
Oceania;Australia and New Zealand;Montenegro;Cocaine-type drugs;Cocaine hydrochloride;;Wholesale;2022;$31.612,22;$31.612,22;$36.880,93;Kilograms
Americas;Central America;Belgium;Cocaine-type drugs;Cocaine hydrochloride;;Wholesale;2022;$31.863,01;$26.343,52;$40.042,15;Kilograms
Americas;South America;Mali;Cocaine-type drugs;Cocaine hydrochloride;;Wholesale;2022;$32.124,02;$32.124,02;$40.155,03;Kilograms
Americas;Central America;Greece;Cocaine-type drugs;Cocaine hydrochloride;;Wholesale;2023;$32.432,43;$27.027,03;$37.837,84;Kilograms
Americas;South America;Montenegro;Cocaine-type drugs;Cocaine hydrochloride;;Wholesale;2023;$32.432,43;$32.432,43;$37.837,84;Kilograms
Europe;Western and Central Europe;Belgium;Cocaine-type drugs;Cocaine hydrochloride;;Wholesale;2020;$33.180,78;$29.748,28;$39.816,93;Kilograms
Americas;North America;France;Cocaine-type drugs;Cocaine hydrochloride;;Wholesale;2022;$33.719,70;$29.504,74;$37.934,67;Kilograms
Americas;North America;Ireland;Cocaine-type drugs;Cocaine hydrochloride;;Wholesale;2020;$34.324,94;$28.604,12;$40.045,77;Kilograms
Americas;North America;United Kingdom;Cocaine-type drugs;Cocaine hydrochloride;;Wholesale;2022;$34.610,63;$34.610,63;$39.555,01;Kilograms
Americas;North America;Sweden;Cocaine-type drugs;Cocaine hydrochloride;;Wholesale;2023;$34.849,77;$6.593,20;$56.513,14;Kilograms
Americas;Caribbean;France;Cocaine-type drugs;Cocaine hydrochloride;;Wholesale;2023;$35.228,11;$31.659,46;$39.962,16;Kilograms
Americas;Central America;Ireland;Cocaine-type drugs;Cocaine hydrochloride;;Wholesale;2021;$35.587,19;$29.655,99;$41.518,39;Kilograms
Africa;West and Central Africa;Montenegro;Cocaine-type drugs;Cocaine hydrochloride;;Wholesale;2021;$35.587,19;$35.587,19;$41.518,39;Kilograms
Americas;Central America;Pakistan;Cocaine-type drugs;Cocaine hydrochloride;;Wholesale;2023;$35.923,15;$32.330,84;$39.515,47;Kilograms
Americas;Central America;Kenya;Cocaine-type drugs;Cocaine hydrochloride;;Wholesale;2021;$36.560,06;;;Kilograms
Americas;Central America;Montenegro;Cocaine-type drugs;Cocaine hydrochloride;;Wholesale;2020;$36.613,27;$34.324,94;$45.766,59;Kilograms
Americas;Central America;Bulgaria;Cocaine-type drugs;Cocaine hydrochloride;;Wholesale;2022;$37.715,52;$35.021,55;$43.103,45;Kilograms
Americas;Central America;Spain;Cocaine-type drugs;Cocaine hydrochloride;;Wholesale;2023;$37.865,95;;;Kilograms
Americas;Central America;Slovenia;Cocaine-type drugs;Cocaine hydrochloride;;Wholesale;2022;$37.934,67;$33.719,70;$42.149,63;Kilograms
Americas;Central America;Norway;Cocaine-type drugs;Cocaine hydrochloride;;Wholesale;2023;$37.936,27;$30.349,01;$45.523,52;Kilograms
Americas;Central America;Belgium;Cocaine-type drugs;Cocaine hydrochloride;;Wholesale;2021;$38.039,15;$31.909,85;$44.602,61;Kilograms
Americas;Central America;United Kingdom;Cocaine-type drugs;Cocaine hydrochloride;;Wholesale;2021;$38.514,44;$38.514,44;$44.016,51;Kilograms
Africa;West and Central Africa;France;Cocaine-type drugs;Cocaine hydrochloride;;Wholesale;2021;$38.552,79;$33.214,71;$43.001,19;Kilograms
Africa;West and Central Africa;Croatia;Cocaine-type drugs;Cocaine hydrochloride;;Wholesale;2020;$38.901,60;$27.459,95;$42.334,10;Kilograms
Americas;Central America;Slovenia;Cocaine-type drugs;Cocaine hydrochloride;;Wholesale;2023;$38.918,92;$34.594,59;$43.243,24;Kilograms
Europe;Western and Central Europe;Bosnia and Herzegovina;Cocaine-type drugs;Cocaine hydrochloride;;Wholesale;2021;$39.145,91;$37.959,67;$53.380,78;Kilograms
Europe;Western and Central Europe;Sweden;Cocaine-type drugs;Cocaine hydrochloride;;Wholesale;2022;$39.256,61;$23.852,12;$54.661,10;Kilograms
Europe;Western and Central Europe;Germany;Cocaine-type drugs;Cocaine hydrochloride;;Wholesale;2022;$40.479,45;$30.249,74;$52.145,42;Kilograms
Asia;Near and Middle East/ South-West Asia;Pakistan;Cocaine-type drugs;Cocaine hydrochloride;;Wholesale;2022;$40.694,12;$39.460,96;$41.927,27;Kilograms
Africa;West and Central Africa;Spain;Cocaine-type drugs;Cocaine hydrochloride;;Wholesale;2020;$40.913,04;$41.131,58;$41.216,25;Kilograms
Europe;Western and Central Europe;Russian Federation;Cocaine-type drugs;Cocaine hydrochloride;;Wholesale;2020;$40.981,93;$30.053,41;$109.285,14;Kilograms
Asia;Near and Middle East/ South-West Asia;Poland;Cocaine-type drugs;Cocaine hydrochloride;;Wholesale;2021;$42.099,79;$31.185,03;$54.573,80;Kilograms
Europe;South-Eastern Europe;Germany;Cocaine-type drugs;Cocaine hydrochloride;;Wholesale;2023;$42.207,57;$29.189,19;$54.652,97;Kilograms
Europe;Western and Central Europe;Spain;Cocaine-type drugs;Cocaine hydrochloride;;Wholesale;2021;$42.754,45;;;Kilograms
Africa;West and Central Africa;Poland;Cocaine-type drugs;Cocaine hydrochloride;;Wholesale;2023;$43.223,97;$28.530,67;$83.214,46;Kilograms
Europe;Western and Central Europe;Denmark;Cocaine-type drugs;Cocaine hydrochloride;;Wholesale;2023;$43.554,01;$39.198,61;$50.813,01;Kilograms
Europe;South-Eastern Europe;Croatia;Cocaine-type drugs;Cocaine hydrochloride;;Wholesale;2021;$43.890,87;$28.469,75;$54.567,02;Kilograms
Europe;Western and Central Europe;Italy;Cocaine-type drugs;Cocaine hydrochloride;;Wholesale;2020;$43.970,25;$40.168,19;$47.773,46;Kilograms
Europe;Western and Central Europe;Germany;Cocaine-type drugs;Cocaine hydrochloride;;Wholesale;2021;$44.049,82;$36.773,43;$53.380,78;Kilograms
Europe;Western and Central Europe;Bulgaria;Cocaine-type drugs;Cocaine hydrochloride;;Wholesale;2021;$44.296,12;$39.441,75;$48.543,69;Kilograms
Europe;Western and Central Europe;Slovenia;Cocaine-type drugs;Cocaine hydrochloride;;Wholesale;2021;$45.077,11;$37.959,67;$51.008,30;Kilograms
Europe;Western and Central Europe;Germany;Cocaine-type drugs;Cocaine hydrochloride;;Wholesale;2020;$45.588,10;$33.704,81;$62.337,53;Kilograms
Europe;Western and Central Europe;Greece;Cocaine-type drugs;Cocaine hydrochloride;;Wholesale;2021;$45.670,23;$37.959,67;$53.380,78;Kilograms
Europe;Western and Central Europe;Slovenia;Cocaine-type drugs;Cocaine hydrochloride;;Wholesale;2020;$45.766,59;$40.045,77;$57.208,24;Kilograms
Europe;South-Eastern Europe;Denmark;Cocaine-type drugs;Cocaine hydrochloride;;Wholesale;2020;$46.033,45;$30.688,97;$53.705,69;Kilograms
Asia;Near and Middle East/ South-West Asia;Sweden;Cocaine-type drugs;Cocaine hydrochloride;;Wholesale;2020;$46.351,84;$27.265,79;$89.977,10;Kilograms
Africa;East Africa;Sweden;Cocaine-type drugs;Cocaine hydrochloride;;Wholesale;2021;$46.800,05;$8.190,01;$50.895,05;Kilograms
Europe;South-Eastern Europe;India;Cocaine-type drugs;Cocaine hydrochloride;;Wholesale;2020;$47.227,09;;;Kilograms
Europe;South-Eastern Europe;Denmark;Cocaine-type drugs;Cocaine hydrochloride;;Wholesale;2021;$47.449,58;$31.637,01;$60.106,76;Kilograms
Europe;Western and Central Europe;Malaysia;Cocaine-type drugs;Cocaine hydrochloride;;Wholesale;2021;$48.355,90;;;Kilograms
Europe;Western and Central Europe;Greece;Cocaine-type drugs;Cocaine hydrochloride;;Wholesale;2020;$48.627,00;$40.045,77;$57.208,24;Kilograms
Europe;Western and Central Europe;Austria;Cocaine-type drugs;Cocaine hydrochloride;;Wholesale;2022;$49.525,82;$35.827,19;$63.224,45;Kilograms
Europe;Western and Central Europe;Austria;Cocaine-type drugs;Cocaine hydrochloride;;Wholesale;2023;$49.729,73;$34.594,59;$64.864,86;Kilograms
Europe;Western and Central Europe;Bulgaria;Cocaine-type drugs;Cocaine hydrochloride;;Wholesale;2023;$49.778,76;$44.247,79;$55.309,73;Kilograms
Europe;Western and Central Europe;United Kingdom;Cocaine-type drugs;Cocaine hydrochloride;;Wholesale;2020;$51.413,88;$38.560,41;$52.699,23;Kilograms
Europe;South-Eastern Europe;Romania;Cocaine-type drugs;Cocaine hydrochloride;;Wholesale;2020;$51.487,41;$40.045,77;$68.649,89;Kilograms
Europe;Western and Central Europe;Estonia;Cocaine-type drugs;Cocaine hydrochloride;;Wholesale;2020;$51.487,41;$40.045,77;$80.091,53;Kilograms
Europe;South-Eastern Europe;United Arab Emirates;Cocaine-type drugs;Cocaine hydrochloride;;Wholesale;2020;$51.729,10;;;Kilograms
Europe;Western and Central Europe;Estonia;Cocaine-type drugs;Cocaine hydrochloride;;Wholesale;2022;$52.687,04;$26.343,52;$79.030,56;Kilograms
Europe;Western and Central Europe;Romania;Cocaine-type drugs;Cocaine hydrochloride;;Wholesale;2022;$52.687,04;$36.880,93;$73.761,85;Kilograms
Asia;Near and Middle East/ South-West Asia;Estonia;Cocaine-type drugs;Cocaine hydrochloride;;Wholesale;2023;$54.054,05;$32.432,43;$91.891,89;Kilograms
Europe;Western and Central Europe;Tunisia;Cocaine-type drugs;Cocaine hydrochloride;;Wholesale;2021;$54.269,18;$54.269,18;$72.358,90;Kilograms
Europe;Eastern Europe;Qatar;Cocaine-type drugs;Cocaine hydrochloride;;Wholesale;2023;$54.809,54;$41.107,15;$68.511,92;Kilograms
Europe;Western and Central Europe;Pakistan;Cocaine-type drugs;Cocaine hydrochloride;;Wholesale;2020;$55.747,23;$48.004,56;$63.489,90;Kilograms
Europe;Western and Central Europe;Austria;Cocaine-type drugs;Cocaine hydrochloride;;Wholesale;2021;$55.753,26;$40.332,15;$71.174,38;Kilograms
Europe;Western and Central Europe;Morocco;Cocaine-type drugs;Cocaine hydrochloride;;Wholesale;2023;$59.194,95;$39.463,30;$78.926,60;Kilograms
Europe;Western and Central Europe;Morocco;Cocaine-type drugs;Cocaine hydrochloride;;Wholesale;2022;$59.235,86;$39.490,57;$78.981,14;Kilograms
Europe;Western and Central Europe;India;Cocaine-type drugs;Cocaine hydrochloride;;Wholesale;2021;$59.666,68;;;Kilograms
Europe;South-Eastern Europe;Austria;Cocaine-type drugs;Cocaine hydrochloride;;Wholesale;2020;$61.784,90;$43.478,26;$80.091,53;Kilograms
Europe;Western and Central Europe;Sri Lanka;Cocaine-type drugs;Cocaine hydrochloride;;Wholesale;2022;$62.972,89;;;Kilograms
Europe;Western and Central Europe;Republic of Moldova;Cocaine-type drugs;Cocaine hydrochloride;;Wholesale;2022;$63.224,45;;;Kilograms
Europe;South-Eastern Europe;China, Hong Kong SAR;Cocaine-type drugs;Cocaine hydrochloride;;Wholesale;2023;$64.150,89;$37.973,94;$92.436,44;Kilograms
Europe;Western and Central Europe;Republic of Moldova;Cocaine-type drugs;Cocaine hydrochloride;;Wholesale;2023;$64.864,86;;;Kilograms
Europe;Western and Central Europe;China, Hong Kong SAR;Cocaine-type drugs;Cocaine hydrochloride;;Wholesale;2021;$67.350,02;$48.899,76;$86.217,99;Kilograms
Europe;Western and Central Europe;Qatar;Cocaine-type drugs;Cocaine hydrochloride;;Wholesale;2020;$68.157,03;;$272.628,14;Kilograms
Europe;Western and Central Europe;Republic of Moldova;Cocaine-type drugs;Cocaine hydrochloride;;Wholesale;2020;$68.649,89;;;Kilograms
Europe;Western and Central Europe;Republic of Moldova;Cocaine-type drugs;Cocaine hydrochloride;;Wholesale;2021;$71.174,38;;;Kilograms
Europe;Western and Central Europe;Estonia;Cocaine-type drugs;Cocaine hydrochloride;;Wholesale;2021;$71.174,38;$59.311,98;$88.967,97;Kilograms
Europe;Western and Central Europe;Finland;Cocaine-type drugs;Cocaine hydrochloride;;Wholesale;2022;$73.761,85;$36.880,93;$110.642,78;Kilograms
Asia;South Asia;State of Palestine;Cocaine-type drugs;Cocaine hydrochloride;;Wholesale;2021;$75.000,00;$70.000,00;$77.000,00;Kilograms
Europe;Western and Central Europe;China, Hong Kong SAR;Cocaine-type drugs;Cocaine hydrochloride;;Wholesale;2022;$80.000,26;$41.927,47;$105.989,02;Kilograms
Asia;East and South-East Asia;India;Cocaine-type drugs;Cocaine hydrochloride;;Wholesale;2022;$154.340,67;;;Kilograms
Europe;Western and Central Europe;Australia;Cocaine-type drugs;Cocaine hydrochloride;;Wholesale;2020;$159.530,39;$89.779,01;$220.994,48;Kilograms
Europe;Western and Central Europe;Sri Lanka;Cocaine-type drugs;Cocaine hydrochloride;;Wholesale;2021;$177.609,98;;;Kilograms
Europe;Western and Central Europe;India;Cocaine-type drugs;Cocaine hydrochloride;;Wholesale;2023;$178.653,62;;;Kilograms
Europe;South-Eastern Europe;Andorra;Cocaine-type drugs;Cocaine-type drugs;;Retail;2020;;$57,21;$68,65;Grams
Europe;Western and Central Europe;Serbia;Cocaine-type drugs;Cocaine-type drugs;;Retail;2021;;$71,17;$118,62;Grams
Europe;South-Eastern Europe;Israel;Cocaine-type drugs;Cocaine-type drugs;;Retail;2021;;$77,21;$247,07;Grams
Europe;Western and Central Europe;Australia;Cocaine-type drugs;Cocaine-type drugs;;Retail;2021;;$150,49;$451,47;Grams
Asia;Near and Middle East/ South-West Asia;Egypt;Cocaine-type drugs;Cocaine-type drugs;;Retail;2020;;$158,55;$190,26;Grams
Europe;Western and Central Europe;Australia;Cocaine-type drugs;Cocaine-type drugs;;Retail;2022;;$173,85;$417,25;Grams
Europe;South-Eastern Europe;New Zealand;Cocaine-type drugs;Cocaine-type drugs;;Retail;2023;;$2.764,13;$6.142,51;Ounce
Europe;Western and Central Europe;Uzbekistan;Cocaine-type drugs;Cocaine-type drugs;;Retail;2022;;$37.000,00;$46.000,00;Kilograms
Africa;North Africa;Australia;Cocaine-type drugs;Cocaine-type drugs;;Retail;2020;;$120.856,35;$151.933,70;Litres
Asia;Near and Middle East/ South-West Asia;Ecuador;Cocaine-type drugs;Cocaine-type drugs;;Retail;2020;$5,00;$3,00;$10,00;Grams
Asia;Near and Middle East/ South-West Asia;El Salvador;Cocaine-type drugs;Cocaine-type drugs;;Retail;2022;$25,00;$20,00;$35,00;Grams
Europe;Western and Central Europe;El Salvador;Cocaine-type drugs;Cocaine-type drugs;;Retail;2023;$25,14;$20,00;$40,00;Grams
Africa;North Africa;Luxembourg;Cocaine-type drugs;Cocaine-type drugs;;Retail;2021;$44,28;$23,72;$71,17;Grams
Africa;North Africa;Türkiye;Cocaine-type drugs;Cocaine-type drugs;;Retail;2021;$44,48;;;Grams
Asia;South Asia;Zambia;Cocaine-type drugs;Cocaine-type drugs;;Retail;2022;$47,35;$41,43;$71,02;Grams
Europe;Western and Central Europe;Andorra;Cocaine-type drugs;Cocaine-type drugs;;Retail;2022;$52,69;$52,69;$63,22;Grams
Asia;South Asia;Türkiye;Cocaine-type drugs;Cocaine-type drugs;;Retail;2022;$53,35;;;Grams
Europe;Eastern Europe;Andorra;Cocaine-type drugs;Cocaine-type drugs;;Retail;2023;$54,05;$54,05;$86,49;Grams
Asia;East and South-East Asia;Türkiye;Cocaine-type drugs;Cocaine-type drugs;;Retail;2020;$57,84;;;Grams
Europe;Eastern Europe;Luxembourg;Cocaine-type drugs;Cocaine-type drugs;;Retail;2022;$59,58;$21,07;$94,84;Grams
Asia;East and South-East Asia;Türkiye;Cocaine-type drugs;Cocaine-type drugs;;Retail;2023;$62,59;;;Grams
Asia;Near and Middle East/ South-West Asia;France;Cocaine-type drugs;Cocaine-type drugs;;Retail;2020;$75,51;$60,64;$91,53;Grams
Europe;Eastern Europe;Cyprus;Cocaine-type drugs;Cocaine-type drugs;;Retail;2021;$94,90;$23,72;$189,80;Grams
Europe;Eastern Europe;Syrian Arab Republic;Cocaine-type drugs;Cocaine-type drugs;;Retail;2021;$102,00;$110,00;$120,00;Grams
Europe;Western and Central Europe;Cyprus;Cocaine-type drugs;Cocaine-type drugs;;Retail;2022;$105,37;$10,54;$351,24;Grams
Europe;Western and Central Europe;Estonia;Cocaine-type drugs;Cocaine-type drugs;;Retail;2023;$108,11;$46,49;$162,16;Grams
Asia;Near and Middle East/ South-West Asia;Cyprus;Cocaine-type drugs;Cocaine-type drugs;;Retail;2020;$114,42;$4,23;$572,08;Grams
Asia;East and South-East Asia;Iceland;Cocaine-type drugs;Cocaine-type drugs;;Retail;2021;$120,89;;;
Asia;South Asia;Estonia;Cocaine-type drugs;Cocaine-type drugs;;Retail;2022;$126,45;$94,84;$158,06;Grams
Oceania;Australia and New Zealand;China;Cocaine-type drugs;Cocaine-type drugs;;Retail;2021;$128,52;;;Grams
Asia;South Asia;Estonia;Cocaine-type drugs;Cocaine-type drugs;;Retail;2020;$137,30;$114,42;$171,62;Grams
Asia;South Asia;Estonia;Cocaine-type drugs;Cocaine-type drugs;;Retail;2021;$148,28;$94,90;$177,94;
Europe;Western and Central Europe;Israel;Cocaine-type drugs;Cocaine-type drugs;;Retail;2022;$179,37;$149,48;$209,27;Grams
Europe;South-Eastern Europe;Japan;Cocaine-type drugs;Cocaine-type drugs;;Retail;2021;$182,56;;;Grams
Asia;Near and Middle East/ South-West Asia;Japan;Cocaine-type drugs;Cocaine-type drugs;;Retail;2020;$187,89;;;Grams
Oceania;Australia and New Zealand;Israel;Cocaine-type drugs;Cocaine-type drugs;;Retail;2020;$204,56;$102,28;$292,23;Grams
Africa;North Africa;State of Palestine;Cocaine-type drugs;Cocaine-type drugs;;Retail;2023;$70.000,00;$68.000,00;$75.000,00;Kilograms
Oceania;Australia and New Zealand;Sri Lanka;Cocaine-type drugs;Cocaine-type drugs;;Retail;2023;$84.023,34;;;Kilograms
Oceania;Australia and New Zealand;United Kingdom;Cocaine-type drugs;Cocaine-type drugs;;Retail;2022;$98.887,52;$88.998,76;$123.609,39;Kilograms
Asia;Central Asia and Transcaucasia;Sri Lanka;Cocaine-type drugs;Cocaine-type drugs;;Retail;2020;$102.370,69;;;
Oceania;Australia and New Zealand;Albania;Cocaine-type drugs;Cocaine-type drugs;;Wholesale;2022;;$24.236,04;$27.397,26;Kilograms
Americas;South America;Uzbekistan;Cocaine-type drugs;Cocaine-type drugs;;Wholesale;2022;;$32.000,00;$41.000,00;Kilograms
Americas;Central America;Serbia;Cocaine-type drugs;Cocaine-type drugs;;Wholesale;2020;;$34.324,94;$45.766,59;Kilograms
Americas;Central America;Serbia;Cocaine-type drugs;Cocaine-type drugs;;Wholesale;2021;;$35.587,19;$47.449,58;Kilograms
Europe;Western and Central Europe;Malaysia;Cocaine-type drugs;Cocaine-type drugs;;Wholesale;2020;;$47.596,38;$47.596,38;Kilograms
Europe;South-Eastern Europe;Israel;Cocaine-type drugs;Cocaine-type drugs;;Wholesale;2021;;$52.501,54;$77.208,15;Kilograms
Africa;Southern Africa;Azerbaijan;Cocaine-type drugs;Cocaine-type drugs;;Wholesale;2020;;$88.443,40;$117.924,53;Kilograms
Europe;Western and Central Europe;Australia;Cocaine-type drugs;Cocaine-type drugs;;Wholesale;2020;;$103.591,16;$310.773,48;Kilograms
Europe;South-Eastern Europe;Egypt;Cocaine-type drugs;Cocaine-type drugs;;Wholesale;2020;;$114.155,25;$139.523,08;Kilograms
Europe;Western and Central Europe;Australia;Cocaine-type drugs;Cocaine-type drugs;;Wholesale;2022;;$236.439,50;$292.072,32;Kilograms
Europe;South-Eastern Europe;Panama;Cocaine-type drugs;Cocaine-type drugs;;Wholesale;2023;$2,00;$1,00;$10,00;Units
Europe;Western and Central Europe;Panama;Cocaine-type drugs;Cocaine-type drugs;;Wholesale;2022;$10,00;$5,00;$15,00;Grams
Europe;South-Eastern Europe;Zambia;Cocaine-type drugs;Cocaine-type drugs;;Wholesale;2021;$29,96;;;
Europe;Western and Central Europe;Poland;Cocaine-type drugs;Cocaine-type drugs;;Wholesale;2022;$67,42;$67,42;$67,42;Grams
Europe;Western and Central Europe;Gibraltar;Cocaine-type drugs;Cocaine-type drugs;;Wholesale;2023;$74,53;;;Grams
Asia;Near and Middle East/ South-West Asia;State of Palestine;Cocaine-type drugs;Cocaine-type drugs;;Wholesale;2023;$80,00;$75,00;$85,00;Grams
Europe;Western and Central Europe;China;Cocaine-type drugs;Cocaine-type drugs;;Wholesale;2020;$91,67;$72,46;$110,87;Grams
Europe;Western and Central Europe;China;Cocaine-type drugs;Cocaine-type drugs;;Wholesale;2021;$97,71;;;Grams
Europe;Western and Central Europe;Latvia;Cocaine-type drugs;Cocaine-type drugs;;Wholesale;2020;$102,97;$102,97;$148,74;Grams
Europe;Western and Central Europe;Syrian Arab Republic;Cocaine-type drugs;Cocaine-type drugs;;Wholesale;2021;$110,00;$100,00;$115,00;Grams
Europe;Western and Central Europe;Japan;Cocaine-type drugs;Cocaine-type drugs;;Wholesale;2023;$178,25;;;
Asia;East and South-East Asia;Japan;Cocaine-type drugs;Cocaine-type drugs;;Wholesale;2022;$183,46;;;Grams
Europe;Western and Central Europe;El Salvador;Cocaine-type drugs;Cocaine-type drugs;;Wholesale;2022;$14.000,00;$12.500,00;$15.000,00;Kilograms
Europe;Western and Central Europe;El Salvador;Cocaine-type drugs;Cocaine-type drugs;;Wholesale;2023;$15.000,00;$14.000,00;$17.000,00;Kilograms
Asia;Near and Middle East/ South-West Asia;Spain;Cocaine-type drugs;Cocaine-type drugs;;Wholesale;2022;$37.678,61;;;Kilograms
Asia;East and South-East Asia;France;Cocaine-type drugs;Cocaine-type drugs;;Wholesale;2020;$38.329,52;$34.324,94;$45.766,59;Kilograms
Asia;East and South-East Asia;Estonia;Cocaine-type drugs;Cocaine-type drugs;;Wholesale;2020;$51.487,41;$40.045,77;$80.091,53;Kilograms
Asia;Near and Middle East/ South-West Asia;Estonia;Cocaine-type drugs;Cocaine-type drugs;;Wholesale;2022;$52.687,04;$26.343,52;$79.030,56;Kilograms
Asia;Near and Middle East/ South-West Asia;Estonia;Cocaine-type drugs;Cocaine-type drugs;;Wholesale;2023;$54.054,05;$32.432,43;$91.891,89;Kilograms
Asia;South Asia;Zambia;Cocaine-type drugs;Cocaine-type drugs;;Wholesale;2023;$60.000,00;$60.000,00;$60.000,00;Kilograms
Europe;Western and Central Europe;Sri Lanka;Cocaine-type drugs;Cocaine-type drugs;;Wholesale;2023;$76.384,86;;;Kilograms
Asia;South Asia;Israel;Cocaine-type drugs;Cocaine-type drugs;;Wholesale;2020;$102.279,37;$93.512,57;$116.890,71;Kilograms
Africa;East Africa;China, Macao SAR;Opioids;Heroin;;Retail;2022;;;$173,65;Grams
Europe;Western and Central Europe;China, Macao SAR;Opioids;Heroin;;Retail;2023;;;$173,65;Grams
Asia;East and South-East Asia;China, Macao SAR;Opioids;Heroin;;Retail;2021;;;$175,04;Grams
Europe;Western and Central Europe;China, Macao SAR;Opioids;Heroin;;Retail;2020;;;$175,39;Grams
Europe;Western and Central Europe;Albania;Opioids;Heroin;;Retail;2023;;$0,10;;Grams
Europe;Western and Central Europe;Ukraine;Opioids;Heroin;;Retail;2021;;$4,39;$73,55;Grams
Europe;Western and Central Europe;Egypt;Opioids;Heroin;;Retail;2019;;$7,11;$11,84;Gram
Europe;Western and Central Europe;Egypt;Opioids;Heroin;;Retail;2020;;$7,61;$12,68;Grams
Oceania;Australia and New Zealand;South Africa;Opioids;Heroin;;Retail;2023;;$8,35;$24,33;Grams
Europe;Western and Central Europe;Kyrgyzstan;Opioids;Heroin;;Retail;2020;;$10,00;$15,00;Units
Europe;Western and Central Europe;Bosnia and Herzegovina;Opioids;Heroin;;Retail;2023;;$11,06;$22,12;Grams
Asia;East and South-East Asia;Singapore;Opioids;Heroin;;Retail;2021;;$11,18;$14,90;Grams
Asia;East and South-East Asia;Albania;Opioids;Heroin;;Retail;2021;;$11,86;$23,72;Grams
Europe;Western and Central Europe;Kyrgyzstan;Opioids;Heroin;;Retail;2019;;$15,00;$25,00;Gram
Asia;East and South-East Asia;Serbia;Opioids;Heroin;;Retail;2022;;$15,81;$21,07;Grams
Europe;Western and Central Europe;Montenegro;Opioids;Heroin;;Retail;2019;;$16,80;$22,40;Gram
Asia;East and South-East Asia;Serbia;Opioids;Heroin;;Retail;2019;;$16,80;$22,40;Gram
Oceania;Australia and New Zealand;Albania;Opioids;Heroin;Brown;Retail;2019;;$16,80;$22,40;Gram
Americas;North America;Serbia;Opioids;Heroin;;Retail;2021;;$17,79;$23,72;Grams
Europe;Western and Central Europe;Kyrgyzstan;Opioids;Heroin;;Retail;2021;;$18,00;$30,00;Grams
Europe;Western and Central Europe;United States of America;Opioids;Heroin;;Retail;2019;;$20,00;$400,00;Gram
Asia;East and South-East Asia;North Macedonia;Opioids;Heroin;;Retail;2022;;$21,07;$33,72;Grams
Europe;Western and Central Europe;Croatia;Opioids;Heroin;;Retail;2022;;$21,07;$40,04;Grams
Asia;East and South-East Asia;Oman;Opioids;Heroin;;Retail;2020;;$26,04;;Grams
Asia;East and South-East Asia;India;Opioids;Heroin;;Retail;2019;;$28,42;$85,27;Gram
Europe;Western and Central Europe;Thailand;Opioids;Heroin;;Retail;2019;;$33,00;$66,00;Gram
Asia;East and South-East Asia;Czechia;Opioids;Heroin;;Retail;2022;;$34,35;$51,53;Grams
Europe;Western and Central Europe;Bulgaria;Opioids;Heroin;;Retail;2020;;$35,13;$40,98;Grams
Europe;Western and Central Europe;Romania;Opioids;Heroin;;Retail;2020;;$35,47;$46,91;Grams
Europe;Western and Central Europe;Italy;Opioids;Heroin;;Retail;2022;;$38,29;$47,89;Grams
Europe;Western and Central Europe;Thailand;Opioids;Heroin;;Retail;2022;;$41,01;$51,27;Grams
Europe;Western and Central Europe;Romania;Opioids;Heroin;;Retail;2022;;$42,15;$53,74;Grams
Asia;East and South-East Asia;Czechia;Opioids;Heroin;;Retail;2020;;$43,14;$86,27;Grams
Asia;East and South-East Asia;Italy;Opioids;Heroin;;Retail;2021;;$44,02;$53,80;Grams
Asia;East and South-East Asia;Czechia;Opioids;Heroin;;Retail;2021;;$46,26;$78,65;Grams
Asia;East and South-East Asia;Romania;Opioids;Heroin;;Retail;2019;;$47,20;$58,99;Gram
Europe;South-Eastern Europe;Singapore;Opioids;Heroin;;Retail;2022;;$50,89;$101,78;Grams
Europe;Eastern Europe;Italy;Opioids;Heroin;;Retail;2023;;$52,89;$63,39;Grams
Africa;North Africa;Czechia;Opioids;Heroin;;Retail;2023;;$54,05;;
Africa;North Africa;Australia;Opioids;Heroin;;Retail;2022;;$55,63;$69,54;Units
Africa;Southern Africa;Lithuania;Opioids;Heroin;;Retail;2021;;$59,31;$94,90;Grams
Asia;Central Asia and Transcaucasia;Australia;Opioids;Heroin;;Retail;2021;;$60,20;$75,24;Units
Europe;South-Eastern Europe;Singapore;Opioids;Heroin;;Retail;2023;;$78,38;$78,38;Grams
Asia;East and South-East Asia;Ukraine;Opioids;Heroin;;Retail;2023;;$130,00;$200,00;Grams
Europe;South-Eastern Europe;Finland;Opioids;Heroin;White;Retail;2019;;$167,97;$223,96;Gram
Asia;Central Asia and Transcaucasia;Finland;Opioids;Heroin;;Retail;2020;;$183,07;$251,72;Grams
Europe;South-Eastern Europe;Australia;Opioids;Heroin;;Retail;2020;;$276,24;$345,30;Grams
Europe;South-Eastern Europe;Australia;Opioids;Heroin;;Retail;2019;;$278,36;$487,13;Gram
Europe;South-Eastern Europe;Mauritius;Opioids;Heroin;;Retail;2020;;$390,61;;Grams
Europe;South-Eastern Europe;Uzbekistan;Opioids;Heroin;;Retail;2022;;$19.000,00;$29.000,00;Kilograms
Europe;South-Eastern Europe;Uzbekistan;Opioids;Heroin;;Retail;2023;;$19.000,00;$29.000,00;Kilograms
Asia;Central Asia and Transcaucasia;Uzbekistan;Opioids;Heroin;;Retail;2019;;$30.000,00;$60.000,00;Kilogram
Americas;North America;Zambia;Opioids;Heroin;;Retail;2022;$1,78;$1,48;$2,37;Grams
Europe;South-Eastern Europe;Myanmar;Opioids;Heroin;;Retail;2022;$1,82;;;Grams
Europe;South-Eastern Europe;Ecuador;Opioids;Heroin;;Retail;2019;$4,70;$2,00;$12,50;Gram
Asia;Near and Middle East/ South-West Asia;Malaysia;Opioids;Heroin;Heroin no 3;Retail;2019;$7,23;$4,82;$9,65;Gram
Asia;South Asia;Syrian Arab Republic;Opioids;Heroin;;Retail;2022;$9,00;$7,00;$11,00;Grams
Asia;East and South-East Asia;Syrian Arab Republic;Opioids;Heroin;;Retail;2021;$9,00;$8,70;$9,50;Grams
Europe;Western and Central Europe;Ecuador;Opioids;Heroin;;Retail;2020;$9,50;$7,00;$15,00;Grams
Europe;South-Eastern Europe;Lebanon;Opioids;Heroin;;Retail;2019;$10,00;$8,00;$20,00;Gram
Europe;South-Eastern Europe;Mexico;Opioids;Heroin;;Retail;2019;$11,07;$4,63;$41,18;Dose
Europe;Western and Central Europe;United Kingdom;Opioids;Heroin;;Retail;2020;$12,85;$12,85;$12,85;Units
Asia;East and South-East Asia;Türkiye;Opioids;Heroin;;Retail;2022;$13,23;;;Grams
Europe;South-Eastern Europe;Thailand;Opioids;Heroin;;Retail;2021;$13,50;;;Grams
Europe;Western and Central Europe;Türkiye;Opioids;Heroin;;Retail;2023;$14,13;;;Grams
Europe;Western and Central Europe;Spain;Opioids;Heroin;;Retail;2020;$14,73;$14,44;$15,03;Units
Europe;Western and Central Europe;Syrian Arab Republic;Opioids;Heroin;;Retail;2023;$15,00;$12,00;$20,00;Grams
Europe;South-Eastern Europe;Spain;Opioids;Heroin;;Retail;2022;$15,05;;;Grams
Asia;East and South-East Asia;Myanmar;Opioids;Heroin;;Retail;2023;$15,95;;;Grams
Europe;Western and Central Europe;Montenegro;Opioids;Heroin;;Retail;2023;$16,22;$10,81;$32,43;Grams
Europe;Western and Central Europe;Luxembourg;Opioids;Heroin;;Retail;2023;$16,22;$16,22;$16,22;Grams
Oceania;Australia and New Zealand;Spain;Opioids;Heroin;;Retail;2021;$16,23;;;
Europe;Western and Central Europe;Portugal;Opioids;Heroin;;Retail;2022;$17,50;;;Grams
Oceania;Australia and New Zealand;Montenegro;Opioids;Heroin;;Retail;2021;$17,79;$17,79;$23,72;Grams
Asia;East and South-East Asia;Iran (Islamic Republic of);Opioids;Heroin;;Retail;2019;$18,27;;;Gram
Europe;Eastern Europe;Greece;Opioids;Heroin;;Retail;2022;$19,49;$12,64;$26,34;Grams
Europe;Western and Central Europe;Greece;Opioids;Heroin;Brown;Retail;2019;$19,60;$13,44;$28,00;Gram
Europe;Western and Central Europe;Portugal;Opioids;Heroin;;Retail;2020;$19,60;$4,66;$39,57;Grams
Oceania;Australia and New Zealand;Myanmar;Opioids;Heroin;;Retail;2019;$19,63;;;Gram
Oceania;Australia and New Zealand;Portugal;Opioids;Heroin;;Retail;2023;$19,74;;;Grams
Africa;East Africa;Russian Federation;Opioids;Heroin;;Retail;2019;$19,96;$15,35;$23,03;Gram
Asia;Central Asia and Transcaucasia;Belgium;Opioids;Heroin;;Retail;2023;$20,00;$10,81;$53,51;Grams
Asia;Central Asia and Transcaucasia;Greece;Opioids;Heroin;;Retail;2023;$20,00;$12,97;$27,03;Grams
Asia;Central Asia and Transcaucasia;Kyrgyzstan;Opioids;Heroin;;Retail;2022;$20,00;$14,00;$26,00;Grams
Africa;Southern Africa;Tajikistan;Opioids;Heroin;;Retail;2023;$20,00;$40,00;$80,00;Grams
Asia;East and South-East Asia;Belgium;Opioids;Heroin;;Retail;2022;$20,02;$10,54;$32,98;Grams
Americas;South America;Morocco;Opioids;Heroin;;Retail;2019;$20,77;;;Gram
Asia;East and South-East Asia;Belgium;Opioids;Heroin;;Retail;2020;$21,17;$13,50;$34,32;Grams
Asia;Near and Middle East/ South-West Asia;Greece;Opioids;Heroin;;Retail;2020;$21,17;$13,73;$28,60;Grams
Asia;Near and Middle East/ South-West Asia;Türkiye;Opioids;Heroin;;Retail;2020;$21,59;;;Grams
Americas;South America;Türkiye;Opioids;Heroin;;Retail;2019;$21,64;;;Gram
Asia;Near and Middle East/ South-West Asia;Greece;Opioids;Heroin;;Retail;2021;$21,95;$14,23;$29,66;Grams
Americas;North America;Myanmar;Opioids;Heroin;;Retail;2021;$22,09;;;Grams
Europe;Western and Central Europe;Morocco;Opioids;Heroin;;Retail;2021;$22,32;$20,09;$25,67;Grams
Europe;South-Eastern Europe;Kyrgyzstan;Opioids;Heroin;;Retail;2023;$22,50;$17,00;$28,00;Grams
Asia;East and South-East Asia;Belgium;Opioids;Heroin;;Retail;2019;$22,84;$8,40;$44,79;Gram
Europe;South-Eastern Europe;Morocco;Opioids;Heroin;;Retail;2023;$24,66;$19,73;$39,46;Grams
Europe;Western and Central Europe;Morocco;Opioids;Heroin;;Retail;2022;$24,68;$19,75;$44,43;Grams
Asia;Near and Middle East/ South-West Asia;Portugal;Opioids;Heroin;;Retail;2021;$24,80;;;Grams
Europe;Western and Central Europe;Tajikistan;Opioids;Heroin;;Retail;2019;$25,00;$20,00;$30,00;Gram
Asia;East and South-East Asia;Myanmar;Opioids;Heroin;;Retail;2020;$25,35;;;Grams
Europe;South-Eastern Europe;Mexico;Opioids;Heroin;;Retail;2021;$25,38;;;Grams
Europe;Western and Central Europe;Mexico;Opioids;Heroin;;Retail;2021;$25,38;;;Grams
Europe;Western and Central Europe;Mexico;Opioids;Heroin;;Retail;2021;$25,38;$1,50;$40,00;Grams
Europe;Western and Central Europe;Luxembourg;Opioids;Heroin;;Retail;2022;$25,76;$10,54;$63,22;Grams
Europe;South-Eastern Europe;Bosnia and Herzegovina;Opioids;Heroin;;Retail;2022;$26,34;$21,07;$31,61;Grams
Asia;Near and Middle East/ South-West Asia;Portugal;Opioids;Heroin;;Retail;2019;$27,16;$7,47;$55,99;Gram
Europe;Western and Central Europe;Belgium;Opioids;Heroin;;Retail;2021;$27,28;$11,86;$43,89;Grams
Europe;Western and Central Europe;Greece;Opioids;Heroin;White;Retail;2019;$28,00;$22,40;$33,59;Gram
Europe;Western and Central Europe;Israel;Opioids;Heroin;;Retail;2020;$29,22;$29,22;$29,22;Grams
Asia;East and South-East Asia;France;Opioids;Heroin;;Retail;2023;$30,27;$23,78;$36,76;Grams
Europe;Western and Central Europe;Israel;Opioids;Heroin;;Retail;2021;$30,88;;;Units
Europe;Eastern Europe;Zambia;Opioids;Heroin;;Retail;2019;$31,16;$23,37;$46,74;Gram
Europe;Western and Central Europe;Slovenia;Opioids;Heroin;;Retail;2022;$31,61;$21,07;$42,15;Grams
Europe;Western and Central Europe;France;Opioids;Heroin;;Retail;2022;$31,61;$24,24;$42,15;Grams
Asia;Central Asia and Transcaucasia;Croatia;Opioids;Heroin;;Retail;2020;$32,04;$20,59;$43,48;Grams
Asia;Central Asia and Transcaucasia;Bulgaria;Opioids;Heroin;;Retail;2022;$32,33;$26,94;$37,72;Grams
Europe;Western and Central Europe;Slovenia;Opioids;Heroin;;Retail;2023;$32,43;$21,62;$43,24;Grams
Africa;North Africa;Croatia;Opioids;Heroin;;Retail;2021;$33,21;$23,72;$45,08;Grams
Europe;Western and Central Europe;Kenya;Opioids;Heroin;;Retail;2022;$34,04;;;Grams
Europe;Western and Central Europe;Slovenia;Opioids;Heroin;;Retail;2020;$34,32;$22,88;$45,77;Grams
Europe;South-Eastern Europe;Hungary;Opioids;Heroin;;Retail;2019;$34,37;$24,06;$85,94;Grams
Europe;South-Eastern Europe;Slovenia;Opioids;Heroin;;Retail;2021;$35,59;$23,72;$47,45;Grams
Europe;Western and Central Europe;France;Opioids;Heroin;;Retail;2021;$35,59;$27,28;$47,45;Grams
Asia;East and South-East Asia;United Arab Emirates;Opioids;Heroin;;Retail;2022;$35,94;;;Grams
Africa;North Africa;Bulgaria;Opioids;Heroin;;Retail;2019;$37,21;$34,34;$40,07;Gram
Asia;Central Asia and Transcaucasia;France;Opioids;Heroin;;Retail;2020;$37,76;$26,32;$45,77;Grams
Europe;Western and Central Europe;Ecuador;Opioids;Heroin;;Retail;2021;$39,00;;;Grams
Africa;North Africa;Kazakhstan;Opioids;Heroin;;Retail;2019;$39,18;$10,45;$91,43;Gram
Africa;North Africa;France;Opioids;Heroin;;Retail;2019;$39,19;$28,00;$44,79;Gram
Europe;Western and Central Europe;Bulgaria;Opioids;Heroin;;Retail;2021;$39,44;$36,41;$42,48;Kilograms
Asia;Central Asia and Transcaucasia;Belarus;Opioids;Heroin;;Retail;2019;$40,00;$30,00;$50,00;Gram
Asia;East and South-East Asia;Liechtenstein;Opioids;Heroin;;Retail;2019;$40,20;$35,18;$50,25;Gram
Americas;North America;Hungary;Opioids;Heroin;;Retail;2019;$41,88;$28,00;$59,35;Gram
Americas;North America;Slovakia;Opioids;Heroin;;Retail;2022;$42,15;$21,07;$105,37;Grams
Americas;North America;Poland;Opioids;Heroin;;Retail;2022;$42,70;$12,13;$62,92;Grams
Europe;Western and Central Europe;Türkiye;Opioids;Heroin;;Retail;2021;$42,70;;;Grams
Europe;South-Eastern Europe;Czechia;Opioids;Heroin;Brown;Retail;2019;$43,67;$34,71;$54,54;Gram
Europe;Western and Central Europe;Armenia;Opioids;Heroin;;Retail;2023;$43,76;$38,61;$51,48;Grams
Europe;Western and Central Europe;Slovakia;Opioids;Heroin;;Retail;2019;$44,79;$22,40;$111,98;Gram
Europe;Western and Central Europe;Germany;Opioids;Heroin;;Retail;2023;$45,30;$21,84;$77,19;Grams
Asia;Near and Middle East/ South-West Asia;Lithuania;Opioids;Heroin;;Retail;2019;$47,03;$44,79;$83,99;Gram
Europe;Western and Central Europe;Estonia;Opioids;Heroin;;Retail;2022;$47,42;;;Grams
Asia;Near and Middle East/ South-West Asia;United Arab Emirates;Opioids;Heroin;;Retail;2021;$47,64;;;Grams
Africa;Southern Africa;Lithuania;Opioids;Heroin;;Retail;2020;$48,05;;;Grams
Europe;Western and Central Europe;Germany;Opioids;Heroin;;Retail;2022;$48,37;$24,87;$76,08;Grams
Europe;Western and Central Europe;Italy;Opioids;Heroin;Brown;Retail;2019;$48,71;$44,33;$53,10;Gram
Europe;South-Eastern Europe;Guatemala;Opioids;Heroin;;Retail;2020;$49,07;$48,55;$51,79;Grams
Europe;South-Eastern Europe;Guatemala;Opioids;Heroin;;Retail;2021;$49,15;;;Grams
Europe;Western and Central Europe;Guatemala;Opioids;Heroin;;Retail;2023;$49,37;;;Grams
Europe;South-Eastern Europe;Poland;Opioids;Heroin;;Retail;2023;$49,45;$16,64;$118,88;Grams
Africa;East Africa;Austria;Opioids;Heroin;;Retail;2023;$49,73;$12,97;$86,49;Grams
Europe;Western and Central Europe;Bulgaria;Opioids;Heroin;;Retail;2023;$49,78;$33,19;$66,37;Grams
Europe;Western and Central Europe;El Salvador;Opioids;Heroin;;Retail;2022;$50,00;$50,00;$50,00;Grams
Europe;Western and Central Europe;Luxembourg;Opioids;Heroin;;Retail;2020;$51,49;$17,16;$114,42;Grams
Europe;Western and Central Europe;Luxembourg;Opioids;Heroin;;Retail;2019;$52,72;$21,00;$74,66;Gram
Asia;Near and Middle East/ South-West Asia;Germany;Opioids;Heroin;;Retail;2020;$52,86;$30,21;$89,59;Grams
Europe;South-Eastern Europe;Armenia;Opioids;Heroin;;Retail;2022;$53,13;$48,51;$64,68;Grams
Europe;Western and Central Europe;Saudi Arabia;Opioids;Heroin;;Retail;2020;$53,28;$53,28;$53,28;Grams
Americas;South America;Estonia;Opioids;Heroin;;Retail;2021;$53,38;$53,38;$59,31;Grams
Asia;Central Asia and Transcaucasia;Germany;Opioids;Heroin;;Retail;2021;$54,80;$34,40;$97,39;Grams
Europe;Western and Central Europe;United Arab Emirates;Opioids;Heroin;;Retail;2020;$57,17;;;Grams
Europe;South-Eastern Europe;Slovakia;Opioids;Heroin;;Retail;2020;$57,21;$22,88;$114,42;Grams
Europe;Eastern Europe;Germany;Opioids;Heroin;;Retail;2019;$57,45;$30,68;$93,17;Gram
Europe;Western and Central Europe;Austria;Opioids;Heroin;;Retail;2022;$59,01;$12,64;$105,37;Grams
Europe;Western and Central Europe;Slovakia;Opioids;Heroin;;Retail;2021;$59,31;$41,52;$118,62;Grams
Europe;Western and Central Europe;Poland;Opioids;Heroin;;Retail;2020;$59,41;;;Grams
Europe;Western and Central Europe;Italy;Opioids;Heroin;White;Retail;2019;$59,71;$55,13;$64,30;Gram
Europe;South-Eastern Europe;Luxembourg;Opioids;Heroin;;Retail;2021;$60,05;$17,79;$88,97;Grams
Europe;Western and Central Europe;Russian Federation;Opioids;Heroin;;Retail;2020;$61,47;;;Grams
Asia;Central Asia and Transcaucasia;Italy;Opioids;Heroin;;Retail;2020;$61,78;$55,68;$68,02;Grams
Europe;Western and Central Europe;Poland;Opioids;Heroin;;Retail;2021;$63,15;$41,97;$77,96;Grams
Europe;Western and Central Europe;United Kingdom;Opioids;Heroin;;Retail;2019;$63,61;$50,89;$76,34;Gram
Europe;Western and Central Europe;Spain;Opioids;Heroin;;Retail;2023;$64,67;;;Grams
Europe;Western and Central Europe;Slovakia;Opioids;Heroin;;Retail;2023;$64,86;$32,43;$129,73;Grams
Asia;Near and Middle East/ South-West Asia;Spain;Opioids;Heroin;;Retail;2019;$65,60;;;Gram
Europe;Western and Central Europe;Austria;Opioids;Heroin;;Retail;2021;$66,43;$14,23;$118,62;Grams
Europe;Western and Central Europe;Austria;Opioids;Heroin;;Retail;2020;$68,65;$22,88;$114,42;Grams
Europe;Western and Central Europe;Ukraine;Opioids;Heroin;;Retail;2019;$70,00;$60,00;$90,00;Gram
Americas;Central America;New Zealand;Opioids;Heroin;;Retail;2021;$70,87;$70,87;$141,74;Grams
Americas;Central America;Nepal;Opioids;Heroin;Brown;Retail;2019;$71,01;$53,26;$88,77;Gram
Americas;Central America;Tunisia;Opioids;Heroin;;Retail;2021;$72,36;$72,36;$90,45;Grams
Europe;Western and Central Europe;Georgia;Opioids;Heroin;;Retail;2022;$75,00;;;Grams
Europe;Western and Central Europe;Sweden;Opioids;Heroin;;Retail;2023;$75,35;$56,51;$141,28;Grams
Europe;South-Eastern Europe;Poland;Opioids;Heroin;;Retail;2019;$75,62;$59,77;$90,96;Gram
Americas;Central America;Lithuania;Opioids;Heroin;;Retail;2022;$79,03;$52,69;$84,30;Grams
Europe;Western and Central Europe;Hungary;Opioids;Heroin;;Retail;2022;$80,65;$26,88;$80,65;Grams
Europe;Western and Central Europe;Cyprus;Opioids;Heroin;;Retail;2022;$84,30;$21,07;$210,75;Grams
Europe;Western and Central Europe;Sweden;Opioids;Heroin;White;Retail;2019;$84,68;$84,68;$185,24;Gram
Asia;Central Asia and Transcaucasia;Thailand;Opioids;Heroin;;Retail;2023;$86,23;$57,48;$86,23;Units
Asia;Near and Middle East/ South-West Asia;Sweden;Opioids;Heroin;;Retail;2020;$87,25;$43,63;$218,13;Grams
Europe;Western and Central Europe;China;Opioids;Heroin;;Retail;2019;$88,18;;$434,91;Gram
Europe;Western and Central Europe;Georgia;Opioids;Heroin;;Retail;2019;$89,00;$71,20;$106,80;Gram
Asia;Near and Middle East/ South-West Asia;Sweden;Opioids;Heroin;;Retail;2022;$89,45;$31,31;$149,08;Grams
Europe;Western and Central Europe;Denmark;Opioids;Heroin;;Retail;2019;$89,98;$59,99;$104,98;Gram
Europe;Western and Central Europe;Tunisia;Opioids;Heroin;;Retail;2019;$95,30;$91,90;$102,11;Gram
Europe;Western and Central Europe;Malaysia;Opioids;Heroin;Heroin no 4;Retail;2019;$96,46;$91,63;$108,51;Gram
Europe;Western and Central Europe;Kuwait;Opioids;Heroin;;Retail;2019;$98,68;;;Gram
Europe;Western and Central Europe;Hungary;Opioids;Heroin;;Retail;2021;$99,19;$49,59;$99,19;Grams
Europe;Western and Central Europe;Lithuania;Opioids;Heroin;;Retail;2023;$100,54;$54,05;$140,54;Grams
Europe;Western and Central Europe;Sweden;Opioids;Heroin;;Retail;2021;$105,30;$73,13;$175,50;Grams
Europe;Eastern Europe;Sweden;Opioids;Heroin;Brown;Retail;2019;$105,85;$31,76;$158,78;Gram
Europe;Western and Central Europe;China, Hong Kong SAR;Opioids;Heroin;;Retail;2023;$108,60;$93,27;$127,76;Grams
Europe;Western and Central Europe;Uzbekistan;Opioids;Heroin;;Retail;2021;$110,00;;;Grams
Europe;Western and Central Europe;Republic of Korea;Opioids;Heroin;;Retail;2020;$110,19;$110,19;$110,19;Grams
Europe;Western and Central Europe;Denmark;Opioids;Heroin;;Retail;2023;$116,14;$116,14;$174,22;Grams
Europe;Western and Central Europe;China, Hong Kong SAR;Opioids;Heroin;;Retail;2019;$116,36;$91,22;$141,49;Gram
Europe;Western and Central Europe;China, Hong Kong SAR;Opioids;Heroin;;Retail;2022;$118,38;$86,45;$151,07;Grams
Europe;Western and Central Europe;China;Opioids;Heroin;;Retail;2020;$122,84;;;Grams
Europe;Western and Central Europe;New Zealand;Opioids;Heroin;;Retail;2023;$122,85;;;Grams
Europe;Eastern Europe;Latvia;Opioids;Heroin;;Retail;2019;$123,18;$78,39;$167,97;Gram
Oceania;Australia and New Zealand;China, Hong Kong SAR;Opioids;Heroin;;Retail;2020;$125,69;$75,54;$204,98;Grams
Asia;South Asia;Republic of Korea;Opioids;Heroin;;Retail;2022;$130,00;;;Grams
Africa;North Africa;United Kingdom;Opioids;Heroin;;Retail;2021;$137,55;$55,02;$137,55;Grams
Asia;Central Asia and Transcaucasia;Algeria;Opioids;Heroin;;Retail;2022;$141,21;$134,15;$162,39;Grams
Europe;Western and Central Europe;China;Opioids;Heroin;;Retail;2021;$141,38;;;Grams
Europe;Western and Central Europe;Denmark;Opioids;Heroin;;Retail;2021;$142,35;$79,48;$237,25;Grams
Europe;Western and Central Europe;Ireland;Opioids;Heroin;;Retail;2022;$147,52;;;Grams
Europe;Western and Central Europe;Israel;Opioids;Heroin;;Retail;2022;$149,48;$134,53;$179,37;Grams
Europe;Western and Central Europe;Kenya;Opioids;Heroin;Brown;Retail;2019;$150,00;$100,00;$300,00;Gram
Europe;Western and Central Europe;Ireland;Opioids;Heroin;;Retail;2023;$151,35;;;Grams
Asia;East and South-East Asia;Iceland;Opioids;Heroin;;Retail;2021;$152,94;;;
Europe;Western and Central Europe;Denmark;Opioids;Heroin;;Retail;2020;$153,44;$153,44;$306,89;Grams
Asia;East and South-East Asia;Ireland;Opioids;Heroin;;Retail;2019;$156,77;;;Gram
Asia;Central Asia and Transcaucasia;Norway;Opioids;Heroin;;Retail;2023;$165,97;$85,36;$237,10;Grams
Europe;Western and Central Europe;China, Hong Kong SAR;Opioids;Heroin;;Retail;2021;$166,26;$138,72;$206,15;Grams
Europe;Western and Central Europe;China, Macao SAR;Opioids;Heroin;;Retail;2019;$175,00;$150,00;$200,00;Gram
Africa;North Africa;State of Palestine;Opioids;Heroin;;Retail;2020;$187,00;;;Grams
Asia;East and South-East Asia;China;Opioids;Heroin;;Retail;2022;$187,82;;;Grams
Asia;Near and Middle East/ South-West Asia;Algeria;Opioids;Heroin;;Retail;2020;$197,30;$189,41;$205,19;Grams
Europe;Western and Central Europe;China;Opioids;Heroin;;Retail;2023;$207,08;;;Grams
Europe;Western and Central Europe;Indonesia;Opioids;Heroin;;Retail;2019;$214,00;;;Gram
Europe;Western and Central Europe;Republic of Moldova;Opioids;Heroin;;Retail;2019;$223,96;;;Gram
Europe;Western and Central Europe;Saudi Arabia;Opioids;Heroin;;Retail;2021;$226,00;;;Grams
Asia;East and South-East Asia;Ireland;Opioids;Heroin;;Retail;2020;$228,83;$217,39;$240,27;Grams
Asia;Central Asia and Transcaucasia;Ireland;Opioids;Heroin;;Retail;2021;$237,25;$225,39;$249,11;Grams
Asia;East and South-East Asia;Republic of Korea;Opioids;Heroin;;Retail;2023;$250,00;;;Grams
Europe;Western and Central Europe;Japan;Opioids;Heroin;;Retail;2019;$274,55;;;Gram
Asia;East and South-East Asia;Finland;Opioids;Heroin;;Retail;2021;$296,56;;;Grams
Asia;East and South-East Asia;Mauritius;Opioids;Heroin;;Retail;2021;$367,86;;;
Asia;East and South-East Asia;Bangladesh;Opioids;Heroin;;Retail;2020;$1.069,00;$898,00;$1.206,00;Grams
Oceania;Australia and New Zealand;Bangladesh;Opioids;Heroin;;Retail;2021;$1.080,00;$948,00;$1.278,00;Grams
Europe;Western and Central Europe;Bangladesh;Opioids;Heroin;;Retail;2019;$1.230,00;$1.071,00;$1.406,00;Kilogram
Asia;East and South-East Asia;Ecuador;Opioids;Heroin;;Retail;2023;$4.256,00;$800,00;$7.500,00;Kilograms
Asia;East and South-East Asia;Tajikistan;Opioids;Heroin;;Retail;2022;$7.000,00;$4.500,00;$8.500,00;Kilograms
Europe;Western and Central Europe;Gambia;Opioids;Heroin;;Retail;2022;$7.692,31;$7.639,62;$7.824,03;Kilograms
Africa;North Africa;Malaysia;Opioids;Heroin;;Retail;2023;$19.018,43;;;Kilograms
Asia;East and South-East Asia;Kenya;Opioids;Heroin;;Retail;2023;$21.586,46;;;Kilograms
Europe;Western and Central Europe;Bosnia and Herzegovina;Opioids;Heroin;;Retail;2021;$26.690,39;$21.352,31;$26.097,27;Kilograms
Europe;Western and Central Europe;Kenya;Opioids;Heroin;;Retail;2021;$27.420,05;;;Kilograms
Asia;Near and Middle East/ South-West Asia;Trinidad and Tobago;Opioids;Heroin;;Retail;2023;$29.037,04;;;
Africa;East Africa;State of Palestine;Opioids;Heroin;;Retail;2023;$30.000,00;$25.000,00;$40.000,00;Kilograms
Europe;Western and Central Europe;United States of America;Opioids;Heroin;;Retail;2021;$35.500,00;$27.333,00;$43.667,00;Kilograms
Europe;Western and Central Europe;Sri Lanka;Opioids;Heroin;;Retail;2022;$44.081,02;;;Kilograms
Europe;Western and Central Europe;Sri Lanka;Opioids;Heroin;;Retail;2023;$53.469,40;;;Kilograms
Europe;Western and Central Europe;Sri Lanka;Opioids;Heroin;;Retail;2020;$64.655,17;;;
Europe;Western and Central Europe;India;Opioids;Heroin;;Retail;2020;$117.217,65;;;Kilograms
Asia;East and South-East Asia;India;Opioids;Heroin;;Retail;2023;$121.617,69;;;Kilograms
Asia;East and South-East Asia;India;Opioids;Heroin;;Retail;2021;$123.401,54;;;Kilograms
Asia;Near and Middle East/ South-West Asia;United Kingdom;Opioids;Heroin;;Retail;2022;$123.609,39;$49.443,76;$12.360,94;Kilograms
Asia;East and South-East Asia;India;Opioids;Heroin;;Retail;2022;$191.331,41;;;Kilograms
Africa;North Africa;Tajikistan;Opioids;Heroin;;Wholesale;2020;;;$8.000,00;Kilograms
Asia;East and South-East Asia;Trinidad and Tobago;Opioids;Heroin;;Wholesale;2021;;;$29.054,25;Kilograms
Asia;East and South-East Asia;Egypt;Opioids;Heroin;;Wholesale;2022;;$3,16;$3,69;Kilograms
Europe;Eastern Europe;Kazakhstan;Opioids;Heroin;;Wholesale;2020;;$6,01;$120,20;Grams
Asia;Near and Middle East/ South-West Asia;Kazakhstan;Opioids;Heroin;;Wholesale;2021;;$11,76;$47,02;Grams
Europe;Western and Central Europe;Italy;Opioids;Heroin;;Wholesale;2022;;$18,53;$23,75;Grams
Europe;Western and Central Europe;Italy;Opioids;Heroin;;Wholesale;2021;;$21,03;$26,80;Kilograms
Asia;East and South-East Asia;Lithuania;Opioids;Heroin;;Wholesale;2021;;$35,59;$35,59;Grams
Asia;East and South-East Asia;Niger;Opioids;Heroin;;Wholesale;2021;;$45,23;$54,27;Grams
Europe;Western and Central Europe;Lithuania;Opioids;Heroin;;Wholesale;2020;;$57,21;$91,53;Grams
Africa;East Africa;Malta;Opioids;Heroin;;Wholesale;2023;;$75,68;$97,30;Grams
Asia;South Asia;Australia;Opioids;Heroin;;Wholesale;2023;;$94,89;$256,14;Grams
Asia;South Asia;Timor-Leste;Opioids;Heroin;;Wholesale;2020;;$200,00;$300,00;Grams
Asia;South Asia;New Zealand;Opioids;Heroin;;Wholesale;2020;;$260,76;$423,73;Grams
Americas;South America;Egypt;Opioids;Heroin;;Wholesale;2023;;$1.964,57;$2.946,86;
Asia;Central Asia and Transcaucasia;Malaysia;Opioids;Heroin;;Wholesale;2020;;$2.115,40;$2.644,24;Kilograms
Africa;West and Central Africa;Oman;Opioids;Heroin;;Wholesale;2020;;$2.604,17;$39.062,50;Kilograms
Asia;East and South-East Asia;Egypt;Opioids;Heroin;;Wholesale;2021;;$4.468,56;$6.383,66;Kilograms
Africa;East Africa;Egypt;Opioids;Heroin;;Wholesale;2019;;$5.921,01;$7.697,32;Kilogram
Europe;South-Eastern Europe;Egypt;Opioids;Heroin;;Wholesale;2020;;$6.341,96;$8.244,55;Kilograms
Africa;East Africa;Republic of Moldova;Opioids;Heroin;;Wholesale;2021;;$6.826,33;$8.532,91;Kilograms
Americas;Caribbean;Azerbaijan;Opioids;Heroin;;Wholesale;2023;;$7.079,65;$8.259,59;Kilograms
Asia;Near and Middle East/ South-West Asia;India;Opioids;Heroin;;Wholesale;2019;;$7.105,81;$21.317,42;Kilogram
Americas;North America;Kyrgyzstan;Opioids;Heroin;;Wholesale;2019;;$8.000,00;$10.000,00;Kilogram
Asia;South Asia;Kyrgyzstan;Opioids;Heroin;;Wholesale;2020;;$8.000,00;$10.000,00;Kilograms
Asia;South Asia;Kyrgyzstan;Opioids;Heroin;;Wholesale;2021;;$8.000,00;$12.000,00;Kilograms
Asia;South Asia;Kazakhstan;Opioids;Heroin;;Wholesale;2019;;$8.620,69;$17.241,38;Kilogram
Asia;South Asia;Azerbaijan;Opioids;Heroin;;Wholesale;2021;;$9.000,00;$10.000,00;Kilograms
Asia;South Asia;Thailand;Opioids;Heroin;;Wholesale;2019;;$9.836,00;$13.115,00;700 gram
Asia;South Asia;Azerbaijan;Opioids;Heroin;;Wholesale;2022;;$11.000,00;$13.000,00;Kilograms
Europe;Western and Central Europe;Albania;Opioids;Heroin;Brown;Wholesale;2019;;$11.198,21;$14.557,67;Kilogram
Asia;South Asia;North Macedonia;Opioids;Heroin;;Wholesale;2022;;$12.644,89;$18.967,33;Kilograms
Asia;Central Asia and Transcaucasia;Romania;Opioids;Heroin;;Wholesale;2019;;$13.437,85;$22.396,42;Kilogram
Americas;Caribbean;Albania;Opioids;Heroin;;Wholesale;2022;;$13.698,63;$15.806,11;Kilograms
Africa;North Africa;Serbia;Opioids;Heroin;;Wholesale;2022;;$13.698,63;$23.182,30;Kilograms
Asia;Central Asia and Transcaucasia;Bulgaria;Opioids;Heroin;;Wholesale;2020;;$14.637,00;$20.491,80;Kilograms
Asia;Central Asia and Transcaucasia;Costa Rica;Opioids;Heroin;;Wholesale;2019;;$15.000,00;$18.000,00;Kilogram
Europe;Western and Central Europe;Uzbekistan;Opioids;Heroin;;Wholesale;2019;;$15.000,00;$30.000,00;Kilogram
Europe;Western and Central Europe;Serbia;Opioids;Heroin;;Wholesale;2021;;$15.421,12;$26.097,27;Kilograms
Europe;Western and Central Europe;Uzbekistan;Opioids;Heroin;;Wholesale;2022;;$16.000,00;$20.000,00;Kilograms
Africa;West and Central Africa;Uzbekistan;Opioids;Heroin;;Wholesale;2023;;$16.000,00;$20.000,00;Kilograms
Europe;Western and Central Europe;United States of America;Opioids;Heroin;;Wholesale;2019;;$16.000,00;$60.000,00;Kilogram
Europe;Western and Central Europe;Azerbaijan;Opioids;Heroin;;Wholesale;2020;;$17.688,68;$26.533,02;Kilograms
Oceania;Australia and New Zealand;Albania;Opioids;Heroin;;Wholesale;2021;;$17.793,59;$23.724,79;Kilograms
Asia;East and South-East Asia;Serbia;Opioids;Heroin;;Wholesale;2019;;$17.917,13;$24.636,06;Kilogram
Oceania;Australia and New Zealand;Bosnia and Herzegovina;Opioids;Heroin;;Wholesale;2022;;$18.440,46;$23.709,17;Kilograms
Africa;North Africa;Czechia;Opioids;Heroin;;Wholesale;2021;;$20.811,39;$23.123,37;Kilograms
Asia;East and South-East Asia;Romania;Opioids;Heroin;;Wholesale;2022;;$21.074,82;$31.612,22;Kilograms
Asia;Near and Middle East/ South-West Asia;Bosnia and Herzegovina;Opioids;Heroin;;Wholesale;2023;;$21.621,62;$27.027,03;Kilograms
Africa;North Africa;Czechia;Opioids;Heroin;;Wholesale;2023;;$22.702,70;$30.270,27;Kilograms
Africa;North Africa;Bosnia and Herzegovina;Opioids;Heroin;;Wholesale;2019;;$22.896,39;$28.620,49;Kilogram
Africa;North Africa;Croatia;Opioids;Heroin;;Wholesale;2022;;$23.182,30;$27.397,26;Kilograms
Europe;Eastern Europe;Czechia;Opioids;Heroin;;Wholesale;2022;;$25.289,78;$28.451,00;Kilograms
Asia;Central Asia and Transcaucasia;Czechia;Opioids;Heroin;Brown;Wholesale;2019;;$27.995,52;$33.594,62;Kilogram
Asia;South Asia;Italy;Opioids;Heroin;;Wholesale;2023;;$29.314,61;$34.414,70;Kilograms
Asia;Central Asia and Transcaucasia;Kenya;Opioids;Heroin;Brown;Wholesale;2019;;$29.362,83;$39.150,44;Kilogram
Asia;Central Asia and Transcaucasia;Czechia;Opioids;Heroin;;Wholesale;2020;;$34.324,94;$43.478,26;Kilograms
Asia;Central Asia and Transcaucasia;Australia;Opioids;Heroin;;Wholesale;2019;;$111.343,08;$118.302,02;Kilogram
Asia;Central Asia and Transcaucasia;Australia;Opioids;Heroin;;Wholesale;2022;;$125.173,85;$222.531,29;Kilograms
Asia;Central Asia and Transcaucasia;Republic of Moldova;Opioids;Heroin;;Wholesale;2022;;$126.448,89;$158.061,12;Kilograms
Asia;East and South-East Asia;Republic of Moldova;Opioids;Heroin;;Wholesale;2023;;$129.729,73;$162.162,16;Kilograms
Asia;Central Asia and Transcaucasia;Republic of Moldova;Opioids;Heroin;;Wholesale;2020;;$137.299,77;$171.624,71;Kilograms
Europe;South-Eastern Europe;Iraq;Opioids;Heroin;;Wholesale;2020;$0,01;$0,01;$0,01;Grams
Europe;South-Eastern Europe;Zambia;Opioids;Heroin;;Wholesale;2020;$0,75;;;Grams
Europe;South-Eastern Europe;Syrian Arab Republic;Opioids;Heroin;;Wholesale;2022;$7,00;$5,00;$9,00;Grams
Europe;South-Eastern Europe;Syrian Arab Republic;Opioids;Heroin;;Wholesale;2021;$8,00;$7,50;$8,50;Grams
Europe;South-Eastern Europe;Syrian Arab Republic;Opioids;Heroin;;Wholesale;2023;$10,00;$5,00;$20,00;Grams
Europe;South-Eastern Europe;Zambia;Opioids;Heroin;;Wholesale;2021;$12,48;;;Grams
Americas;Central America;Myanmar;Opioids;Heroin;;Wholesale;2023;$13,67;;;Grams
Asia;Central Asia and Transcaucasia;Gibraltar;Opioids;Heroin;;Wholesale;2021;$13,76;$11,00;$20,63;Grams
Europe;South-Eastern Europe;Myanmar;Opioids;Heroin;;Wholesale;2022;$15,59;;;Grams
Asia;Central Asia and Transcaucasia;Myanmar;Opioids;Heroin;;Wholesale;2021;$18,93;;;Grams
Asia;Central Asia and Transcaucasia;Myanmar;Opioids;Heroin;;Wholesale;2020;$21,73;;;Grams
Americas;North America;Gibraltar;Opioids;Heroin;;Wholesale;2023;$24,84;;;Grams
Asia;Central Asia and Transcaucasia;Belarus;Opioids;Heroin;;Wholesale;2019;$25,00;$20,00;$30,00;Gram
Europe;South-Eastern Europe;Namibia;Opioids;Heroin;;Wholesale;2022;$28,00;;;Kilograms
Europe;South-Eastern Europe;Kenya;Opioids;Heroin;;Wholesale;2020;$28,16;;;Grams
Europe;South-Eastern Europe;Armenia;Opioids;Heroin;;Wholesale;2021;$29,85;$25,87;$39,80;Grams
Europe;Western and Central Europe;Togo;Opioids;Heroin;;Wholesale;2023;$31,33;$31,33;$32,98;Grams
Europe;South-Eastern Europe;Lithuania;Opioids;Heroin;;Wholesale;2022;$31,61;$31,61;$31,61;Grams
Europe;South-Eastern Europe;Poland;Opioids;Heroin;;Wholesale;2022;$34,38;$20,90;$40,00;Grams
Europe;Western and Central Europe;Armenia;Opioids;Heroin;;Wholesale;2023;$38,61;$38,61;$51,48;Grams
Europe;South-Eastern Europe;State of Palestine;Opioids;Heroin;;Wholesale;2023;$40,00;$35,00;$45,00;Grams
Europe;South-Eastern Europe;Belarus;Opioids;Heroin;;Wholesale;2020;$40,47;$32,38;$60,70;Grams
Europe;Western and Central Europe;Lithuania;Opioids;Heroin;;Wholesale;2023;$43,24;$27,03;$59,46;Grams
Europe;Western and Central Europe;China;Opioids;Heroin;;Wholesale;2019;$43,87;;$434,91;Gram
Europe;Western and Central Europe;Armenia;Opioids;Heroin;;Wholesale;2022;$46,20;$41,58;$57,75;Grams
Africa;East Africa;China;Opioids;Heroin;;Wholesale;2022;$61,07;;;Grams
Europe;Western and Central Europe;China, Hong Kong SAR;Opioids;Heroin;;Wholesale;2020;$64,97;$38,16;$94,62;Grams
Oceania;Australia and New Zealand;Niger;Opioids;Heroin;;Wholesale;2020;$78,45;$61,02;$87,17;Grams
Oceania;Australia and New Zealand;Zimbabwe;Opioids;Heroin;;Wholesale;2020;$80,00;$80,00;$80,00;Kilograms
Europe;Eastern Europe;Latvia;Opioids;Heroin;;Wholesale;2020;$80,09;$80,09;$91,53;Grams
Europe;Eastern Europe;Armenia;Opioids;Heroin;;Wholesale;2020;$81,83;;;Grams
Europe;Eastern Europe;Tunisia;Opioids;Heroin;;Wholesale;2019;$85,09;$78,28;$88,50;Gram
Asia;Near and Middle East/ South-West Asia;China;Opioids;Heroin;;Wholesale;2020;$85,83;$15,51;$173,91;Grams
Africa;Southern Africa;Sri Lanka;Opioids;Heroin;;Wholesale;2021;$91,34;;;Kilograms
Asia;Near and Middle East/ South-West Asia;Malta;Opioids;Heroin;;Wholesale;2022;$94,84;;;Grams
Asia;Near and Middle East/ South-West Asia;China;Opioids;Heroin;;Wholesale;2021;$97,71;;;Grams
Asia;Near and Middle East/ South-West Asia;Algeria;Opioids;Heroin;;Wholesale;2022;$127,09;$120,03;$134,15;Grams
Africa;Southern Africa;Algeria;Opioids;Heroin;;Wholesale;2020;$165,73;$157,84;$173,62;Grams
Asia;East and South-East Asia;Saudi Arabia;Opioids;Heroin;;Wholesale;2021;$226,00;;;Grams
Europe;Western and Central Europe;Mauritius;Opioids;Heroin;;Wholesale;2023;$332,99;$0,02;;Grams
Asia;East and South-East Asia;Mauritius;Opioids;Heroin;;Wholesale;2022;$343,30;;;Grams
Asia;East and South-East Asia;Qatar;Opioids;Heroin;;Wholesale;2021;$408,16;;$408,16;Grams
Asia;East and South-East Asia;Saudi Arabia;Opioids;Heroin;;Wholesale;2020;$532,77;$532,77;$532,77;Tablets
Europe;Western and Central Europe;Saudi Arabia;Opioids;Heroin;;Wholesale;2019;$533,19;;;Capsule
Europe;Eastern Europe;Malaysia;Opioids;Heroin;Heroin no 3;Wholesale;2019;$2.122,02;$1.929,11;$2.170,24;Kilogram
Africa;Southern Africa;Singapore;Opioids;Heroin;;Wholesale;2023;$2.159,34;;;Pounds
Africa;East Africa;Singapore;Opioids;Heroin;;Wholesale;2022;$2.175,49;;;Pounds
Asia;Central Asia and Transcaucasia;Singapore;Opioids;Heroin;;Wholesale;2020;$2.177,07;;;Pounds
Africa;West and Central Africa;Pakistan;Opioids;Heroin;;Wholesale;2021;$2.202,32;$2.086,41;$2.318,23;Kilograms
Europe;Western and Central Europe;Pakistan;Opioids;Heroin;;Wholesale;2022;$2.244,34;$2.022,37;$2.466,31;Kilograms
Europe;Western and Central Europe;Pakistan;Opioids;Heroin;;Wholesale;2020;$2.586,05;$2.322,80;$2.849,30;Kilograms
Asia;Central Asia and Transcaucasia;Singapore;Opioids;Heroin;;Wholesale;2021;$2.682,56;;;Pounds
Asia;Near and Middle East/ South-West Asia;Ghana;Opioids;Heroin;;Wholesale;2020;$2.718,34;$2.630,66;$4.384,43;Kilograms
Europe;Eastern Europe;Zambia;Opioids;Heroin;;Wholesale;2023;$3.000,00;$30.000,00;$35.000,00;Kilograms
Europe;Western and Central Europe;Malaysia;Opioids;Heroin;;Wholesale;2021;$3.239,85;;;Kilograms
Asia;East and South-East Asia;Pakistan;Opioids;Heroin;;Wholesale;2023;$3.637,22;$2.245,20;$5.029,24;Kilograms
Asia;Central Asia and Transcaucasia;Thailand;Opioids;Heroin;;Wholesale;2023;$4.311,34;$4.311,34;$5.748,45;Kilograms
Asia;East and South-East Asia;Tajikistan;Opioids;Heroin;;Wholesale;2022;$4.500,00;$3.500,00;$5.000,00;Kilograms
Asia;East and South-East Asia;Colombia;Opioids;Heroin;;Wholesale;2020;$4.665,88;;;Kilograms
Africa;West and Central Africa;Colombia;Opioids;Heroin;;Wholesale;2021;$4.676,09;;;Kilograms
Africa;Southern Africa;Tajikistan;Opioids;Heroin;;Wholesale;2019;$5.000,00;$3.000,00;$8.000,00;Kilogram
Europe;Western and Central Europe;Tajikistan;Opioids;Heroin;;Wholesale;2023;$5.000,00;$4.000,00;$8.000,00;Kilograms
Asia;Central Asia and Transcaucasia;Colombia;Opioids;Heroin;;Wholesale;2019;$5.291,26;;;Kilogram
Africa;North Africa;Iran (Islamic Republic of);Opioids;Heroin;;Wholesale;2019;$5.476,19;;;Kilogram
Asia;East and South-East Asia;Ecuador;Opioids;Heroin;;Wholesale;2021;$5.973,00;;;Kilograms
Asia;South Asia;Tajikistan;Opioids;Heroin;;Wholesale;2021;$6.000,00;$3.000,00;$8.000,00;Kilograms
Europe;Western and Central Europe;Latvia;Opioids;Heroin;;Wholesale;2019;$6.718,92;$5.599,10;$7.838,75;100 gram
Asia;East and South-East Asia;Gambia;Opioids;Heroin;;Wholesale;2022;$7.376,19;$7.218,12;$7.586,93;Kilograms
Africa;North Africa;Ecuador;Opioids;Heroin;;Wholesale;2020;$8.000,00;$7.000,00;$16.000,00;Kilograms
Africa;North Africa;Kyrgyzstan;Opioids;Heroin;;Wholesale;2022;$10.000,00;$8.000,00;$12.000,00;Kilograms
Asia;Near and Middle East/ South-West Asia;Kyrgyzstan;Opioids;Heroin;;Wholesale;2023;$10.000,00;$8.000,00;$12.000,00;Kilograms
Africa;East Africa;United Arab Emirates;Opioids;Heroin;;Wholesale;2022;$10.720,12;;;Kilograms
Africa;East Africa;Belgium;Opioids;Heroin;;Wholesale;2020;$10.869,57;$10.411,90;$11.327,23;Kilograms
Asia;Near and Middle East/ South-West Asia;Ecuador;Opioids;Heroin;;Wholesale;2019;$12.000,00;$1.000,00;$15.000,00;Kilogram
Asia;Near and Middle East/ South-West Asia;Lebanon;Opioids;Heroin;;Wholesale;2019;$12.000,00;$8.000,00;$15.000,00;Kilogram
Asia;Near and Middle East/ South-West Asia;United Arab Emirates;Opioids;Heroin;;Wholesale;2021;$12.251,57;;;Kilograms
Asia;East and South-East Asia;United Arab Emirates;Opioids;Heroin;;Wholesale;2020;$13.612,85;;;Kilograms
Asia;East and South-East Asia;Belgium;Opioids;Heroin;;Wholesale;2022;$13.698,63;$13.698,63;$13.698,63;Kilograms
Asia;East and South-East Asia;Panama;Opioids;Heroin;;Wholesale;2019;$14.000,00;$14.000,00;$16.000,00;Kilograms
Asia;East and South-East Asia;Lao People's Democratic Republic;Opioids;Heroin;;Wholesale;2019;$14.500,00;;;Kilogram
Asia;Near and Middle East/ South-West Asia;Belgium;Opioids;Heroin;;Wholesale;2023;$14.594,59;$14.162,16;$15.027,03;Kilograms
Asia;Near and Middle East/ South-West Asia;Russian Federation;Opioids;Heroin;;Wholesale;2023;$15.000,00;$13.000,00;$18.000,00;Kilograms
Asia;Near and Middle East/ South-West Asia;Russian Federation;Opioids;Heroin;;Wholesale;2020;$15.026,71;$13.660,64;$20.490,96;Kilograms
Asia;East and South-East Asia;Russian Federation;Opioids;Heroin;;Wholesale;2019;$15.354,38;$13.051,22;$18.425,25;Kilogram
Africa;West and Central Africa;United Kingdom;Opioids;Heroin;;Wholesale;2022;$15.451,17;$14.833,13;$22.249,69;Kilograms
Africa;Southern Africa;France;Opioids;Heroin;;Wholesale;2020;$15.589,24;$11.441,65;$22.883,30;Kilograms
Asia;East and South-East Asia;France;Opioids;Heroin;;Wholesale;2023;$15.783,78;$13.888,65;$21.224,86;Kilograms
Asia;Near and Middle East/ South-West Asia;France;Opioids;Heroin;;Wholesale;2022;$15.806,11;$10.537,41;$18.967,33;Kilograms
Asia;East and South-East Asia;Bulgaria;Opioids;Heroin;;Wholesale;2022;$16.163,79;$13.469,83;$18.857,76;Kilograms
Asia;Central Asia and Transcaucasia;Thailand;Opioids;Heroin;;Wholesale;2022;$16.285,71;;;Kilograms
Americas;South America;Norway;Opioids;Heroin;;Wholesale;2023;$16.597,12;$9.009,86;$23.710,17;Kilograms
Americas;South America;France;Opioids;Heroin;;Wholesale;2019;$16.797,31;$11.198,21;$22.396,42;Kilogram
Asia;Central Asia and Transcaucasia;Bulgaria;Opioids;Heroin;;Wholesale;2019;$17.172,30;$14.310,25;$20.034,34;Kilogram
Asia;Central Asia and Transcaucasia;United Kingdom;Opioids;Heroin;;Wholesale;2021;$17.193,95;$16.506,19;$24.759,28;Kilograms
Americas;South America;France;Opioids;Heroin;;Wholesale;2021;$17.200,47;$11.862,40;$21.352,31;Kilograms
Asia;Near and Middle East/ South-West Asia;Bosnia and Herzegovina;Opioids;Heroin;;Wholesale;2021;$17.793,59;$15.421,12;$26.097,27;Kilograms
Americas;South America;Montenegro;Opioids;Heroin;;Wholesale;2021;$17.793,59;$17.793,59;$23.724,79;Kilograms
Asia;Central Asia and Transcaucasia;Montenegro;Opioids;Heroin;;Wholesale;2022;$17.913,59;$15.806,11;$21.074,82;Kilograms
Europe;Western and Central Europe;Ghana;Opioids;Heroin;;Wholesale;2022;$18.000,00;$15.000,00;$20.000,00;Kilograms
Africa;West and Central Africa;Bulgaria;Opioids;Heroin;;Wholesale;2021;$18.203,88;$15.169,90;$21.237,86;Kilograms
Americas;South America;Greece;Opioids;Heroin;;Wholesale;2022;$18.967,33;$12.644,89;$25.289,78;Kilograms
Asia;Central Asia and Transcaucasia;Greece;Opioids;Heroin;;Wholesale;2023;$19.459,46;$12.972,97;$25.945,95;Kilograms
Asia;Central Asia and Transcaucasia;Zambia;Opioids;Heroin;;Wholesale;2019;$19.474,96;$15.579,96;$31.159,93;Kilogram
Asia;Near and Middle East/ South-West Asia;Mexico;Opioids;Heroin;;Wholesale;2019;$19.500,20;$8.328,71;$35.000,00;Kilogram
Europe;Western and Central Europe;Mexico;Opioids;Heroin;;Wholesale;2021;$19.910,00;;;Kilograms
Americas;South America;Mexico;Opioids;Heroin;;Wholesale;2021;$19.910,00;;;Kilograms
Asia;Near and Middle East/ South-West Asia;Mexico;Opioids;Heroin;;Wholesale;2021;$19.910,00;;;Kilograms
Asia;Near and Middle East/ South-West Asia;Mexico;Opioids;Heroin;;Wholesale;2021;$19.910,00;$1.500,00;$38.000,00;Kilograms
Asia;Near and Middle East/ South-West Asia;Ukraine;Opioids;Heroin;;Wholesale;2019;$20.000,00;$15.000,00;$30.000,00;Kilogram
Europe;Western and Central Europe;Ghana;Opioids;Heroin;;Wholesale;2021;$20.000,00;$18.000,00;$22.000,00;Kilograms
Americas;Central America;Ukraine;Opioids;Heroin;;Wholesale;2020;$20.089,12;$16.436,55;$29.220,54;Kilograms
Asia;East and South-East Asia;Greece;Opioids;Heroin;Brown;Wholesale;2019;$20.156,77;$13.437,85;$26.875,70;Kilogram
Europe;Western and Central Europe;Greece;Opioids;Heroin;;Wholesale;2020;$20.594,97;$13.729,98;$27.459,95;Kilograms
Europe;Eastern Europe;Romania;Opioids;Heroin;;Wholesale;2020;$20.594,97;$19.450,80;$25.171,62;Kilograms
Europe;Eastern Europe;Malaysia;Opioids;Heroin;Heroin no 4;Wholesale;2019;$20.665,54;$20.496,74;$22.908,13;Kilogram
Europe;Eastern Europe;Italy;Opioids;Heroin;Brown;Wholesale;2019;$20.990,43;$18.713,09;$23.267,76;Kilogram
Europe;Western and Central Europe;Malaysia;Opioids;Heroin;;Wholesale;2022;$21.340,77;;;Kilograms
Europe;Western and Central Europe;Greece;Opioids;Heroin;;Wholesale;2021;$21.352,31;$14.234,88;$28.469,75;Kilograms
Europe;Western and Central Europe;Israel;Opioids;Heroin;;Wholesale;2021;$21.618,28;;;Kilograms
Europe;Western and Central Europe;Montenegro;Opioids;Heroin;;Wholesale;2023;$21.621,62;$16.216,22;$27.027,03;Kilograms
Europe;South-Eastern Europe;Greece;Opioids;Heroin;White;Wholesale;2019;$22.396,42;$16.797,31;$27.995,52;Kilogram
Asia;East and South-East Asia;Serbia;Opioids;Heroin;;Wholesale;2020;$22.883,30;$18.306,64;$25.171,62;Kilograms
Europe;Western and Central Europe;United Kingdom;Opioids;Heroin;;Wholesale;2019;$22.900,76;$17.811,70;$25.445,29;Kilogram
Europe;Western and Central Europe;Poland;Opioids;Heroin;;Wholesale;2020;$23.047,38;;;Kilograms
Europe;South-Eastern Europe;Poland;Opioids;Heroin;;Wholesale;2019;$23.388,77;;;Kilogram
Europe;Western and Central Europe;Denmark;Opioids;Heroin;;Wholesale;2021;$23.724,79;$23.724,79;$23.724,79;Kilograms
Europe;Western and Central Europe;United Kingdom;Opioids;Heroin;;Wholesale;2020;$25.706,94;$19.280,21;$28.277,63;Kilograms
Europe;South-Eastern Europe;Montenegro;Opioids;Heroin;;Wholesale;2020;$26.315,79;$22.883,30;$28.604,12;Kilograms
Europe;South-Eastern Europe;Croatia;Opioids;Heroin;;Wholesale;2020;$26.315,79;$25.171,62;$27.459,95;Kilograms
Europe;South-Eastern Europe;Slovenia;Opioids;Heroin;;Wholesale;2022;$26.343,52;$15.806,11;$26.343,52;Kilograms
Africa;West and Central Africa;Croatia;Opioids;Heroin;;Wholesale;2021;$27.283,51;$26.097,27;$30.842,23;Kilograms
Europe;South-Eastern Europe;Kenya;Opioids;Heroin;;Wholesale;2021;$27.420,05;;;Kilograms
Europe;Western and Central Europe;Slovenia;Opioids;Heroin;;Wholesale;2020;$28.604,12;$18.306,64;$28.604,12;Kilograms
Europe;Western and Central Europe;Togo;Opioids;Heroin;;Wholesale;2022;$28.911,62;$24.093,02;$32.124,02;Kilograms
Africa;Southern Africa;Slovenia;Opioids;Heroin;;Wholesale;2021;$29.655,99;$18.979,83;$29.655,99;Kilograms
Americas;North America;Poland;Opioids;Heroin;;Wholesale;2023;$30.123,63;$21.398,00;$42.796,01;Kilograms
Americas;North America;Bulgaria;Opioids;Heroin;;Wholesale;2023;$30.420,35;$22.123,89;$38.716,81;Kilograms
Americas;North America;Germany;Opioids;Heroin;;Wholesale;2022;$31.485,77;$18.945,21;$34.325,61;Kilograms
Americas;North America;Italy;Opioids;Heroin;White;Wholesale;2019;$31.559,20;$29.383,78;$33.734,62;Kilogram
Americas;North America;Germany;Opioids;Heroin;;Wholesale;2023;$31.656,22;$11.621,62;$34.054,05;Kilograms
Europe;Eastern Europe;India;Opioids;Heroin;;Wholesale;2020;$32.289,84;;;Kilograms
Africa;West and Central Africa;Spain;Opioids;Heroin;;Wholesale;2022;$32.910,43;;;Kilograms
Europe;Eastern Europe;Sweden;Opioids;Heroin;;Wholesale;2023;$32.966,00;$32.966,00;$32.966,00;Kilograms
Europe;Western and Central Europe;Germany;Opioids;Heroin;;Wholesale;2019;$33.594,62;$19.335,95;$41.153,42;Kilogram
Europe;Western and Central Europe;Lithuania;Opioids;Heroin;;Wholesale;2019;$33.594,62;$33.594,62;$33.594,62;Kilogram
Europe;South-Eastern Europe;Italy;Opioids;Heroin;;Wholesale;2020;$33.596,11;$30.751,72;$36.441,65;Kilograms
Asia;East and South-East Asia;Spain;Opioids;Heroin;;Wholesale;2023;$33.686,49;;;Kilograms
Europe;Western and Central Europe;India;Opioids;Heroin;;Wholesale;2021;$33.901,52;;;Kilograms
Asia;East and South-East Asia;Germany;Opioids;Heroin;;Wholesale;2020;$34.516,02;$19.941,65;$49.771,17;Kilograms
Europe;Western and Central Europe;Spain;Opioids;Heroin;;Wholesale;2019;$34.529,68;;;Kilogram
Asia;Near and Middle East/ South-West Asia;Spain;Opioids;Heroin;;Wholesale;2020;$36.194,51;$34.775,74;$37.670,48;Kilograms
Europe;South-Eastern Europe;Austria;Opioids;Heroin;;Wholesale;2023;$36.756,76;$19.459,46;$54.054,05;Kilograms
Europe;Western and Central Europe;Ireland;Opioids;Heroin;;Wholesale;2022;$36.880,93;$31.612,22;$42.149,63;Kilograms
Europe;South-Eastern Europe;Spain;Opioids;Heroin;;Wholesale;2021;$37.175,56;;;Kilograms
Europe;Western and Central Europe;Germany;Opioids;Heroin;;Wholesale;2021;$37.366,55;$17.793,59;$53.380,78;Kilograms
Europe;Western and Central Europe;Denmark;Opioids;Heroin;;Wholesale;2019;$37.492,50;$29.994,00;$44.991,00;Kilogram
Europe;Western and Central Europe;Ireland;Opioids;Heroin;;Wholesale;2023;$37.837,84;$32.432,43;$43.243,24;Kilograms
Europe;Western and Central Europe;Sweden;Opioids;Heroin;;Wholesale;2020;$38.172,10;$32.718,94;$43.625,26;Kilograms
Europe;Western and Central Europe;Malaysia;Opioids;Heroin;;Wholesale;2019;$39.305,52;$37.376,42;$39.787,80;Kilogram
Europe;South-Eastern Europe;State of Palestine;Opioids;Heroin;;Wholesale;2021;$40.000,00;;;Kilograms
Europe;South-Eastern Europe;Poland;Opioids;Heroin;;Wholesale;2021;$40.020,79;$233.887,73;$62.370,06;Kilograms
Europe;Western and Central Europe;Ireland;Opioids;Heroin;;Wholesale;2020;$40.045,77;$34.324,94;$45.766,59;Kilograms
Europe;South-Eastern Europe;Ireland;Opioids;Heroin;;Wholesale;2021;$41.518,39;$35.587,19;$47.449,58;Kilograms
Africa;East Africa;Austria;Opioids;Heroin;;Wholesale;2022;$43.203,37;$12.644,89;$73.761,85;Kilograms
Europe;Western and Central Europe;Ireland;Opioids;Heroin;;Wholesale;2019;$44.792,83;$39.193,73;$55.991,04;Kilogram
Africa;West and Central Africa;Sri Lanka;Opioids;Heroin;;Wholesale;2023;$45.830,91;;;
Europe;Western and Central Europe;Austria;Opioids;Heroin;;Wholesale;2020;$47.482,84;$14.874,14;$80.091,53;Kilograms
Europe;Western and Central Europe;Austria;Opioids;Heroin;;Wholesale;2021;$48.635,82;$14.234,88;$83.036,77;Kilograms
Europe;South-Eastern Europe;China, Hong Kong SAR;Opioids;Heroin;;Wholesale;2023;$48.988,50;$40.154,08;$58.405,90;Kilograms
Europe;Western and Central Europe;Guatemala;Opioids;Heroin;;Wholesale;2021;$49.978,67;;;Kilograms
Europe;Western and Central Europe;Guatemala;Opioids;Heroin;;Wholesale;2020;$49.991,58;$49.974,11;$50.038,84;Kilograms
Europe;Western and Central Europe;El Salvador;Opioids;Heroin;;Wholesale;2021;$50.000,00;$50.000,00;$50.000,00;Kilograms
Asia;South Asia;El Salvador;Opioids;Heroin;;Wholesale;2022;$50.000,00;$50.000,00;$50.000,00;Kilograms
Europe;Western and Central Europe;Guatemala;Opioids;Heroin;;Wholesale;2019;$50.121,39;$45.430,94;$51.921,08;Kilogram
Europe;Western and Central Europe;China, Hong Kong SAR;Opioids;Heroin;;Wholesale;2019;$50.162,61;$47.327,38;$52.997,83;Kilogram
Europe;Western and Central Europe;Guatemala;Opioids;Heroin;;Wholesale;2023;$50.197,57;;;Kilograms
Europe;Western and Central Europe;China, Hong Kong SAR;Opioids;Heroin;;Wholesale;2022;$50.963,73;$41.045,72;$66.357,17;Kilograms
Europe;Western and Central Europe;Tunisia;Opioids;Heroin;;Wholesale;2021;$54.269,18;$54.269,18;$108.538,35;Kilograms
Europe;Western and Central Europe;Qatar;Opioids;Heroin;;Wholesale;2023;$54.809,54;$41.107,15;$68.511,92;Kilograms
Asia;South Asia;India;Opioids;Heroin;;Wholesale;2023;$55.715,70;;;Kilograms
Europe;Western and Central Europe;Sri Lanka;Opioids;Heroin;;Wholesale;2019;$55.885,28;$55.885,28;$55.885,28;Kilogram
Europe;Western and Central Europe;China, Hong Kong SAR;Opioids;Heroin;;Wholesale;2021;$69.861,02;$47.490,41;$93.755,12;Kilograms
Europe;Western and Central Europe;India;Opioids;Heroin;;Wholesale;2022;$76.532,56;;;Kilograms
Europe;Western and Central Europe;Kuwait;Opioids;Heroin;;Wholesale;2019;$82.236,84;;;Kilogram
Europe;Western and Central Europe;Qatar;Opioids;Heroin;;Wholesale;2020;$136.314,07;;$272.628,14;Kilograms
Europe;Western and Central Europe;Australia;Opioids;Heroin;;Wholesale;2021;$142.964,64;;;Kilograms
Europe;Western and Central Europe;Bangladesh;Opioids;Heroin;;Wholesale;2020;$164.051,00;$133.598,00;$200.398,00;Kilograms
Europe;Western and Central Europe;Australia;Opioids;Heroin;;Wholesale;2020;$214.088,40;$69.060,77;$414.364,64;Kilograms
Europe;Western and Central Europe;State of Palestine;Opioids;Heroin;;Wholesale;2020;$218.000,00;;;Kilograms
Europe;Western and Central Europe;Bangladesh;Opioids;Heroin;;Wholesale;2021;$288.621,00;$243.463,00;$343.596,00;Kilograms
Asia;East and South-East Asia;Sri Lanka;Opioids;Heroin;;Wholesale;2022;$393.580,54;;;Kilograms
Asia;Near and Middle East/ South-West Asia;Bangladesh;Opioids;Heroin;;Wholesale;2019;$452.299,00;$286.390,00;$542.166,00;Kilogram
