Purity of drugs, 2019-2023;;;;;;;;;;;
Region;SubRegion;Country/Territory;LevelOfSale;DrugGroup;Drug;Specify;Year;Typical;Minimum;Maximum;Measurement
Africa;East Africa;Kenya;Wholesale;Opioids;Heroin;;2020;39;35;42;% (percent)
Africa;East Africa;Kenya;Retail;Cocaine-type;Cocaine salts;;2019;10;5;15;% (percent)
Africa;East Africa;Kenya;Retail;Opioids;Heroin;Brown;2019;10;5;15;% (percent)
Africa;East Africa;Kenya;Wholesale;Cocaine-type;Cocaine salts;;2019;15;25;30;% (percent)
Africa;East Africa;Kenya;Wholesale;Opioids;Heroin;Brown;2019;25;30;60;% (percent)
Africa;East Africa;Mauritius;Retail;Amphetamine-type stimulants;Methamphetamine powder;;2021;;58;64;% (percent)
Africa;East Africa;Mauritius;Retail;Cocaine-type drugs;“Crack” cocaine;;2021;;29;98;% (percent)
Africa;East Africa;Mauritius;Retail;Opioids;Heroin;;2021;;1;70;% (percent)
Africa;East Africa;Seychelles;Retail;Opioids;Heroin;;2023;37;;;% (percent)
Africa;North Africa;Algeria;Wholesale;Cannabis-type drugs;Cannabis resin (hashish);;2020;20;10;30;% (percent)
Africa;North Africa;Algeria;Wholesale;Cocaine-type drugs;Cocaine hydrochloride;;2020;6;2;10;% (percent)
Africa;North Africa;Algeria;Wholesale;Opioids;Heroin;;2020;6;2;10;% (percent)
Africa;North Africa;Algeria;Retail;“Ecstasy”-type substances;MDMA;;2021;38,6;12,48;66,03;% (percent)
Africa;North Africa;Algeria;Retail;Cannabis-type drugs;Cannabis herb (marijuana);;2021;10;;;% (percent)
Africa;North Africa;Algeria;Retail;Cannabis-type drugs;Cannabis resin (hashish);;2021;19,24;0,09;59,16;% (percent)
Africa;North Africa;Algeria;Retail;Cocaine-type drugs;Cocaine hydrochloride;;2021;43;19,19;97,79;% (percent)
Africa;North Africa;Algeria;Retail;Opioids;Heroin;;2021;40;30;50;% (percent)
Africa;North Africa;Algeria;Wholesale;“Ecstasy”-type substances;MDMA;;2021;41,48;12,43;65,48;% (percent)
Africa;North Africa;Algeria;Wholesale;Cannabis-type drugs;Cannabis herb (marijuana);;2021;10;;;% (percent)
Africa;North Africa;Algeria;Wholesale;Cannabis-type drugs;Cannabis resin (hashish);;2021;19,07;0,15;45,36;% (percent)
Africa;North Africa;Algeria;Wholesale;Cocaine-type drugs;Cocaine hydrochloride;;2021;95;80;97,79;% (percent)
Africa;North Africa;Algeria;Retail;“Ecstasy”-type substances;MDMA;;2022;135;70;258;mg/tablet
Africa;North Africa;Algeria;Retail;Cannabis-type drugs;Cannabis resin (hashish);;2022;26;1;47;% (percent)
Africa;North Africa;Algeria;Retail;Cocaine-type drugs;Cocaine hydrochloride;;2022;70;30;80;% (percent)
Africa;North Africa;Algeria;Retail;Opioids;Buprenorphine;;2022;8;8;8;mg/tablet
Africa;North Africa;Algeria;Retail;Opioids;Heroin;;2022;7;5;11;% (percent)
Africa;North Africa;Algeria;Retail;Opioids;Tramadol;;2022;50;37,5;225;mg/tablet
Africa;North Africa;Algeria;Retail;Sedatives and tranquilizers (please specify);Benzodiazepines;;2022;2;2;10;mg/tablet
Africa;North Africa;Algeria;Wholesale;“Ecstasy”-type substances;MDMA;;2022;135;70;258;mg/tablet
Africa;North Africa;Algeria;Wholesale;Cannabis-type drugs;Cannabis resin (hashish);;2022;20;0,15;47;% (percent)
Africa;North Africa;Algeria;Wholesale;Cocaine-type drugs;Cocaine hydrochloride;;2022;70;30;80;% (percent)
Africa;North Africa;Algeria;Wholesale;Opioids;Buprenorphine;;2022;8;8;8;mg/tablet
Africa;North Africa;Algeria;Wholesale;Opioids;Tramadol;;2022;50;37,5;225;mg/tablet
Africa;North Africa;Algeria;Wholesale;Sedatives and tranquilizers (please specify);Benzodiazepines;;2022;2;2;10;mg/tablet
Africa;North Africa;Algeria;Retail;“Ecstasy”-type substances;“Ecstasy”-type substances;;2023;28,38;2,16;55,43;% (percent)
Africa;North Africa;Algeria;Retail;Amphetamine-type stimulants;Amphetamine-type stimulants;;2023;30,22;;;% (percent)
Africa;North Africa;Algeria;Retail;Cannabis-type drugs;Cannabis resin (hashish);;2023;17,5;0,31;51,01;% (percent)
Africa;North Africa;Algeria;Retail;Cocaine-type drugs;Cocaine hydrochloride;;2023;42,8;8,9;91,2;% (percent)
Africa;North Africa;Algeria;Retail;Sedatives and tranquilizers (please specify);Benzodiazepines;;2023;2;;;mg/tablet
Africa;North Africa;Algeria;Wholesale;“Ecstasy”-type substances;“Ecstasy”-type substances;;2023;27,7;1;68,56;% (percent)
Africa;North Africa;Algeria;Wholesale;Cannabis-type drugs;Cannabis resin (hashish);;2023;26,41;0,46;46,67;% (percent)
Africa;North Africa;Algeria;Wholesale;Cocaine-type drugs;Cocaine hydrochloride;;2023;75,1;58,9;96,3;% (percent)
Africa;North Africa;Algeria;Wholesale;Sedatives and tranquilizers (please specify);Benzodiazepines;;2023;2;;;mg/tablet
Africa;North Africa;Morocco;Retail;Cocaine-type drugs;Cocaine hydrochloride;;2020;60;5;82;% (percent)
Africa;North Africa;Morocco;Retail;Opioids;Heroin;;2020;11;6;11;% (percent)
Africa;North Africa;Morocco;Wholesale;Cannabis-type drugs;Cannabis herb (marijuana);;2020;;5;45;% (percent)
Africa;North Africa;Morocco;Wholesale;Cannabis-type drugs;Cannabis-type drugs;;2020;;0,16;5,1;% (percent)
Africa;North Africa;Morocco;Retail;Cocaine-type drugs;Cocaine hydrochloride;;2021;;8;97;% (percent)
Africa;North Africa;Morocco;Wholesale;Cannabis-type drugs;Cannabis herb (marijuana);;2021;;0,5;8,5;% (percent)
Africa;North Africa;Morocco;Wholesale;Cannabis-type drugs;Cannabis resin (hashish);;2021;;5;46;% (percent)
Africa;North Africa;Morocco;Retail;Cocaine-type drugs;Cocaine hydrochloride;;2022;53;10;96;% (percent)
Africa;North Africa;Morocco;Retail;Opioids;Heroin;;2022;8,45;8,3;8,6;% (percent)
Africa;North Africa;Morocco;Wholesale;Cannabis-type drugs;Cannabis herb (marijuana);;2022;3,15;0,3;6;% (percent)
Africa;North Africa;Morocco;Wholesale;Cannabis-type drugs;Cannabis resin (hashish);;2022;24,65;0,3;49;% (percent)
Africa;North Africa;Morocco;Retail;Cannabis-type drugs;Cannabis resin (hashish);;2023;78;67;89;% (percent)
Africa;North Africa;Morocco;Retail;Cocaine-type drugs;Cocaine hydrochloride;;2023;47,5;10;85;% (percent)
Africa;North Africa;Morocco;Retail;Cannabis-type;Hashish (resin);;2019;25;1;47;% (percent)
Africa;North Africa;Morocco;Retail;Cocaine-type;Coca paste/cocaine base;Cocaine base;2019;81;76;87;% (percent)
Africa;North Africa;Morocco;Retail;Cocaine-type;Cocaine salts;;2019;21;12;30;% (percent)
Africa;North Africa;Morocco;Wholesale;Cannabis-type;Hashish (resin);;2019;25;1;47;% (percent)
Africa;North Africa;Morocco;Wholesale;Cocaine-type;Cocaine salts;;2019;;;95;% (percent)
Africa;West and Central Africa;Ghana;Retail;Cocaine-type drugs;Cocaine hydrochloride;;2020;64,7;38,8;94,2;% (percent)
Africa;West and Central Africa;Ghana;Retail;Opioids;Heroin;;2020;73,4;;;% (percent)
Africa;West and Central Africa;Ghana;Wholesale;Cocaine-type drugs;Cocaine hydrochloride;;2020;63,8;15;94,2;% (percent)
Africa;West and Central Africa;Ghana;Wholesale;Opioids;Heroin;;2020;60;21,4;73,4;% (percent)
Africa;West and Central Africa;Ghana;Wholesale;Amphetamine-type stimulants;Methamphetamine powder;;2021;49,67;43,73;55,6;% (percent)
Africa;West and Central Africa;Ghana;Wholesale;Cannabis-type drugs;Cannabis herb (marijuana);;2021;6,38;3,34;13,28;% (percent)
Africa;West and Central Africa;Ghana;Wholesale;Cocaine-type drugs;Cocaine hydrochloride;;2021;77,2;30,9;99,4;% (percent)
Africa;West and Central Africa;Ghana;Wholesale;Opioids;Heroin;;2021;22,83;14,02;34,27;% (percent)
Africa;West and Central Africa;Ghana;Wholesale;Amphetamine-type stimulants;Methamphetamine powder;;2022;55,13;46,36;66,25;% (percent)
Africa;West and Central Africa;Ghana;Wholesale;Cannabis-type drugs;Cannabis herb (marijuana);;2022;1,2;0,6;3;% (percent)
Africa;West and Central Africa;Ghana;Wholesale;Cocaine-type drugs;Cocaine hydrochloride;;2022;70;42;99;% (percent)
Africa;West and Central Africa;Ghana;Wholesale;Amphetamine-type stimulants;Amphetamine tablets;;2023;56,32;;;mg/tablet
Africa;West and Central Africa;Ghana;Wholesale;Amphetamine-type stimulants;Methamphetamine tablets;;2023;46,01;29,1;66,27;% (percent)
Africa;West and Central Africa;Ghana;Wholesale;Cannabis-type drugs;Cannabis herb (marijuana);;2023;1,61;0,51;3,05;% (percent)
Africa;West and Central Africa;Ghana;Wholesale;Cocaine-type drugs;Cocaine hydrochloride;;2023;49,17;36,2;68,26;% (percent)
Africa;West and Central Africa;Ghana;Wholesale;Opioids;Heroin;;2023;16,62;9,1;34,27;% (percent)
Americas;Central America;Costa Rica;Retail;Cocaine-type;Cocaine salts;;2019;84,77;79,09;89,35;% (percent)
Americas;Central America;El Salvador;Wholesale;Cocaine-type drugs;“Crack” cocaine;;2020;;15,1;96,65;% (percent)
Americas;Central America;El Salvador;Wholesale;Cocaine-type drugs;Cocaine hydrochloride;;2020;;1;97,5;% (percent)
Americas;Central America;El Salvador;Retail;Opioids;Codeine;;2021;;61,2;94,5;% (percent)
Americas;Central America;El Salvador;Retail;Opioids;Opioids;;2021;;61,2;94,5;% (percent)
Americas;Central America;El Salvador;Wholesale;Cocaine-type drugs;“Crack” cocaine;;2021;;10;98,5;% (percent)
Americas;Central America;El Salvador;Wholesale;Cocaine-type drugs;Cocaine hydrochloride;;2021;;5,5;95,2;% (percent)
Americas;Central America;El Salvador;Wholesale;Cocaine-type drugs;Cocaine-type drugs;;2021;;5,5;98,5;% (percent)
Americas;Central America;El Salvador;Retail;Cocaine-type drugs;“Crack” cocaine;;2022;65;11,4;95,4;% (percent)
Americas;Central America;El Salvador;Retail;Cocaine-type drugs;Cocaine hydrochloride;;2022;80;11,3;95,8;% (percent)
Americas;Central America;El Salvador;Wholesale;Cocaine-type drugs;Cocaine hydrochloride;;2022;85;62,2;92,2;% (percent)
Americas;Central America;El Salvador;Retail;Cocaine-type drugs;“Crack” cocaine;;2023;;9,9;97,6;% (percent)
Americas;Central America;El Salvador;Retail;Cocaine-type drugs;Cocaine hydrochloride;;2023;;9,8;98,6;% (percent)
Americas;Central America;El Salvador;Wholesale;Cocaine-type drugs;Cocaine hydrochloride;;2023;80;79,6;89;% (percent)
Americas;Central America;El Salvador;Retail;Cocaine-type;Cocaine salts;;2019;;4,82;93,5;% (percent)
Americas;Central America;El Salvador;Retail;Cocaine-type;Crack;;2019;;0,28;97,1;% (percent)
Americas;Central America;El Salvador;Wholesale;Cocaine-type;Cocaine salts;;2019;60;50;70;% (percent)
Americas;Central America;El Salvador;Wholesale;Cocaine-type;Crack;;2019;35;30;45;% (percent)
Americas;Central America;El Salvador;Wholesale;Opioids;Heroin;;2019;;92,48;97,02;% (percent)
Americas;Central America;Guatemala;Retail;Cocaine-type;Cocaine salts;;2019;40;25;45;% (percent)
Americas;Central America;Guatemala;Retail;Opioids;Heroin;;2019;50;35;50;% (percent)
Americas;Central America;Guatemala;Wholesale;Cocaine-type;Cocaine salts;;2019;80;65;85;% (percent)
Americas;Central America;Guatemala;Wholesale;Opioids;Heroin;;2019;50;35;55;% (percent)
Americas;Central America;Panama;Wholesale;“Ecstasy”-type substances;MDMA;;2020;95;95;100;% (percent)
Americas;Central America;Panama;Wholesale;Amphetamine-type stimulants;Methamphetamine powder;;2020;95;95;100;% (percent)
Americas;Central America;Panama;Wholesale;Cannabis-type drugs;Cannabis herb (marijuana);;2020;95;95;100;% (percent)
Americas;Central America;Panama;Wholesale;Cannabis-type drugs;Cannabis/hashish oil;;2020;95;95;100;% (percent)
Americas;Central America;Panama;Wholesale;Cocaine-type drugs;“Crack” cocaine;;2020;95;90;100;% (percent)
Americas;Central America;Panama;Wholesale;Cocaine-type drugs;Cocaine hydrochloride;;2020;95;95;100;% (percent)
Americas;Central America;Panama;Wholesale;Hallucinogens;Lysergic acid diethylamide (LSD);;2020;95;95;100;% (percent)
Americas;Central America;Panama;Wholesale;Opioids;Heroin;;2020;95;95;100;% (percent)
Americas;Central America;Panama;Wholesale;Opioids;Opium;;2020;95;95;100;% (percent)
Americas;North America;Mexico;Wholesale;Amphetamine-type stimulants;Methamphetamine powder;;2020;85,44;2,5;96,7;% (percent)
Americas;North America;Mexico;Wholesale;Cocaine-type drugs;Cocaine hydrochloride;;2020;71,84;1,1;99,9;% (percent)
Americas;North America;Mexico;Wholesale;Opioids;Fentanyl;;2020;19,35;0,28;85,5;% (percent)
Americas;North America;Mexico;Wholesale;Opioids;Heroin;;2020;49,3;2,1;92,6;% (percent)
Americas;North America;Mexico;Wholesale;Amphetamine-type stimulants;Methamphetamine powder;;2021;89,42;0,4;100;% (percent)
Americas;North America;Mexico;Wholesale;Cocaine-type drugs;Cocaine hydrochloride;;2021;48,64;0,6;96,4;% (percent)
Americas;North America;Mexico;Wholesale;Opioids;Fentanyl;;2021;19,44;0,28;93,1;% (percent)
Americas;North America;Mexico;Wholesale;Opioids;Heroin;;2021;46,89;2,3;93;% (percent)
Americas;North America;Mexico;Wholesale;Amphetamine-type stimulants;Methamphetamine powder;;2022;88,27;;;% (percent)
Americas;North America;Mexico;Wholesale;Cocaine-type drugs;Cocaine hydrochloride;;2022;56,6;;;% (percent)
Americas;North America;Mexico;Wholesale;Opioids;Fentanyl;;2022;20,97;;;% (percent)
Americas;North America;Mexico;Wholesale;Opioids;Heroin;;2022;42,14;;;% (percent)
Americas;North America;Mexico;Wholesale;Amphetamine-type stimulants;Methamphetamine powder;;2023;90,7;;;% (percent)
Americas;North America;Mexico;Wholesale;Amphetamine-type stimulants;Methamphetamine tablets;;2023;61,95;;;mg/tablet
Americas;North America;Mexico;Wholesale;Cocaine-type drugs;Cocaine hydrochloride;;2023;60,51;;;% (percent)
Americas;North America;Mexico;Wholesale;Opioids;Fentanyl;;2023;1,51;;;mg/tablet
Americas;North America;Mexico;Wholesale;Opioids;Heroin;;2023;36,67;;;% (percent)
Americas;North America;Mexico;Wholesale;ATS;Methamphetamine;;2019;74,72;33,2;100;% (percent)
Americas;North America;Mexico;Wholesale;Cocaine-type;Coca paste/cocaine base;Cocaine base;2019;34,44;15,8;88,3;% (percent)
Americas;North America;Mexico;Wholesale;Cocaine-type;Cocaine salts;;2019;57,95;1,33;96,6;% (percent)
Americas;North America;Mexico;Wholesale;Opioids;Heroin;Beige;2019;61,46;6;80,7;% (percent)
Americas;North America;Mexico;Wholesale;Opioids;Heroin;Black tar heroin;2019;35,1;1,8;74,4;% (percent)
Americas;North America;Mexico;Wholesale;Opioids;Pharmaceutical opioids;Fentanyl;2019;10,27;0,28;51,2;% (percent)
Americas;North America;United States of America;Retail;Amphetamine-type stimulants;Methamphetamine powder;;2021;99,2;;;% (percent)
Americas;North America;United States of America;Retail;Cannabis-type drugs;Cannabis-type drugs;;2021;15;;;% (percent)
Americas;North America;United States of America;Retail;Cocaine-type drugs;Cocaine hydrochloride;;2021;82,5;;;% (percent)
Americas;North America;United States of America;Retail;Opioids;Fentanyl;;2021;9,1;;;% (percent)
Americas;North America;United States of America;Retail;Opioids;Heroin;;2021;61;;;% (percent)
Americas;North America;United States of America;Retail;Opioids;Fentanyl;;2021;11,9;;;% (percent)
Americas;North America;United States of America;Wholesale;Cannabis-type drugs;Cannabis-type drugs;;2021;15,34;;;% (percent)
Americas;North America;United States of America;Wholesale;Opioids;Fentanyl;;2021;15,9;;;% (percent)
Americas;North America;United States of America;Wholesale;Opioids;Heroin;;2021;46;;;% (percent)
Americas;North America;United States of America;Retail;Opioids;Heroin;Black tar heroin;2019;33;;;% (percent)
Americas;North America;United States of America;Retail;Opioids;Heroin;White;2019;50;;;% (percent)
Americas;North America;United States of America;Wholesale;ATS;Methamphetamine;;2019;97;;;% (percent)
Americas;North America;United States of America;Wholesale;Cannabis-type;Marijuana (herb);;2019;16;;;% (percent)
Americas;North America;United States of America;Wholesale;Cocaine-type;Cocaine salts;;2019;83;;;% (percent)
Americas;North America;United States of America;Wholesale;Opioids;Heroin;Black tar heroin;2019;51;;;% (percent)
Americas;North America;United States of America;Wholesale;Opioids;Heroin;White;2019;83;;;% (percent)
Americas;South America;Argentina;Retail;Cocaine-type drugs;Cocaine hydrochloride;;2021;50,6;0,12;99;% (percent)
Americas;South America;Argentina;Wholesale;Cocaine-type drugs;Cocaine hydrochloride;;2021;59,9;14;98;% (percent)
Americas;South America;Argentina;Retail;Cocaine-type drugs;Cocaine hydrochloride;;2022;54,65;0,1;99,6;% (percent)
Americas;South America;Argentina;Wholesale;Cocaine-type drugs;Cocaine hydrochloride;;2022;66,79;0,1;99,54;% (percent)
Americas;South America;Argentina;Retail;Cocaine-type drugs;Cocaine hydrochloride;;2023;67,95;10,02;90;% (percent)
Americas;South America;Argentina;Wholesale;Cocaine-type drugs;Cocaine hydrochloride;;2023;75,89;10,36;89,93;% (percent)
Americas;South America;Bolivia (Plurinational State of);Retail;Cocaine-type drugs;Cocaine hydrochloride;;2021;;20;30;% (percent)
Americas;South America;Bolivia (Plurinational State of);Wholesale;“Ecstasy”-type substances;MDMA;;2021;;30;45;% (percent)
Americas;South America;Bolivia (Plurinational State of);Wholesale;Amphetamine-type stimulants;Amphetamine tablets;;2021;;10;15;mg/tablet
Americas;South America;Bolivia (Plurinational State of);Wholesale;Amphetamine-type stimulants;Methamphetamine powder;;2021;;;79;% (percent)
Americas;South America;Bolivia (Plurinational State of);Wholesale;Cannabis-type drugs;Cannabis herb (marijuana);;2021;;10;15;% (percent)
Americas;South America;Bolivia (Plurinational State of);Wholesale;Cocaine-type drugs;Cocaine hydrochloride;;2021;;89;95;% (percent)
Americas;South America;Bolivia (Plurinational State of);Wholesale;Sedatives and tranquilizers (please specify);Benzodiazepines;;2021;;0,25;2;mg/tablet
Americas;South America;Bolivia (Plurinational State of);Wholesale;“Ecstasy”-type substances;MDMA;;2022;;30;45;% (percent)
Americas;South America;Bolivia (Plurinational State of);Wholesale;Amphetamine-type stimulants;Methamphetamine powder;;2022;;;79;% (percent)
Americas;South America;Bolivia (Plurinational State of);Wholesale;Cannabis-type drugs;Cannabis-type drugs;;2022;20;15;;% (percent)
Americas;South America;Bolivia (Plurinational State of);Wholesale;Cocaine-type drugs;Cocaine hydrochloride;;2022;;89;95;% (percent)
Americas;South America;Bolivia (Plurinational State of);Wholesale;Sedatives and tranquilizers (please specify);Benzodiazepines;;2022;;0,25;2;mg/tablet
Americas;South America;Bolivia (Plurinational State of);Wholesale;Cannabis-type drugs;Cannabis herb (marijuana);;2023;;10;15;% (percent)
Americas;South America;Bolivia (Plurinational State of);Wholesale;Cocaine-type drugs;“Crack” cocaine;;2023;;72;85;% (percent)
Americas;South America;Bolivia (Plurinational State of);Wholesale;Cocaine-type drugs;Cocaine hydrochloride;;2023;;79;95;% (percent)
Americas;South America;Chile;Wholesale;“Ecstasy”-type substances;MDMA;;2020;36,26;;;
Americas;South America;Chile;Wholesale;Cannabis-type drugs;Cannabis herb (marijuana);;2020;10,9;;;
Americas;South America;Chile;Wholesale;Cocaine-type drugs;“Crack” cocaine;;2020;41,3;;;
Americas;South America;Chile;Wholesale;Cocaine-type drugs;Cocaine hydrochloride;;2020;;37,2;55;
Americas;South America;Chile;Wholesale;“Ecstasy”-type substances;MDMA;;2021;13,7;0,7;43,5;% (percent)
Americas;South America;Chile;Wholesale;Cannabis-type drugs;Cannabis herb (marijuana);;2021;14,7;3;51;% (percent)
Americas;South America;Chile;Wholesale;“Ecstasy”-type substances;MDMA;;2023;13,7;;;
Americas;South America;Chile;Wholesale;Amphetamine-type stimulants;Amphetamine tablets;;2023;10;0,7;43,5;% (percent)
Americas;South America;Chile;Wholesale;Cannabis-type drugs;Cannabis herb (marijuana);;2023;14,7;3;51;% (percent)
Americas;South America;Chile;Wholesale;Cannabis-type drugs;Cannabis resin (hashish);;2023;602;61;1311;mg/tablet
Americas;South America;Chile;Wholesale;Cocaine-type drugs;“Crack” cocaine;;2023;58,63;0,1;99;% (percent)
Americas;South America;Chile;Wholesale;Cocaine-type drugs;Cocaine hydrochloride;;2023;48,82;0,1;100;% (percent)
Americas;South America;Chile;Wholesale;Opioids;Codeine;;2023;6;;;mg/tablet
Americas;South America;Chile;Wholesale;Opioids;Fentanyl;;2023;0,05;;;mg/tablet
Americas;South America;Chile;Wholesale;Opioids;Tramadol;;2023;50;;;mg/tablet
Americas;South America;Chile;Wholesale;Sedatives and tranquilizers (please specify);Benzodiazepines;;2023;0,5;;;
Americas;South America;Colombia;Wholesale;Cocaine-type drugs;Cocaine hydrochloride;;2021;71,83;;;% (percent)
Americas;South America;Paraguay;Retail;Cannabis-type drugs;Cannabis herb (marijuana);;2020;3;1;5;% (percent)
Americas;South America;Paraguay;Retail;Cocaine-type drugs;“Crack” cocaine;;2020;40;40;60;
Americas;South America;Paraguay;Retail;Cocaine-type drugs;Cocaine hydrochloride;;2020;60;60;80;% (percent)
Americas;South America;Paraguay;Wholesale;Cannabis-type drugs;Cannabis herb (marijuana);;2020;5;1;6;% (percent)
Americas;South America;Paraguay;Wholesale;Cocaine-type drugs;“Crack” cocaine;;2020;;40;60;% (percent)
Americas;South America;Paraguay;Wholesale;Cocaine-type drugs;Cocaine hydrochloride;;2020;75;60;90;% (percent)
Americas;South America;Paraguay;Retail;Cocaine-type drugs;“Crack” cocaine;;2021;57;5;96,5;% (percent)
Americas;South America;Paraguay;Retail;Cocaine-type drugs;Cocaine hydrochloride;;2021;80;0,5;98,9;% (percent)
Americas;South America;Paraguay;Wholesale;Cocaine-type drugs;“Crack” cocaine;;2021;57;5;96,5;% (percent)
Americas;South America;Paraguay;Wholesale;Cocaine-type drugs;Cocaine hydrochloride;;2021;80;0,5;98,9;% (percent)
Americas;South America;Paraguay;Retail;Cannabis-type drugs;Cannabis herb (marijuana);;2022;7;4;11;% (percent)
Americas;South America;Paraguay;Retail;Cocaine-type drugs;Cocaine hydrochloride;;2022;71;14;92;% (percent)
Americas;South America;Paraguay;Wholesale;Cannabis-type drugs;Cannabis herb (marijuana);;2022;7;4;11;% (percent)
Americas;South America;Paraguay;Wholesale;Cocaine-type drugs;Cocaine hydrochloride;;2022;71;14;92;% (percent)
Americas;South America;Peru;Wholesale;Cocaine-type drugs;Cocaine hydrochloride;;2020;;60,79;91,57;% (percent)
Americas;South America;Peru;Retail;Cocaine-type drugs;Cocaine hydrochloride;;2021;68,61;45,6;92,12;% (percent)
Americas;South America;Peru;Wholesale;Cocaine-type drugs;Cocaine hydrochloride;;2021;84,05;47,89;92,76;% (percent)
Americas;South America;Peru;Wholesale;Cocaine-type drugs;Cocaine hydrochloride;;2022;88,86;5,59;94,59;% (percent)
Americas;South America;Peru;Wholesale;Cocaine-type drugs;Cocaine hydrochloride;;2023;89,09;20,92;98,27;% (percent)
Americas;South America;Venezuela (Bolivarian Republic of);Retail;Cannabis-type drugs;Cannabis herb (marijuana);;2022;40;;;
Americas;South America;Venezuela (Bolivarian Republic of);Wholesale;Cannabis-type drugs;Cannabis herb (marijuana);;2022;51,6;45;62;mg/tablet
Asia;Central Asia and Transcaucasia;Georgia;Retail;“Ecstasy”-type substances;Ecstasy-type substances;;2019;60;30;150;mg/tablet
Asia;Central Asia and Transcaucasia;Georgia;Retail;“Ecstasy”-type substances;Ecstasy-type substances;;2019;60;40;85;% (percent)
Asia;Central Asia and Transcaucasia;Georgia;Retail;ATS;Amphetamine;;2019;60;40;85;% (percent)
Asia;Central Asia and Transcaucasia;Georgia;Retail;ATS;Methamphetamine;;2019;60;40;85;% (percent)
Asia;Central Asia and Transcaucasia;Georgia;Retail;Cannabis-type;Hashish (resin);;2019;10;5;20;% (percent)
Asia;Central Asia and Transcaucasia;Georgia;Retail;Cannabis-type;Marijuana (herb);;2019;12;2;18;% (percent)
Asia;Central Asia and Transcaucasia;Georgia;Retail;Cocaine-type;Cocaine salts;;2019;60;10;80;% (percent)
Asia;Central Asia and Transcaucasia;Georgia;Retail;Opioids;Heroin;;2019;60;3;75;% (percent)
Asia;Central Asia and Transcaucasia;Kazakhstan;Retail;Cannabis-type;Hashish (resin);;2019;70;50;90;% (percent)
Asia;Central Asia and Transcaucasia;Kazakhstan;Wholesale;Cannabis-type;Hashish (resin);;2019;80;70;90;% (percent)
Asia;Central Asia and Transcaucasia;Kazakhstan;Wholesale;Opioids;Heroin;;2019;20;15;25;% (percent)
Asia;Central Asia and Transcaucasia;Kyrgyzstan;Wholesale;Opioids;Heroin;;2021;30;;;% (percent)
Asia;East and South-East Asia;Brunei Darussalam;Retail;“Ecstasy”-type substances;MDMA;;2020;16;16;53;% (percent)
Asia;East and South-East Asia;Brunei Darussalam;Retail;Amphetamine-type stimulants;Methamphetamine powder;;2020;80;78;82;% (percent)
Asia;East and South-East Asia;Brunei Darussalam;Retail;“Ecstasy”-type substances;MDMA;;2021;;16;53,5;
Asia;East and South-East Asia;Brunei Darussalam;Retail;Amphetamine-type stimulants;Methamphetamine powder;;2021;80;74;80,6;
Asia;East and South-East Asia;Brunei Darussalam;Retail;Amphetamine-type stimulants;Methamphetamine powder;;2022;;70;81,1;% (percent)
Asia;East and South-East Asia;Brunei Darussalam;Retail;ATS;Methamphetamine;;2019;74,58;69,06;79,03;% (percent)
Asia;East and South-East Asia;Cambodia;Wholesale;“Ecstasy”-type substances;MDMA;;2020;29;14,6;43,5;% (percent)
Asia;East and South-East Asia;Cambodia;Wholesale;Amphetamine-type stimulants;Methamphetamine powder;;2020;62;1,5;80,5;% (percent)
Asia;East and South-East Asia;Cambodia;Wholesale;Amphetamine-type stimulants;Methamphetamine tablets;;2020;17;12,2;23,7;% (percent)
Asia;East and South-East Asia;Cambodia;Retail;ATS;Methamphetamine;;2019;64,48;1,91;80,98;% (percent)
Asia;East and South-East Asia;Cambodia;Retail;Opioids;Heroin;;2019;82,77;;;% (percent)
Asia;East and South-East Asia;Cambodia;Retail;Substances not under international control;Ketamine and phencyclidine-type substances;Ketamine;2019;34,29;0,65;78,37;% (percent)
Asia;East and South-East Asia;China;Retail;Amphetamine-type stimulants;Methamphetamine powder;;2020;90;2;99;% (percent)
Asia;East and South-East Asia;China;Retail;Amphetamine-type stimulants;Methamphetamine tablets;;2020;16;2;20;mg/tablet
Asia;East and South-East Asia;China;Retail;Opioids;Heroin;;2020;44;2;80;% (percent)
Asia;East and South-East Asia;China;Wholesale;Amphetamine-type stimulants;Methamphetamine powder;;2020;96;2;99;% (percent)
Asia;East and South-East Asia;China;Wholesale;Amphetamine-type stimulants;Methamphetamine tablets;;2020;17;2;25;mg/tablet
Asia;East and South-East Asia;China;Wholesale;Opioids;Heroin;;2020;50;2;88;% (percent)
Asia;East and South-East Asia;China;Retail;Amphetamine-type stimulants;Methamphetamine powder;;2021;89;2;99;
Asia;East and South-East Asia;China;Retail;Amphetamine-type stimulants;Methamphetamine tablets;;2021;16;2;22;
Asia;East and South-East Asia;China;Retail;Opioids;Heroin;;2021;40;2;80;
Asia;East and South-East Asia;China;Wholesale;Amphetamine-type stimulants;Methamphetamine powder;;2021;90;2;99;% (percent)
Asia;East and South-East Asia;China;Wholesale;Amphetamine-type stimulants;Methamphetamine tablets;;2021;16;2;24;% (percent)
Asia;East and South-East Asia;China;Wholesale;Opioids;Heroin;;2021;45;2;85;% (percent)
Asia;East and South-East Asia;China;Wholesale;Amphetamine-type stimulants;Methamphetamine powder;;2022;62;2;99;% (percent)
Asia;East and South-East Asia;China;Wholesale;Amphetamine-type stimulants;Methamphetamine tablets;;2022;17;2;22;mg/tablet
Asia;East and South-East Asia;China;Wholesale;Opioids;Heroin;;2022;40;2;84;% (percent)
Asia;East and South-East Asia;China;Wholesale;Amphetamine-type stimulants;Methamphetamine powder;;2023;70,7;0,4;99,8;% (percent)
Asia;East and South-East Asia;China;Wholesale;Amphetamine-type stimulants;Methamphetamine tablets;;2023;16,5;2,2;51,5;mg/tablet
Asia;East and South-East Asia;China;Wholesale;Opioids;Heroin;;2023;33,8;0,6;95,1;% (percent)
Asia;East and South-East Asia;China;Retail;ATS;Amphetamine;;2019;15,6;3,3;23,2;mg/tablet
Asia;East and South-East Asia;China;Retail;ATS;Methamphetamine;;2019;72;1,6;79;% (percent)
Asia;East and South-East Asia;China;Retail;Cocaine-type;Cocaine salts;;2019;40;18;78;% (percent)
Asia;East and South-East Asia;China;Retail;Opioids;Heroin;;2019;35;2;70;% (percent)
Asia;East and South-East Asia;China;Retail;Substances not under international control;Ketamine and phencyclidine-type substances;Ketamine;2019;62;2;83;% (percent)
Asia;East and South-East Asia;China;Wholesale;ATS;Amphetamine;;2019;16,6;1,3;24,2;mg/tablet
Asia;East and South-East Asia;China;Wholesale;ATS;Methamphetamine;;2019;76;5;79;% (percent)
Asia;East and South-East Asia;China;Wholesale;Cocaine-type;Cocaine salts;;2019;70;38;83;% (percent)
Asia;East and South-East Asia;China;Wholesale;Opioids;Heroin;;2019;45;2;78;% (percent)
Asia;East and South-East Asia;China;Wholesale;Substances not under international control;Ketamine and phencyclidine-type substances;Ketamine;2019;69;13;83;% (percent)
Asia;East and South-East Asia;China, Hong Kong SAR;Retail;Amphetamine-type stimulants;Methamphetamine powder;;2020;96;89;99;% (percent)
Asia;East and South-East Asia;China, Hong Kong SAR;Retail;Cocaine-type drugs;“Crack” cocaine;;2020;67;62;82;% (percent)
Asia;East and South-East Asia;China, Hong Kong SAR;Retail;Cocaine-type drugs;Cocaine hydrochloride;;2020;73;50;84;% (percent)
Asia;East and South-East Asia;China, Hong Kong SAR;Retail;Opioids;Heroin;;2020;76;66;83;% (percent)
Asia;East and South-East Asia;China, Hong Kong SAR;Retail;Amphetamine-type stimulants;Methamphetamine powder;;2021;97;95;99;% (percent)
Asia;East and South-East Asia;China, Hong Kong SAR;Retail;Cocaine-type drugs;“Crack” cocaine;;2021;82;69;87;% (percent)
Asia;East and South-East Asia;China, Hong Kong SAR;Retail;Cocaine-type drugs;Cocaine hydrochloride;;2021;71;54;83;% (percent)
Asia;East and South-East Asia;China, Hong Kong SAR;Retail;Opioids;Heroin;;2021;79;72;84;% (percent)
Asia;East and South-East Asia;China, Hong Kong SAR;Retail;Amphetamine-type stimulants;Methamphetamine powder;;2022;98;95;99;% (percent)
Asia;East and South-East Asia;China, Hong Kong SAR;Retail;Cocaine-type drugs;“Crack” cocaine;;2022;79;72;85;% (percent)
Asia;East and South-East Asia;China, Hong Kong SAR;Retail;Cocaine-type drugs;Cocaine hydrochloride;;2022;76;59;82;% (percent)
Asia;East and South-East Asia;China, Hong Kong SAR;Retail;Opioids;Heroin;;2022;81;73;85;% (percent)
Asia;East and South-East Asia;China, Hong Kong SAR;Retail;Amphetamine-type stimulants;Methamphetamine powder;;2023;97;96;99;% (percent)
Asia;East and South-East Asia;China, Hong Kong SAR;Retail;Cocaine-type drugs;“Crack” cocaine;;2023;77;56;89;% (percent)
Asia;East and South-East Asia;China, Hong Kong SAR;Retail;Cocaine-type drugs;Cocaine hydrochloride;;2023;77;65;85;% (percent)
Asia;East and South-East Asia;China, Hong Kong SAR;Retail;Opioids;Heroin;;2023;81;78;85;% (percent)
Asia;East and South-East Asia;China, Macao SAR;Retail;“Ecstasy”-type substances;MDMA;;2020;;7,78;39,3;% (percent)
Asia;East and South-East Asia;China, Macao SAR;Retail;Amphetamine-type stimulants;Methamphetamine powder;;2020;;17,5;80,3;% (percent)
Asia;East and South-East Asia;China, Macao SAR;Retail;Cocaine-type drugs;Cocaine-type drugs;;2020;;21,7;98,9;% (percent)
Asia;East and South-East Asia;China, Macao SAR;Retail;Opioids;Codeine;;2020;;0,09;0,12;% (percent)
Asia;East and South-East Asia;China, Macao SAR;Retail;Opioids;Heroin;;2020;;70,2;77,3;% (percent)
Asia;East and South-East Asia;China, Macao SAR;Retail;“Ecstasy”-type substances;MDMA;;2021;;17,5;80,3;% (percent)
Asia;East and South-East Asia;China, Macao SAR;Retail;Amphetamine-type stimulants;Methamphetamine powder;;2021;;6,58;80;% (percent)
Asia;East and South-East Asia;China, Macao SAR;Retail;Amphetamine-type stimulants;Methamphetamine tablets;;2021;;;5,18;% (percent)
Asia;East and South-East Asia;China, Macao SAR;Retail;Cannabis-type drugs;Cannabis resin (hashish);;2021;;0,54;7,07;% (percent)
Asia;East and South-East Asia;China, Macao SAR;Retail;Cocaine-type drugs;Cocaine-type drugs;;2021;;20,3;85,1;% (percent)
Asia;East and South-East Asia;China, Macao SAR;Retail;“Ecstasy”-type substances;MDMA;;2022;;17,5;80,3;% (percent)
Asia;East and South-East Asia;China, Macao SAR;Retail;Amphetamine-type stimulants;Methamphetamine powder;;2022;;6,58;80;% (percent)
Asia;East and South-East Asia;China, Macao SAR;Retail;Amphetamine-type stimulants;Methamphetamine tablets;;2022;;;5,18;% (percent)
Asia;East and South-East Asia;China, Macao SAR;Retail;Cannabis-type drugs;Cannabis/hashish oil;;2022;;0,54;7,07;% (percent)
Asia;East and South-East Asia;China, Macao SAR;Retail;Cocaine-type drugs;Cocaine hydrochloride;;2022;;20,3;85,1;% (percent)
Asia;East and South-East Asia;China, Macao SAR;Retail;“Ecstasy”-type substances;MDMA;;2023;;9,4;39,3;% (percent)
Asia;East and South-East Asia;China, Macao SAR;Retail;Amphetamine-type stimulants;Methamphetamine powder;;2023;;21,2;80,3;% (percent)
Asia;East and South-East Asia;China, Macao SAR;Retail;Amphetamine-type stimulants;Methamphetamine tablets;;2023;;;15,5;% (percent)
Asia;East and South-East Asia;China, Macao SAR;Retail;Cocaine-type drugs;Cocaine-type drugs;;2023;;32,7;97,9;% (percent)
Asia;East and South-East Asia;China, Macao SAR;Retail;Opioids;Heroin;;2023;;60,6;84,7;% (percent)
Asia;East and South-East Asia;Indonesia;Wholesale;Amphetamine-type stimulants;Methamphetamine powder;;2020;96,5;95,6;99,65;% (percent)
Asia;East and South-East Asia;Indonesia;Wholesale;Amphetamine-type stimulants;Methamphetamine powder;;2021;89,96;61,72;96,93;% (percent)
Asia;East and South-East Asia;Indonesia;Wholesale;Amphetamine-type stimulants;Methamphetamine powder;;2022;93,57;89,35;98,86;% (percent)
Asia;East and South-East Asia;Indonesia;Wholesale;“Ecstasy”-type substances;MDMA;;2023;41,66;19,25;61,87;% (percent)
Asia;East and South-East Asia;Indonesia;Wholesale;Amphetamine-type stimulants;Methamphetamine powder;;2023;96,13;93,16;98,16;% (percent)
Asia;East and South-East Asia;Indonesia;Retail;ATS;Methamphetamine;;2019;77,41;72,32;80,25;% (percent)
Asia;East and South-East Asia;Malaysia;Retail;“Ecstasy”-type substances;MDMA;;2020;;30;50;% (percent)
Asia;East and South-East Asia;Malaysia;Retail;Amphetamine-type stimulants;Methamphetamine powder;;2020;;50;80;% (percent)
Asia;East and South-East Asia;Malaysia;Retail;Amphetamine-type stimulants;Methamphetamine tablets;;2020;;20;35;% (percent)
Asia;East and South-East Asia;Malaysia;Retail;Opioids;Heroin;;2020;;3;10;% (percent)
Asia;East and South-East Asia;Malaysia;Retail;Sedatives and tranquilizers (please specify);Benzodiazepines;;2020;;3;4;% (percent)
Asia;East and South-East Asia;Malaysia;Wholesale;“Ecstasy”-type substances;MDMA;;2020;50;30;50;% (percent)
Asia;East and South-East Asia;Malaysia;Wholesale;Amphetamine-type stimulants;Methamphetamine powder;;2020;79;70;80;% (percent)
Asia;East and South-East Asia;Malaysia;Wholesale;Amphetamine-type stimulants;Methamphetamine tablets;;2020;20;20;35;% (percent)
Asia;East and South-East Asia;Malaysia;Wholesale;Cocaine-type drugs;Cocaine hydrochloride;;2020;70;70;80;% (percent)
Asia;East and South-East Asia;Malaysia;Wholesale;Opioids;Heroin;;2020;3;3;70;% (percent)
Asia;East and South-East Asia;Malaysia;Wholesale;Sedatives and tranquilizers (please specify);Benzodiazepines;;2020;3;3;4;% (percent)
Asia;East and South-East Asia;Malaysia;Retail;“Ecstasy”-type substances;MDMA;;2021;35;15;50;
Asia;East and South-East Asia;Malaysia;Retail;Amphetamine-type stimulants;Amphetamine tablets;;2021;12;12;22;
Asia;East and South-East Asia;Malaysia;Retail;Amphetamine-type stimulants;Methamphetamine powder;;2021;70;50;80;% (percent)
Asia;East and South-East Asia;Malaysia;Retail;Amphetamine-type stimulants;Methamphetamine tablets;;2021;16;16;18;% (percent)
Asia;East and South-East Asia;Malaysia;Retail;Cocaine-type drugs;Cocaine hydrochloride;;2021;30;50;60;
Asia;East and South-East Asia;Malaysia;Retail;Opioids;Heroin;;2021;3;3;10;% (percent)
Asia;East and South-East Asia;Malaysia;Retail;Sedatives and tranquilizers (please specify);Benzodiazepines;;2021;3;3;5;
Asia;East and South-East Asia;Malaysia;Wholesale;“Ecstasy”-type substances;MDMA;;2021;35;15;50;% (percent)
Asia;East and South-East Asia;Malaysia;Wholesale;Amphetamine-type stimulants;Amphetamine tablets;;2021;12;12;22;% (percent)
Asia;East and South-East Asia;Malaysia;Wholesale;Amphetamine-type stimulants;Methamphetamine powder;;2021;70;10;80;% (percent)
Asia;East and South-East Asia;Malaysia;Wholesale;Amphetamine-type stimulants;Methamphetamine tablets;;2021;16;16;18;% (percent)
Asia;East and South-East Asia;Malaysia;Wholesale;Cocaine-type drugs;Cocaine hydrochloride;;2021;70;70;80;% (percent)
Asia;East and South-East Asia;Malaysia;Wholesale;Opioids;Heroin;;2021;3;3;70;% (percent)
Asia;East and South-East Asia;Malaysia;Wholesale;Sedatives and tranquilizers (please specify);Benzodiazepines;;2021;3;3;5;% (percent)
Asia;East and South-East Asia;Malaysia;Retail;“Ecstasy”-type substances;MDMA;;2022;40;30;60;
Asia;East and South-East Asia;Malaysia;Retail;Amphetamine-type stimulants;Methamphetamine powder;;2022;75;10;80;% (percent)
Asia;East and South-East Asia;Malaysia;Retail;Amphetamine-type stimulants;Methamphetamine tablets;;2022;14;30;20;% (percent)
Asia;East and South-East Asia;Malaysia;Retail;Opioids;Heroin;;2022;3;0,1;5;% (percent)
Asia;East and South-East Asia;Malaysia;Retail;Sedatives and tranquilizers (please specify);Benzodiazepines;;2022;5;4;5;% (percent)
Asia;East and South-East Asia;Malaysia;Wholesale;“Ecstasy”-type substances;MDMA;;2022;40;30;60;% (percent)
Asia;East and South-East Asia;Malaysia;Wholesale;Amphetamine-type stimulants;Methamphetamine powder;;2022;75;10;80;% (percent)
Asia;East and South-East Asia;Malaysia;Wholesale;Amphetamine-type stimulants;Methamphetamine tablets;;2022;14;10;20;% (percent)
Asia;East and South-East Asia;Malaysia;Wholesale;Cocaine-type drugs;Cocaine hydrochloride;;2022;70;65;80;% (percent)
Asia;East and South-East Asia;Malaysia;Wholesale;Opioids;Heroin;;2022;60;3;80;% (percent)
Asia;East and South-East Asia;Malaysia;Wholesale;Sedatives and tranquilizers (please specify);Benzodiazepines;;2022;5;4;5;% (percent)
Asia;East and South-East Asia;Malaysia;Retail;“Ecstasy”-type substances;MDMA;;2023;30;40;50;% (percent)
Asia;East and South-East Asia;Malaysia;Retail;Amphetamine-type stimulants;Methamphetamine powder;;2023;10;70;80;% (percent)
Asia;East and South-East Asia;Malaysia;Retail;Amphetamine-type stimulants;Methamphetamine tablets;;2023;15;16;18;% (percent)
Asia;East and South-East Asia;Malaysia;Retail;Cocaine-type drugs;Cocaine hydrochloride;;2023;60;70;80;% (percent)
Asia;East and South-East Asia;Malaysia;Retail;Opioids;Heroin;;2023;2;4;5;% (percent)
Asia;East and South-East Asia;Malaysia;Retail;Sedatives and tranquilizers (please specify);Benzodiazepines;;2023;3;4;5;% (percent)
Asia;East and South-East Asia;Malaysia;Retail;Sedatives and tranquilizers (please specify);Sedatives and tranquilizers (please specify);;2023;50;75;85;% (percent)
Asia;East and South-East Asia;Malaysia;Wholesale;“Ecstasy”-type substances;MDMA;;2023;30;40;50;% (percent)
Asia;East and South-East Asia;Malaysia;Wholesale;Amphetamine-type stimulants;Methamphetamine powder;;2023;10;70;80;% (percent)
Asia;East and South-East Asia;Malaysia;Wholesale;Amphetamine-type stimulants;Methamphetamine tablets;;2023;15;16;18;% (percent)
Asia;East and South-East Asia;Malaysia;Wholesale;Cocaine-type drugs;Cocaine hydrochloride;;2023;60;70;80;% (percent)
Asia;East and South-East Asia;Malaysia;Wholesale;Opioids;Heroin;;2023;2;4;70;% (percent)
Asia;East and South-East Asia;Malaysia;Wholesale;Sedatives and tranquilizers (please specify);Benzodiazepines;;2023;3;4;5;% (percent)
Asia;East and South-East Asia;Malaysia;Wholesale;Sedatives and tranquilizers (please specify);Sedatives and tranquilizers (please specify);;2023;50;75;85;% (percent)
Asia;East and South-East Asia;Philippines;Retail;Amphetamine-type stimulants;Methamphetamine powder;;2020;;19,7;83,11;% (percent)
Asia;East and South-East Asia;Philippines;Wholesale;Amphetamine-type stimulants;Methamphetamine powder;;2020;;24,45;86,24;% (percent)
Asia;East and South-East Asia;Philippines;Wholesale;“Ecstasy”-type substances;MDMA;;2021;49,26;11,26;98,5;% (percent)
Asia;East and South-East Asia;Philippines;Wholesale;Amphetamine-type stimulants;Methamphetamine powder;;2021;70,33;0,43;99,01;% (percent)
Asia;East and South-East Asia;Philippines;Retail;“Ecstasy”-type substances;MDMA;;2022;20,05;0,28;34,9;% (percent)
Asia;East and South-East Asia;Philippines;Retail;Amphetamine-type stimulants;Methamphetamine powder;;2022;67,97;6,18;99,64;% (percent)
Asia;East and South-East Asia;Philippines;Retail;Cocaine-type drugs;Cocaine-type drugs;;2022;80,63;58,42;92,98;% (percent)
Asia;East and South-East Asia;Philippines;Wholesale;“Ecstasy”-type substances;MDMA;;2023;21,25;;;% (percent)
Asia;East and South-East Asia;Philippines;Wholesale;Amphetamine-type stimulants;Methamphetamine powder;;2023;70,7;;;% (percent)
Asia;East and South-East Asia;Philippines;Wholesale;Cocaine-type drugs;Cocaine hydrochloride;;2023;77,21;;;% (percent)
Asia;East and South-East Asia;Republic of Korea;Wholesale;Amphetamine-type stimulants;Methamphetamine powder;;2023;96,9;83;98,5;% (percent)
Asia;East and South-East Asia;Singapore;Retail;“Ecstasy”-type substances;MDMA;;2020;37,1;;;% (percent)
Asia;East and South-East Asia;Singapore;Retail;Amphetamine-type stimulants;Methamphetamine powder;;2020;75,29;;;% (percent)
Asia;East and South-East Asia;Singapore;Retail;Amphetamine-type stimulants;Methamphetamine tablets;;2020;22,37;;;% (percent)
Asia;East and South-East Asia;Singapore;Retail;Opioids;Heroin;;2020;1,94;;;% (percent)
Asia;East and South-East Asia;Singapore;Wholesale;“Ecstasy”-type substances;MDMA;;2020;43,63;;;% (percent)
Asia;East and South-East Asia;Singapore;Wholesale;Amphetamine-type stimulants;Methamphetamine powder;;2020;79,4;;;% (percent)
Asia;East and South-East Asia;Singapore;Wholesale;Opioids;Heroin;;2020;2,89;;;% (percent)
Asia;East and South-East Asia;Singapore;Retail;“Ecstasy”-type substances;“Ecstasy”-type substances;;2021;23,27;;;% (percent)
Asia;East and South-East Asia;Singapore;Retail;“Ecstasy”-type substances;MDMA;;2021;23,27;;;% (percent)
Asia;East and South-East Asia;Singapore;Retail;Amphetamine-type stimulants;Amphetamine-type stimulants;;2021;73,35;;;% (percent)
Asia;East and South-East Asia;Singapore;Retail;Amphetamine-type stimulants;Methamphetamine powder;;2021;73,35;;;% (percent)
Asia;East and South-East Asia;Singapore;Retail;Opioids;Heroin;;2021;2,33;;;% (percent)
Asia;East and South-East Asia;Singapore;Retail;Opioids;Opioids;;2021;2,33;;;% (percent)
Asia;East and South-East Asia;Singapore;Wholesale;“Ecstasy”-type substances;“Ecstasy”-type substances;;2021;35,54;;;% (percent)
Asia;East and South-East Asia;Singapore;Wholesale;“Ecstasy”-type substances;MDMA;;2021;35,54;;;% (percent)
Asia;East and South-East Asia;Singapore;Wholesale;Amphetamine-type stimulants;Amphetamine-type stimulants;;2021;78,96;;;% (percent)
Asia;East and South-East Asia;Singapore;Wholesale;Amphetamine-type stimulants;Methamphetamine powder;;2021;78,96;;;% (percent)
Asia;East and South-East Asia;Singapore;Wholesale;Opioids;Heroin;;2021;1,99;;;% (percent)
Asia;East and South-East Asia;Singapore;Wholesale;Opioids;Opioids;;2021;1,99;;;% (percent)
Asia;East and South-East Asia;Singapore;Retail;“Ecstasy”-type substances;“Ecstasy”-type substances;;2022;26,37;;;
Asia;East and South-East Asia;Singapore;Retail;“Ecstasy”-type substances;MDMA;;2022;26,37;;;
Asia;East and South-East Asia;Singapore;Retail;Amphetamine-type stimulants;Amphetamine-type stimulants;;2022;78;;;% (percent)
Asia;East and South-East Asia;Singapore;Retail;Amphetamine-type stimulants;Methamphetamine powder;;2022;78;;;% (percent)
Asia;East and South-East Asia;Singapore;Retail;Amphetamine-type stimulants;Methamphetamine tablets;;2022;7,28;;;% (percent)
Asia;East and South-East Asia;Singapore;Retail;Opioids;Heroin;;2022;2,53;;;% (percent)
Asia;East and South-East Asia;Singapore;Retail;Opioids;Opioids;;2022;2,53;;;% (percent)
Asia;East and South-East Asia;Singapore;Wholesale;“Ecstasy”-type substances;“Ecstasy”-type substances;;2022;42,91;;;% (percent)
Asia;East and South-East Asia;Singapore;Wholesale;“Ecstasy”-type substances;MDMA;;2022;42,91;;;% (percent)
Asia;East and South-East Asia;Singapore;Wholesale;Amphetamine-type stimulants;Amphetamine-type stimulants;;2022;79,12;;;% (percent)
Asia;East and South-East Asia;Singapore;Wholesale;Amphetamine-type stimulants;Methamphetamine powder;;2022;79,12;;;% (percent)
Asia;East and South-East Asia;Singapore;Wholesale;Opioids;Heroin;;2022;2,71;;;% (percent)
Asia;East and South-East Asia;Singapore;Wholesale;Opioids;Opioids;;2022;2,71;;;% (percent)
Asia;East and South-East Asia;Singapore;Retail;“Ecstasy”-type substances;MDMA;;2023;34,63;;;% (percent)
Asia;East and South-East Asia;Singapore;Retail;Amphetamine-type stimulants;Methamphetamine powder;;2023;78,69;;;% (percent)
Asia;East and South-East Asia;Singapore;Retail;Amphetamine-type stimulants;Methamphetamine tablets;;2023;5,35;;;% (percent)
Asia;East and South-East Asia;Singapore;Retail;Opioids;Heroin;;2023;2,15;;;% (percent)
Asia;East and South-East Asia;Singapore;Wholesale;“Ecstasy”-type substances;MDMA;;2023;35,46;;;% (percent)
Asia;East and South-East Asia;Singapore;Wholesale;Amphetamine-type stimulants;Methamphetamine powder;;2023;79,44;;;% (percent)
Asia;East and South-East Asia;Singapore;Wholesale;Opioids;Heroin;;2023;2,28;;;% (percent)
Asia;East and South-East Asia;Thailand;Wholesale;“Ecstasy”-type substances;MDMA;;2020;48,73;0,39;99,23;% (percent)
Asia;East and South-East Asia;Thailand;Wholesale;Amphetamine-type stimulants;Methamphetamine powder;;2020;94,56;0,12;99,98;% (percent)
Asia;East and South-East Asia;Thailand;Wholesale;Amphetamine-type stimulants;Methamphetamine tablets;;2020;12,08;0,01;30,35;% (percent)
Asia;East and South-East Asia;Thailand;Wholesale;Cocaine-type drugs;Cocaine hydrochloride;;2020;80,49;31,38;96,77;% (percent)
Asia;East and South-East Asia;Thailand;Wholesale;Opioids;Heroin;;2020;83,39;41,83;96,63;% (percent)
Asia;East and South-East Asia;Thailand;Wholesale;Opioids;Opium;;2020;9,08;5,89;12,57;% (percent)
Asia;East and South-East Asia;Thailand;Retail;“Ecstasy”-type substances;MDMA;;2021;45,97;9,39;79,71;% (percent)
Asia;East and South-East Asia;Thailand;Retail;Amphetamine-type stimulants;Methamphetamine powder;;2021;94,33;2,23;99,84;% (percent)
Asia;East and South-East Asia;Thailand;Retail;Amphetamine-type stimulants;Methamphetamine tablets;;2021;17,13;2,9;23,99;% (percent)
Asia;East and South-East Asia;Thailand;Retail;Cocaine-type drugs;Cocaine hydrochloride;;2021;82,38;30,37;98,47;% (percent)
Asia;East and South-East Asia;Thailand;Retail;Hallucinogens;Lysergic acid diethylamide (LSD);;2021;0,19;0,19;0,19;% (percent)
Asia;East and South-East Asia;Thailand;Retail;Opioids;Heroin;;2021;84,55;20,59;95,31;% (percent)
Asia;East and South-East Asia;Thailand;Retail;Opioids;Opium;;2021;6,64;5,37;17,76;% (percent)
Asia;East and South-East Asia;Thailand;Wholesale;“Ecstasy”-type substances;MDMA;;2021;45,97;9,39;79,71;% (percent)
Asia;East and South-East Asia;Thailand;Wholesale;Amphetamine-type stimulants;Methamphetamine powder;;2021;94,33;2,23;99,84;% (percent)
Asia;East and South-East Asia;Thailand;Wholesale;Amphetamine-type stimulants;Methamphetamine tablets;;2021;17,13;2,9;23,99;% (percent)
Asia;East and South-East Asia;Thailand;Wholesale;Cocaine-type drugs;Cocaine hydrochloride;;2021;82,38;30,37;98,47;% (percent)
Asia;East and South-East Asia;Thailand;Wholesale;Hallucinogens;Lysergic acid diethylamide (LSD);;2021;0,19;0,19;0,19;% (percent)
Asia;East and South-East Asia;Thailand;Wholesale;Opioids;Heroin;;2021;84,55;20,59;95,31;% (percent)
Asia;East and South-East Asia;Thailand;Wholesale;Opioids;Opium;;2021;6,64;5,37;17,76;% (percent)
Asia;East and South-East Asia;Thailand;Wholesale;“Ecstasy”-type substances;“Ecstasy”-type substances;;2022;46,75;1,41;69,13;% (percent)
Asia;East and South-East Asia;Thailand;Wholesale;Amphetamine-type stimulants;Methamphetamine powder;;2022;90,71;0,08;99,88;% (percent)
Asia;East and South-East Asia;Thailand;Wholesale;Amphetamine-type stimulants;Methamphetamine tablets;;2022;16,78;0,02;31,65;% (percent)
Asia;East and South-East Asia;Thailand;Wholesale;Cocaine-type drugs;Cocaine hydrochloride;;2022;74,13;40,36;99,18;
Asia;East and South-East Asia;Thailand;Wholesale;Opioids;Heroin;;2022;86,24;58,92;96,77;% (percent)
Asia;East and South-East Asia;Thailand;Wholesale;“Ecstasy”-type substances;MDMA;;2023;36,6;10,3;63,75;% (percent)
Asia;East and South-East Asia;Thailand;Wholesale;Amphetamine-type stimulants;Methamphetamine powder;;2023;95,2;0,07;99,98;% (percent)
Asia;East and South-East Asia;Thailand;Wholesale;Amphetamine-type stimulants;Methamphetamine tablets;;2023;17,23;4,44;34,21;% (percent)
Asia;East and South-East Asia;Thailand;Wholesale;Cocaine-type drugs;Cocaine hydrochloride;;2023;84,96;22,82;99,72;% (percent)
Asia;East and South-East Asia;Thailand;Wholesale;Hallucinogens;Lysergic acid diethylamide (LSD);;2023;84,94;;84,94;% (percent)
Asia;East and South-East Asia;Thailand;Wholesale;Opioids;Heroin;;2023;84,08;1;98,43;% (percent)
Asia;East and South-East Asia;Thailand;Wholesale;Opioids;Opium;;2023;8,75;6,28;10,85;% (percent)
Asia;East and South-East Asia;Thailand;Retail;“Ecstasy”-type substances;Ecstasy-type substances;;2019;49,03;6,47;79,42;% (percent)
Asia;East and South-East Asia;Thailand;Retail;ATS;Methamphetamine;;2019;94,85;0,18;99,75;% (percent)
Asia;East and South-East Asia;Thailand;Retail;Cocaine-type;Cocaine salts;;2019;75,3;18,43;98,43;% (percent)
Asia;East and South-East Asia;Thailand;Retail;Opioids;Heroin;;2019;86,05;71,85;92,39;% (percent)
Asia;East and South-East Asia;Viet Nam;Retail;“Ecstasy”-type substances;Ecstasy-type substances;;2019;;0,3;0,4;mg/tablet
Asia;East and South-East Asia;Viet Nam;Retail;“Ecstasy”-type substances;Ecstasy-type substances;;2019;75;;;% (percent)
Asia;East and South-East Asia;Viet Nam;Retail;ATS;Methamphetamine;;2019;;70;80;% (percent)
Asia;East and South-East Asia;Viet Nam;Retail;Substances not under international control;Ketamine and phencyclidine-type substances;Ketamine;2019;;1;5;% (percent)
Asia;East and South-East Asia;Viet Nam;Retail;Substances not under international control;Ketamine and phencyclidine-type substances;Ketamine;2019;80;;;% (percent)
Asia;East and South-East Asia;Viet Nam;Retail;Substances not under international control;Ketamine and phencyclidine-type substances;Ketamine;2019;100;;;% (percent)
Asia;Near and Middle East/ South-West Asia;Lebanon;Retail;Cannabis-type;Hashish (resin);;2019;70;60;80;% (percent)
Asia;Near and Middle East/ South-West Asia;Lebanon;Retail;Cannabis-type;Marijuana (herb);;2019;80;75;90;% (percent)
Asia;Near and Middle East/ South-West Asia;Lebanon;Retail;Cocaine-type;Other coca/cocaine type;;2019;70;60;80;% (percent)
Asia;Near and Middle East/ South-West Asia;Lebanon;Retail;Opioids;Heroin;;2019;70;65;85;% (percent)
Asia;Near and Middle East/ South-West Asia;Lebanon;Wholesale;Cannabis-type;Hashish (resin);;2019;70;60;80;% (percent)
Asia;Near and Middle East/ South-West Asia;Lebanon;Wholesale;Cannabis-type;Marijuana (herb);;2019;80;75;90;% (percent)
Asia;Near and Middle East/ South-West Asia;Lebanon;Wholesale;Cocaine-type;Cocaine salts;;2019;70;60;80;% (percent)
Asia;Near and Middle East/ South-West Asia;Lebanon;Wholesale;Opioids;Heroin;;2019;70;65;85;% (percent)
Asia;South Asia;India;Wholesale;“Ecstasy”-type substances;MDMA;;2020;23,9;;;% (percent)
Asia;South Asia;India;Wholesale;Amphetamine-type stimulants;Methamphetamine powder;;2020;54,31;;;% (percent)
Asia;South Asia;India;Wholesale;Cannabis-type drugs;Cannabis herb (marijuana);;2020;46,4;;;% (percent)
Asia;South Asia;India;Wholesale;Cannabis-type drugs;Cannabis resin (hashish);;2020;7,43;;;% (percent)
Asia;South Asia;India;Wholesale;Cocaine-type drugs;Cocaine hydrochloride;;2020;31,5;;;% (percent)
Asia;South Asia;India;Wholesale;Opioids;Codeine;;2020;33,2;;;% (percent)
Asia;South Asia;India;Wholesale;Opioids;Heroin;;2020;36,25;;;% (percent)
Asia;South Asia;India;Wholesale;Opioids;Morphine;;2020;5,15;;;% (percent)
Asia;South Asia;India;Wholesale;Opioids;Opium;;2020;8,5;;;% (percent)
Asia;South Asia;India;Wholesale;Opioids;Tramadol;;2020;95,8;;;% (percent)
Asia;South Asia;India;Wholesale;“Ecstasy”-type substances;MDMA;;2021;11,6;;;% (percent)
Asia;South Asia;India;Wholesale;Amphetamine-type stimulants;Amphetamine powder;;2021;55,57;;;% (percent)
Asia;South Asia;India;Wholesale;Amphetamine-type stimulants;Methamphetamine powder;;2021;48,975;;;% (percent)
Asia;South Asia;India;Wholesale;Cannabis-type drugs;Cannabis resin (hashish);;2021;10,5;;;% (percent)
Asia;South Asia;India;Wholesale;Cocaine-type drugs;Cocaine hydrochloride;;2021;38,96;;;% (percent)
Asia;South Asia;India;Wholesale;Opioids;Heroin;;2021;32;;;% (percent)
Asia;South Asia;India;Wholesale;Opioids;Morphine;;2021;9,24;;;% (percent)
Asia;South Asia;India;Wholesale;Opioids;Opium;;2021;7,78;;;% (percent)
Asia;South Asia;India;Wholesale;Opioids;Tramadol;;2021;49,8;;;% (percent)
Asia;South Asia;India;Wholesale;“Ecstasy”-type substances;MDMA;;2022;9,16;;;% (percent)
Asia;South Asia;India;Wholesale;Amphetamine-type stimulants;Methamphetamine powder;;2022;55,5;;;% (percent)
Asia;South Asia;India;Wholesale;Cannabis-type drugs;Cannabis resin (hashish);;2022;7,71;;;% (percent)
Asia;South Asia;India;Wholesale;Cocaine-type drugs;Cocaine hydrochloride;;2022;65,64;;;% (percent)
Asia;South Asia;India;Wholesale;Opioids;Heroin;;2022;25,72;;;% (percent)
Asia;South Asia;India;Wholesale;Opioids;Morphine;;2022;7,47;;;% (percent)
Asia;South Asia;India;Wholesale;Opioids;Opium;;2022;8,71;;;% (percent)
Asia;South Asia;India;Wholesale;Opioids;Tramadol;;2022;69,76;;;% (percent)
Asia;South Asia;India;Wholesale;“Ecstasy”-type substances;MDMA;;2023;41,88;;;% (percent)
Asia;South Asia;India;Wholesale;Amphetamine-type stimulants;Methamphetamine powder;;2023;59,08;;;% (percent)
Asia;South Asia;India;Wholesale;Cannabis-type drugs;Cannabis resin (hashish);;2023;9,53;;;% (percent)
Asia;South Asia;India;Wholesale;Cocaine-type drugs;Cocaine hydrochloride;;2023;90,55;;;% (percent)
Asia;South Asia;India;Wholesale;Opioids;Heroin;;2023;28,15;;;% (percent)
Asia;South Asia;India;Wholesale;Opioids;Morphine;;2023;9,2;;;% (percent)
Asia;South Asia;India;Wholesale;Opioids;Opium;;2023;5,45;;;% (percent)
Asia;South Asia;India;Retail;Cannabis-type;Hashish (resin);;2019;;1,1;10,3;% (percent)
Asia;South Asia;India;Retail;Opioids;Heroin;;2019;;1,2;10,5;% (percent)
Asia;South Asia;India;Retail;Opioids;Illicit morphine;;2019;;0,15;0,66;% (percent)
Asia;South Asia;India;Retail;Opioids;Opium;;2019;;2,8;5;% (percent)
Asia;South Asia;India;Wholesale;Cannabis-type;Hashish (resin);;2019;;29,9;65;% (percent)
Asia;South Asia;India;Wholesale;Cocaine-type;Cocaine salts;;2019;;70,9;86;% (percent)
Asia;South Asia;India;Wholesale;Opioids;Heroin;;2019;;41,5;92,47;% (percent)
Asia;South Asia;India;Wholesale;Opioids;Illicit morphine;;2019;;10,91;71,7;% (percent)
Asia;South Asia;India;Wholesale;Opioids;Opium;;2019;;10,16;14,66;% (percent)
Asia;South Asia;Sri Lanka;Wholesale;Opioids;Heroin;;2020;33,4;1,4;72,8;% (percent)
Asia;South Asia;Sri Lanka;Retail;Opioids;Heroin;;2019;38,49;;;% (percent)
Europe;Eastern Europe;Belarus;Retail;“Ecstasy”-type substances;MDMA;;2021;97;95;98;% (percent)
Europe;Eastern Europe;Belarus;Retail;Amphetamine-type stimulants;Amphetamine powder;;2021;97;95;98;% (percent)
Europe;Eastern Europe;Belarus;Retail;Amphetamine-type stimulants;Methamphetamine powder;;2021;97;95;98;% (percent)
Europe;Eastern Europe;Belarus;Retail;Cannabis-type drugs;Cannabis herb (marijuana);;2021;97;95;98;% (percent)
Europe;Eastern Europe;Belarus;Retail;Cannabis-type drugs;Cannabis resin (hashish);;2021;97;95;98;% (percent)
Europe;Eastern Europe;Belarus;Retail;Cannabis-type drugs;Cannabis-type drugs;;2021;97;95;98;% (percent)
Europe;Eastern Europe;Belarus;Retail;Cocaine-type drugs;“Crack” cocaine;;2021;97;95;98;% (percent)
Europe;Eastern Europe;Belarus;Retail;Hallucinogens;Hallucinogens;;2021;97;95;98;% (percent)
Europe;Eastern Europe;Belarus;Retail;Hallucinogens;Lysergic acid diethylamide (LSD);;2021;97;95;98;% (percent)
Europe;Eastern Europe;Belarus;Retail;Opioids;Methadone;;2021;97;95;98;% (percent)
Europe;Eastern Europe;Belarus;Retail;Opioids;Heroin;;2022;97;95;98;% (percent)
Europe;Eastern Europe;Belarus;Retail;Opioids;Methadone;;2022;97;95;98;% (percent)
Europe;South-Eastern Europe;Albania;Retail;Cocaine-type drugs;Cocaine hydrochloride;;2021;;10;90;% (percent)
Europe;South-Eastern Europe;Albania;Wholesale;Cannabis-type drugs;Cannabis herb (marijuana);;2021;;0,1;20;% (percent)
Europe;South-Eastern Europe;Albania;Wholesale;Cocaine-type drugs;Cocaine hydrochloride;;2021;;70;80;% (percent)
Europe;South-Eastern Europe;Albania;Wholesale;Opioids;Heroin;;2021;;20;40;% (percent)
Europe;South-Eastern Europe;Albania;Wholesale;Cannabis-type drugs;Cannabis herb (marijuana);;2022;;3;19;% (percent)
Europe;South-Eastern Europe;Albania;Wholesale;Cocaine-type drugs;Cocaine-type drugs;;2022;;30;90;% (percent)
Europe;South-Eastern Europe;Albania;Wholesale;Opioids;Heroin;;2022;;10;38;% (percent)
Europe;South-Eastern Europe;Albania;Wholesale;Cannabis-type drugs;Cannabis herb (marijuana);;2023;;0,12;19;% (percent)
Europe;South-Eastern Europe;Albania;Wholesale;Cocaine-type drugs;Cocaine hydrochloride;;2023;;21;90;% (percent)
Europe;South-Eastern Europe;Albania;Wholesale;Opioids;Heroin;;2023;;1,3;23;% (percent)
Europe;South-Eastern Europe;Albania;Retail;Cannabis-type;Cannabis oil;;2019;;40;60;% (percent)
Europe;South-Eastern Europe;Albania;Retail;Cannabis-type;Hashish (resin);;2019;;0,1;10;% (percent)
Europe;South-Eastern Europe;Albania;Retail;Cannabis-type;Marijuana (herb);;2019;;3;20;% (percent)
Europe;South-Eastern Europe;Albania;Retail;Cocaine-type;Cocaine salts;;2019;;70;80;% (percent)
Europe;South-Eastern Europe;Albania;Retail;Opioids;Heroin;;2019;;1;20;% (percent)
Europe;South-Eastern Europe;Albania;Wholesale;Cannabis-type;Cannabis oil;;2019;;40;60;% (percent)
Europe;South-Eastern Europe;Albania;Wholesale;Cannabis-type;Hashish (resin);;2019;;0,1;10;% (percent)
Europe;South-Eastern Europe;Albania;Wholesale;Cannabis-type;Marijuana (herb);;2019;;10;22;% (percent)
Europe;South-Eastern Europe;Albania;Wholesale;Cocaine-type;Cocaine salts;;2019;;;80;% (percent)
Europe;South-Eastern Europe;Albania;Wholesale;Opioids;Heroin;;2019;;30;40;% (percent)
Europe;South-Eastern Europe;Bosnia and Herzegovina;Retail;Amphetamine-type stimulants;Amphetamine powder;;2021;5,4;1,9;22,2;% (percent)
Europe;South-Eastern Europe;Bosnia and Herzegovina;Retail;Cannabis-type drugs;Cannabis herb (marijuana);;2021;4,6;0,05;23,2;% (percent)
Europe;South-Eastern Europe;Bosnia and Herzegovina;Retail;Cocaine-type drugs;Cocaine hydrochloride;;2021;;;80;% (percent)
Europe;South-Eastern Europe;Bosnia and Herzegovina;Retail;Opioids;Heroin;;2021;;5,8;22,2;% (percent)
Europe;South-Eastern Europe;Bosnia and Herzegovina;Wholesale;Cannabis-type drugs;Cannabis herb (marijuana);;2021;;0,05;17,3;% (percent)
Europe;South-Eastern Europe;Bosnia and Herzegovina;Retail;“Ecstasy”-type substances;“Ecstasy”-type substances;;2022;85,02;54,4;98,49;% (percent)
Europe;South-Eastern Europe;Bosnia and Herzegovina;Retail;“Ecstasy”-type substances;MDMA;;2022;85,02;54,4;98,49;% (percent)
Europe;South-Eastern Europe;Bosnia and Herzegovina;Retail;Amphetamine-type stimulants;Amphetamine powder;;2022;9,3;2,2;63,9;% (percent)
Europe;South-Eastern Europe;Bosnia and Herzegovina;Retail;Amphetamine-type stimulants;Amphetamine-type stimulants;;2022;9,3;2,2;63,9;% (percent)
Europe;South-Eastern Europe;Bosnia and Herzegovina;Retail;Cannabis-type drugs;Cannabis herb (marijuana);;2022;3,44;0,03;12,87;% (percent)
Europe;South-Eastern Europe;Bosnia and Herzegovina;Retail;Cannabis-type drugs;Cannabis/hashish oil;;2022;20,59;3,3;72,6;% (percent)
Europe;South-Eastern Europe;Bosnia and Herzegovina;Retail;Cannabis-type drugs;Cannabis-type drugs;;2022;;0,03;72,6;% (percent)
Europe;South-Eastern Europe;Bosnia and Herzegovina;Retail;Cocaine-type drugs;Cocaine hydrochloride;;2022;36,73;2,88;68,14;% (percent)
Europe;South-Eastern Europe;Bosnia and Herzegovina;Retail;Cocaine-type drugs;Cocaine-type drugs;;2022;36,73;2,88;68,14;% (percent)
Europe;South-Eastern Europe;Bosnia and Herzegovina;Retail;Opioids;Heroin;;2022;13,16;4,5;19,35;% (percent)
Europe;South-Eastern Europe;Bosnia and Herzegovina;Retail;Opioids;Opioids;;2022;13,16;4,5;19,35;% (percent)
Europe;South-Eastern Europe;Bosnia and Herzegovina;Wholesale;Cocaine-type drugs;Cocaine hydrochloride;;2022;;;83,5;% (percent)
Europe;South-Eastern Europe;Bosnia and Herzegovina;Wholesale;Cocaine-type drugs;Cocaine-type drugs;;2022;;;83,5;% (percent)
Europe;South-Eastern Europe;Bosnia and Herzegovina;Retail;“Ecstasy”-type substances;“Ecstasy”-type substances;;2023;28,1;21,3;34,9;% (percent)
Europe;South-Eastern Europe;Bosnia and Herzegovina;Retail;Amphetamine-type stimulants;Amphetamine-type stimulants;;2023;14,4;1,5;27,4;% (percent)
Europe;South-Eastern Europe;Bosnia and Herzegovina;Retail;Cannabis-type drugs;Cannabis herb (marijuana);;2023;6,1;0,2;12,1;% (percent)
Europe;South-Eastern Europe;Bosnia and Herzegovina;Retail;Cocaine-type drugs;Cocaine-type drugs;;2023;56;26,8;85,2;% (percent)
Europe;South-Eastern Europe;Bosnia and Herzegovina;Wholesale;Cannabis-type drugs;Cannabis herb (marijuana);;2023;9,3;5;13,7;% (percent)
Europe;South-Eastern Europe;Bosnia and Herzegovina;Wholesale;Cocaine-type drugs;Cocaine-type drugs;;2023;30;29;31;% (percent)
Europe;South-Eastern Europe;Bosnia and Herzegovina;Retail;“Ecstasy”-type substances;Ecstasy-type substances;;2019;48,97;30,05;63,08;% (percent)
Europe;South-Eastern Europe;Bosnia and Herzegovina;Retail;ATS;Amphetamine;;2019;10,27;0,27;28,9;% (percent)
Europe;South-Eastern Europe;Bosnia and Herzegovina;Retail;Cannabis-type;Marijuana (herb);;2019;3,39;0,06;16,31;% (percent)
Europe;South-Eastern Europe;Bosnia and Herzegovina;Retail;Cocaine-type;Cocaine salts;;2019;54,78;15,76;98;% (percent)
Europe;South-Eastern Europe;Bosnia and Herzegovina;Retail;Opioids;Heroin;;2019;7,24;6,3;9,8;% (percent)
Europe;South-Eastern Europe;Bulgaria;Retail;“Ecstasy”-type substances;MDMA;;2020;35,88;1,2;64,2;% (percent)
Europe;South-Eastern Europe;Bulgaria;Retail;Amphetamine-type stimulants;Amphetamine powder;;2020;15,4;0,05;73,8;% (percent)
Europe;South-Eastern Europe;Bulgaria;Retail;Amphetamine-type stimulants;Amphetamine tablets;;2020;7,07;1,2;16,9;% (percent)
Europe;South-Eastern Europe;Bulgaria;Retail;Amphetamine-type stimulants;Methamphetamine powder;;2020;60,97;0,01;82;% (percent)
Europe;South-Eastern Europe;Bulgaria;Retail;Cannabis-type drugs;Cannabis herb (marijuana);;2020;10,38;0,15;20,5;% (percent)
Europe;South-Eastern Europe;Bulgaria;Retail;Cannabis-type drugs;Cannabis resin (hashish);;2020;;0,6;39,5;% (percent)
Europe;South-Eastern Europe;Bulgaria;Retail;Cocaine-type drugs;Cocaine hydrochloride;;2020;50,72;1,6;89,3;% (percent)
Europe;South-Eastern Europe;Bulgaria;Retail;Opioids;Heroin;;2020;39,15;12,5;51,5;% (percent)
Europe;South-Eastern Europe;Bulgaria;Wholesale;“Ecstasy”-type substances;MDMA;;2020;28,23;26,3;31,5;% (percent)
Europe;South-Eastern Europe;Bulgaria;Wholesale;Amphetamine-type stimulants;Amphetamine powder;;2020;11,41;2,5;26,5;% (percent)
Europe;South-Eastern Europe;Bulgaria;Wholesale;Amphetamine-type stimulants;Amphetamine tablets;;2020;12,12;1,2;30,1;% (percent)
Europe;South-Eastern Europe;Bulgaria;Wholesale;Amphetamine-type stimulants;Methamphetamine powder;;2020;61,61;0,05;80,3;% (percent)
Europe;South-Eastern Europe;Bulgaria;Wholesale;Cannabis-type drugs;Cannabis herb (marijuana);;2020;9,8;9,6;10;% (percent)
Europe;South-Eastern Europe;Bulgaria;Wholesale;Cocaine-type drugs;Cocaine hydrochloride;;2020;65,86;1;89;% (percent)
Europe;South-Eastern Europe;Bulgaria;Wholesale;Opioids;Heroin;;2020;36,72;0,3;51,3;% (percent)
Europe;South-Eastern Europe;Bulgaria;Wholesale;“Ecstasy”-type substances;MDMA;;2023;24,4;13;60,2;% (percent)
Europe;South-Eastern Europe;Bulgaria;Wholesale;Amphetamine-type stimulants;Amphetamine powder;;2023;11,2;0,2;19,4;% (percent)
Europe;South-Eastern Europe;Bulgaria;Wholesale;Amphetamine-type stimulants;Methamphetamine powder;;2023;80;6,3;83,3;
Europe;South-Eastern Europe;Bulgaria;Wholesale;Cannabis-type drugs;Cannabis herb (marijuana);;2023;12,35;0,03;22,9;% (percent)
Europe;South-Eastern Europe;Bulgaria;Wholesale;Cocaine-type drugs;Cocaine hydrochloride;;2023;52,4;0,8;89;% (percent)
Europe;South-Eastern Europe;Bulgaria;Wholesale;Opioids;Heroin;;2023;32,07;27,6;33,5;% (percent)
Europe;South-Eastern Europe;Croatia;Wholesale;“Ecstasy”-type substances;MDMA;;2020;32;1,9;54,1;% (percent)
Europe;South-Eastern Europe;Croatia;Wholesale;Amphetamine-type stimulants;Amphetamine powder;;2020;15;0,4;87,2;% (percent)
Europe;South-Eastern Europe;Croatia;Wholesale;Amphetamine-type stimulants;Methamphetamine powder;;2020;;64;79,9;% (percent)
Europe;South-Eastern Europe;Croatia;Wholesale;Cannabis-type drugs;Cannabis-type drugs;;2020;6;0,3;23,9;% (percent)
Europe;South-Eastern Europe;Croatia;Wholesale;Cocaine-type drugs;Cocaine hydrochloride;;2020;75;1,1;89;% (percent)
Europe;South-Eastern Europe;Croatia;Wholesale;Opioids;Heroin;;2020;13,9;1,1;58,4;% (percent)
Europe;South-Eastern Europe;Croatia;Retail;“Ecstasy”-type substances;MDMA;;2023;26;;;% (percent)
Europe;South-Eastern Europe;Croatia;Retail;Amphetamine-type stimulants;Amphetamine powder;;2023;12;;77;% (percent)
Europe;South-Eastern Europe;Croatia;Retail;Cannabis-type drugs;Cannabis herb (marijuana);;2023;9;;;% (percent)
Europe;South-Eastern Europe;Croatia;Retail;Cannabis-type drugs;Cannabis resin (hashish);;2023;22;;;% (percent)
Europe;South-Eastern Europe;Croatia;Retail;Cocaine-type drugs;Cocaine hydrochloride;;2023;74;;;% (percent)
Europe;South-Eastern Europe;Croatia;Retail;Opioids;Heroin;;2023;22;;;% (percent)
Europe;South-Eastern Europe;Croatia;Wholesale;Amphetamine-type stimulants;Amphetamine powder;;2023;12;;70;% (percent)
Europe;South-Eastern Europe;Croatia;Wholesale;Amphetamine-type stimulants;Methamphetamine powder;;2023;80;76;;% (percent)
Europe;South-Eastern Europe;Croatia;Wholesale;Cocaine-type drugs;Cocaine hydrochloride;;2023;62;;;% (percent)
Europe;South-Eastern Europe;Croatia;Wholesale;Opioids;Heroin;;2023;15;;;% (percent)
Europe;South-Eastern Europe;Montenegro;Retail;“Ecstasy”-type substances;MDMA;;2020;39,29;19,35;80,31;% (percent)
Europe;South-Eastern Europe;Montenegro;Retail;Amphetamine-type stimulants;Amphetamine powder;;2020;6,1;2;13,34;% (percent)
Europe;South-Eastern Europe;Montenegro;Retail;Cannabis-type drugs;Cannabis herb (marijuana);;2020;6,18;0,28;19,65;% (percent)
Europe;South-Eastern Europe;Montenegro;Retail;Cannabis-type drugs;Cannabis resin (hashish);;2020;5,78;0,88;28,54;% (percent)
Europe;South-Eastern Europe;Montenegro;Retail;Cocaine-type drugs;Cocaine hydrochloride;;2020;59,82;4,104;97,67;% (percent)
Europe;South-Eastern Europe;Montenegro;Retail;Opioids;Buprenorphine;;2020;2;2;8;mg/tablet
Europe;South-Eastern Europe;Montenegro;Retail;Opioids;Heroin;;2020;9,37;0,33;54,13;% (percent)
Europe;South-Eastern Europe;Montenegro;Retail;Sedatives and tranquilizers (please specify);Benzodiazepines;;2020;0,25;0,25;1;mg/tablet
Europe;South-Eastern Europe;Montenegro;Wholesale;Amphetamine-type stimulants;Amphetamine powder;;2020;14,35;10,62;17,96;% (percent)
Europe;South-Eastern Europe;Montenegro;Wholesale;Cannabis-type drugs;Cannabis herb (marijuana);;2020;9,73;1,19;23,18;% (percent)
Europe;South-Eastern Europe;Montenegro;Wholesale;Opioids;Heroin;;2020;56,1;56,1;56,1;% (percent)
Europe;South-Eastern Europe;Montenegro;Retail;“Ecstasy”-type substances;MDMA;;2021;21,77;4,05;48,55;% (percent)
Europe;South-Eastern Europe;Montenegro;Retail;Amphetamine-type stimulants;Amphetamine powder;;2021;7,88;1,08;21,55;% (percent)
Europe;South-Eastern Europe;Montenegro;Retail;Amphetamine-type stimulants;Methamphetamine powder;;2021;83,41;83,41;83,41;% (percent)
Europe;South-Eastern Europe;Montenegro;Retail;Cannabis-type drugs;Cannabis herb (marijuana);;2021;9,66;0,4;25,69;% (percent)
Europe;South-Eastern Europe;Montenegro;Retail;Cannabis-type drugs;Cannabis resin (hashish);;2021;1,52;0,84;2,29;% (percent)
Europe;South-Eastern Europe;Montenegro;Retail;Cannabis-type drugs;Cannabis/hashish oil;;2021;71,5;15,76;97,28;% (percent)
Europe;South-Eastern Europe;Montenegro;Retail;Cocaine-type drugs;Cocaine hydrochloride;;2021;60,85;0,039;98,32;% (percent)
Europe;South-Eastern Europe;Montenegro;Retail;Hallucinogens;Lysergic acid diethylamide (LSD);;2021;0,048;0,04;0,058;mg/tablet
Europe;South-Eastern Europe;Montenegro;Retail;Opioids;Buprenorphine;;2021;2;2;8;mg/tablet
Europe;South-Eastern Europe;Montenegro;Retail;Opioids;Heroin;;2021;10,28;0,71;57,2;% (percent)
Europe;South-Eastern Europe;Montenegro;Wholesale;“Ecstasy”-type substances;MDMA;;2021;5,26;5,26;5,26;% (percent)
Europe;South-Eastern Europe;Montenegro;Wholesale;Cannabis-type drugs;Cannabis herb (marijuana);;2021;7,32;1,11;24,09;% (percent)
Europe;South-Eastern Europe;Montenegro;Wholesale;Cocaine-type drugs;Cocaine hydrochloride;;2021;76,09;64,02;80,44;% (percent)
Europe;South-Eastern Europe;Montenegro;Retail;“Ecstasy”-type substances;MDMA;;2022;24,24;10,74;37,98;% (percent)
Europe;South-Eastern Europe;Montenegro;Retail;Amphetamine-type stimulants;Amphetamine powder;;2022;7,04;0,4;24,93;% (percent)
Europe;South-Eastern Europe;Montenegro;Retail;Cannabis-type drugs;Cannabis herb (marijuana);;2022;7,12;0,23;27,13;% (percent)
Europe;South-Eastern Europe;Montenegro;Retail;Cannabis-type drugs;Cannabis resin (hashish);;2022;50,68;50,68;50,68;% (percent)
Europe;South-Eastern Europe;Montenegro;Retail;Cannabis-type drugs;Cannabis/hashish oil;;2022;24,92;4,47;45,38;% (percent)
Europe;South-Eastern Europe;Montenegro;Retail;Cocaine-type drugs;Cocaine hydrochloride;;2022;68,11;6,77;93,17;% (percent)
Europe;South-Eastern Europe;Montenegro;Retail;Hallucinogens;Lysergic acid diethylamide (LSD);;2022;0,021;0,021;0,021;mg/tablet
Europe;South-Eastern Europe;Montenegro;Retail;Opioids;Buprenorphine;;2022;2;2;8;% (percent)
Europe;South-Eastern Europe;Montenegro;Retail;Opioids;Heroin;;2022;6,06;0,04;45,59;% (percent)
Europe;South-Eastern Europe;Montenegro;Retail;Opioids;Morphine;;2022;2,53;0,006;6,12;% (percent)
Europe;South-Eastern Europe;Montenegro;Wholesale;Amphetamine-type stimulants;Amphetamine powder;;2022;14,58;12,31;16,09;% (percent)
Europe;South-Eastern Europe;Montenegro;Wholesale;Cannabis-type drugs;Cannabis herb (marijuana);;2022;6,14;0,89;15,79;% (percent)
Europe;South-Eastern Europe;Montenegro;Wholesale;Cannabis-type drugs;Cannabis resin (hashish);;2022;6,42;4,9;7,94;% (percent)
Europe;South-Eastern Europe;Montenegro;Wholesale;Cocaine-type drugs;Cocaine hydrochloride;;2022;71,52;1,55;83,18;% (percent)
Europe;South-Eastern Europe;Montenegro;Wholesale;Opioids;Heroin;;2022;39,3;39,3;39,3;% (percent)
Europe;South-Eastern Europe;Montenegro;Retail;“Ecstasy”-type substances;MDMA;;2023;23,21;14,54;43,09;% (percent)
Europe;South-Eastern Europe;Montenegro;Retail;Amphetamine-type stimulants;Amphetamine powder;;2023;6,38;1,59;18,04;% (percent)
Europe;South-Eastern Europe;Montenegro;Retail;Amphetamine-type stimulants;Methamphetamine powder;;2023;1,35;1,35;1,35;% (percent)
Europe;South-Eastern Europe;Montenegro;Retail;Cannabis-type drugs;Cannabis herb (marijuana);;2023;8,76;0,27;22,85;% (percent)
Europe;South-Eastern Europe;Montenegro;Retail;Cannabis-type drugs;Cannabis resin (hashish);;2023;17,51;0,28;26,55;% (percent)
Europe;South-Eastern Europe;Montenegro;Retail;Cannabis-type drugs;Cannabis/hashish oil;;2023;19,61;0,4;40,02;% (percent)
Europe;South-Eastern Europe;Montenegro;Retail;Cocaine-type drugs;Cocaine hydrochloride;;2023;64,74;0,01;96,89;% (percent)
Europe;South-Eastern Europe;Montenegro;Retail;Opioids;Buprenorphine;;2023;2;2;8;mg/tablet
Europe;South-Eastern Europe;Montenegro;Retail;Opioids;Heroin;;2023;7,11;0,03;44,02;% (percent)
Europe;South-Eastern Europe;Montenegro;Retail;Opioids;Morphine;;2023;1,18;0,01;5,81;% (percent)
Europe;South-Eastern Europe;Montenegro;Wholesale;“Ecstasy”-type substances;MDMA;;2023;38,69;35,06;41,61;% (percent)
Europe;South-Eastern Europe;Montenegro;Wholesale;Cannabis-type drugs;Cannabis herb (marijuana);;2023;7,74;0,8;19,48;% (percent)
Europe;South-Eastern Europe;Montenegro;Wholesale;Cocaine-type drugs;Cocaine hydrochloride;;2023;64,57;49,64;89,88;% (percent)
Europe;South-Eastern Europe;Montenegro;Wholesale;Opioids;Heroin;;2023;4,34;4,01;4,91;% (percent)
Europe;South-Eastern Europe;Romania;Retail;“Ecstasy”-type substances;MDMA;;2020;;11,51;12,01;% (percent)
Europe;South-Eastern Europe;Romania;Retail;Cannabis-type drugs;Cannabis herb (marijuana);;2020;;15,73;19,45;% (percent)
Europe;South-Eastern Europe;Romania;Retail;Cocaine-type drugs;Cocaine hydrochloride;;2020;;30,76;72,38;% (percent)
Europe;South-Eastern Europe;Romania;Wholesale;Cocaine-type drugs;Cocaine hydrochloride;;2020;;49,77;86,05;% (percent)
Europe;South-Eastern Europe;Romania;Wholesale;Opioids;Heroin;;2020;45,87;17,97;62,18;% (percent)
Europe;South-Eastern Europe;Romania;Retail;“Ecstasy”-type substances;MDMA;;2021;;;27,54;% (percent)
Europe;South-Eastern Europe;Romania;Retail;Amphetamine-type stimulants;Amphetamine powder;;2021;;2,86;21,61;% (percent)
Europe;South-Eastern Europe;Romania;Retail;Amphetamine-type stimulants;Amphetamine tablets;;2021;;;22,53;% (percent)
Europe;South-Eastern Europe;Romania;Retail;Cannabis-type drugs;Cannabis herb (marijuana);;2021;1,41;0,19;10,6;% (percent)
Europe;South-Eastern Europe;Romania;Retail;Cannabis-type drugs;Cannabis resin (hashish);;2021;;2,83;;% (percent)
Europe;South-Eastern Europe;Romania;Retail;Cocaine-type drugs;Cocaine hydrochloride;;2021;;35,67;67,26;% (percent)
Europe;South-Eastern Europe;Romania;Wholesale;Cannabis-type drugs;Cannabis herb (marijuana);;2021;5,46;0,05;12,05;% (percent)
Europe;South-Eastern Europe;Romania;Wholesale;Cocaine-type drugs;Cocaine hydrochloride;;2021;75,25;72,21;79,69;% (percent)
Europe;South-Eastern Europe;Romania;Wholesale;Opioids;Heroin;;2021;57,4;54,61;57,93;% (percent)
Europe;South-Eastern Europe;Romania;Retail;Cannabis-type drugs;Cannabis herb (marijuana);;2022;;0,1;13,49;% (percent)
Europe;South-Eastern Europe;Romania;Retail;Cannabis-type drugs;Cannabis/hashish oil;;2022;;53,93;63,25;% (percent)
Europe;South-Eastern Europe;Romania;Retail;Cocaine-type drugs;Cocaine hydrochloride;;2022;;36,25;80,61;% (percent)
Europe;South-Eastern Europe;Romania;Retail;Opioids;Heroin;;2022;;15,61;41,82;% (percent)
Europe;South-Eastern Europe;Romania;Wholesale;Cocaine-type drugs;Cocaine hydrochloride;;2022;;76,44;78,31;% (percent)
Europe;South-Eastern Europe;Romania;Wholesale;Opioids;Heroin;;2022;56;;;% (percent)
Europe;South-Eastern Europe;Romania;Retail;Cannabis-type;Marijuana (herb);;2019;;0,01;16,68;% (percent)
Europe;South-Eastern Europe;Romania;Retail;Cannabis-type;Other types of cannabis;;2019;;0,01;0,06;% (percent)
Europe;South-Eastern Europe;Romania;Retail;Cocaine-type;Cocaine salts;;2019;;11,22;89,52;% (percent)
Europe;South-Eastern Europe;Romania;Retail;Opioids;Heroin;;2019;;40,44;62,11;% (percent)
Europe;South-Eastern Europe;Romania;Wholesale;Cannabis-type;Marijuana (herb);;2019;;6,69;19,57;% (percent)
Europe;South-Eastern Europe;Romania;Wholesale;Cocaine-type;Cocaine salts;;2019;;36,82;89,8;% (percent)
Europe;South-Eastern Europe;Romania;Wholesale;Opioids;Heroin;;2019;;26,26;58,4;% (percent)
Europe;South-Eastern Europe;Türkiye;Retail;“Ecstasy”-type substances;“Ecstasy”-type substances;;2020;87,815;1,1;188;mg/tablet
Europe;South-Eastern Europe;Türkiye;Retail;Amphetamine-type stimulants;Amphetamine tablets;;2020;21,193;4;140;mg/tablet
Europe;South-Eastern Europe;Türkiye;Retail;Amphetamine-type stimulants;Methamphetamine powder;;2020;73,551;1,21;100;% (percent)
Europe;South-Eastern Europe;Türkiye;Retail;Cocaine-type drugs;Cocaine-type drugs;;2020;50,607;0,314;95,49;% (percent)
Europe;South-Eastern Europe;Türkiye;Retail;Opioids;Heroin;;2020;20,007;1,24;86;% (percent)
Europe;South-Eastern Europe;Türkiye;Wholesale;Cannabis-type drugs;Cannabis herb (marijuana);;2020;2,97;0,08;21,09;% (percent)
Europe;South-Eastern Europe;Türkiye;Wholesale;Cannabis-type drugs;Cannabis resin (hashish);;2020;6,09;0,24;28,95;% (percent)
Europe;South-Eastern Europe;Türkiye;Retail;“Ecstasy”-type substances;“Ecstasy”-type substances;;2022;34,41;4,3;78,43;% (percent)
Europe;South-Eastern Europe;Türkiye;Retail;Amphetamine-type stimulants;Amphetamine powder;;2022;11,52;2;55;% (percent)
Europe;South-Eastern Europe;Türkiye;Retail;Amphetamine-type stimulants;Methamphetamine powder;;2022;66,08;0,36;93,7;% (percent)
Europe;South-Eastern Europe;Türkiye;Retail;Cannabis-type drugs;Cannabis herb (marijuana);;2022;6,51;0,02;33,9;% (percent)
Europe;South-Eastern Europe;Türkiye;Retail;Cannabis-type drugs;Cannabis resin (hashish);;2022;6,41;0,01;43,29;% (percent)
Europe;South-Eastern Europe;Türkiye;Retail;Cocaine-type drugs;Cocaine-type drugs;;2022;66,14;1,03;95,55;% (percent)
Europe;South-Eastern Europe;Türkiye;Retail;Opioids;Heroin;;2022;21,89;0,09;71,02;% (percent)
Europe;South-Eastern Europe;Türkiye;Retail;“Ecstasy”-type substances;MDMA;;2023;18,14;0,13;44,5;% (percent)
Europe;South-Eastern Europe;Türkiye;Retail;Amphetamine-type stimulants;Amphetamine powder;;2023;10,98;0,07;19,85;% (percent)
Europe;South-Eastern Europe;Türkiye;Retail;Amphetamine-type stimulants;Amphetamine tablets;;2023;10,4;0,1;28,5;% (percent)
Europe;South-Eastern Europe;Türkiye;Retail;Amphetamine-type stimulants;Methamphetamine powder;;2023;61,76;0,02;95,23;% (percent)
Europe;South-Eastern Europe;Türkiye;Retail;Cannabis-type drugs;Cannabis herb (marijuana);;2023;7,35;0,06;39,93;% (percent)
Europe;South-Eastern Europe;Türkiye;Retail;Cannabis-type drugs;Cannabis resin (hashish);;2023;11,01;0,07;30,79;% (percent)
Europe;South-Eastern Europe;Türkiye;Retail;Cocaine-type drugs;Cocaine-type drugs;;2023;50,48;0,06;95,94;% (percent)
Europe;South-Eastern Europe;Türkiye;Retail;Opioids;Heroin;;2023;19,3;0,022;50;% (percent)
Europe;South-Eastern Europe;Türkiye;Retail;“Ecstasy”-type substances;Ecstasy-type substances;;2019;109,2287;20;226,08;mg/tablet
Europe;South-Eastern Europe;Türkiye;Retail;ATS;Amphetamine;;2019;16,6315;4,63;99,9;mg/tablet
Europe;South-Eastern Europe;Türkiye;Retail;ATS;Methamphetamine;;2019;77,32;12,2;98;% (percent)
Europe;South-Eastern Europe;Türkiye;Retail;Cocaine-type;Cocaine salts;;2019;59,25;12,6;93;% (percent)
Europe;South-Eastern Europe;Türkiye;Retail;Opioids;Heroin;;2019;20,89;1,5;59,9;% (percent)
Europe;South-Eastern Europe;Türkiye;Wholesale;Cannabis-type;Hashish (resin);;2019;4,6;0,08;25,84;% (percent)
Europe;South-Eastern Europe;Türkiye;Wholesale;Cannabis-type;Marijuana (herb);;2019;3,15;0,04;16,58;% (percent)
Europe;Western and Central Europe;Austria;Retail;“Ecstasy”-type substances;MDMA;;2020;44,9;1,09;78,82;% (percent)
Europe;Western and Central Europe;Austria;Retail;Amphetamine-type stimulants;Amphetamine powder;;2020;21,8;0,09;75,8;% (percent)
Europe;Western and Central Europe;Austria;Retail;Amphetamine-type stimulants;Methamphetamine powder;;2020;62,7;0,27;80,6;% (percent)
Europe;Western and Central Europe;Austria;Retail;Cannabis-type drugs;Cannabis herb (marijuana);;2020;6,1;0,01;30,14;% (percent)
Europe;Western and Central Europe;Austria;Retail;Cannabis-type drugs;Cannabis resin (hashish);;2020;16;0,06;63,75;% (percent)
Europe;Western and Central Europe;Austria;Retail;Cocaine-type drugs;Cocaine hydrochloride;;2020;59,7;0,2;86,66;% (percent)
Europe;Western and Central Europe;Austria;Retail;Opioids;Heroin;;2020;17,7;0,03;68,94;% (percent)
Europe;Western and Central Europe;Austria;Retail;Opioids;Opium;;2020;7,68;2,85;14,38;% (percent)
Europe;Western and Central Europe;Austria;Wholesale;“Ecstasy”-type substances;MDMA;;2020;44,9;1,09;78,82;% (percent)
Europe;Western and Central Europe;Austria;Wholesale;Amphetamine-type stimulants;Amphetamine powder;;2020;19,87;0,09;75,8;% (percent)
Europe;Western and Central Europe;Austria;Wholesale;Amphetamine-type stimulants;Amphetamine tablets;;2020;13,6;0,85;31,04;mg/tablet
Europe;Western and Central Europe;Austria;Wholesale;Amphetamine-type stimulants;Methamphetamine powder;;2020;62,89;0,27;80,6;% (percent)
Europe;Western and Central Europe;Austria;Wholesale;Cannabis-type drugs;Cannabis herb (marijuana);;2020;7,1;0,01;30,72;% (percent)
Europe;Western and Central Europe;Austria;Wholesale;Cannabis-type drugs;Cannabis resin (hashish);;2020;14,5;0,06;63,75;% (percent)
Europe;Western and Central Europe;Austria;Wholesale;Cocaine-type drugs;Cocaine hydrochloride;;2020;59,7;0,05;86,66;% (percent)
Europe;Western and Central Europe;Austria;Wholesale;Opioids;Heroin;;2020;17,8;0,03;68,94;% (percent)
Europe;Western and Central Europe;Austria;Wholesale;Opioids;Opium;;2020;9,29;2,85;19,95;% (percent)
Europe;Western and Central Europe;Austria;Retail;“Ecstasy”-type substances;MDMA;;2021;61,07;1,09;78,82;% (percent)
Europe;Western and Central Europe;Austria;Retail;Amphetamine-type stimulants;Amphetamine powder;;2021;21,75;0,09;75,8;% (percent)
Europe;Western and Central Europe;Austria;Retail;Amphetamine-type stimulants;Methamphetamine powder;;2021;64,58;0,27;80,6;% (percent)
Europe;Western and Central Europe;Austria;Retail;Cannabis-type drugs;Cannabis herb (marijuana);;2021;9,08;0,03;68,4;% (percent)
Europe;Western and Central Europe;Austria;Retail;Cannabis-type drugs;Cannabis resin (hashish);;2021;16,5;0,06;63,75;% (percent)
Europe;Western and Central Europe;Austria;Retail;Cocaine-type drugs;Cocaine hydrochloride;;2021;53,55;0,2;95,73;% (percent)
Europe;Western and Central Europe;Austria;Retail;Opioids;Heroin;;2021;14,17;0,16;57,03;% (percent)
Europe;Western and Central Europe;Austria;Wholesale;“Ecstasy”-type substances;MDMA;;2021;61,05;0,82;76,81;% (percent)
Europe;Western and Central Europe;Austria;Wholesale;Amphetamine-type stimulants;Amphetamine powder;;2021;15,95;0,42;73,24;% (percent)
Europe;Western and Central Europe;Austria;Wholesale;Amphetamine-type stimulants;Amphetamine tablets;;2021;15,53;1,86;32,5;mg/tablet
Europe;Western and Central Europe;Austria;Wholesale;Amphetamine-type stimulants;Methamphetamine powder;;2021;64,63;0,08;83,34;% (percent)
Europe;Western and Central Europe;Austria;Wholesale;Cannabis-type drugs;Cannabis herb (marijuana);;2021;6,14;0,03;68,4;% (percent)
Europe;Western and Central Europe;Austria;Wholesale;Cannabis-type drugs;Cannabis resin (hashish);;2021;16,05;0,05;45,18;% (percent)
Europe;Western and Central Europe;Austria;Wholesale;Cocaine-type drugs;Cocaine hydrochloride;;2021;58,96;0,14;95,73;% (percent)
Europe;Western and Central Europe;Austria;Wholesale;Opioids;Heroin;;2021;16,26;0,12;57,09;% (percent)
Europe;Western and Central Europe;Austria;Wholesale;Opioids;Opium;;2021;8,12;3,82;13,59;% (percent)
Europe;Western and Central Europe;Austria;Retail;“Ecstasy”-type substances;MDMA;;2022;72,49;36,41;81,43;% (percent)
Europe;Western and Central Europe;Austria;Retail;Amphetamine-type stimulants;Amphetamine powder;;2022;20,24;0,86;70,24;% (percent)
Europe;Western and Central Europe;Austria;Retail;Amphetamine-type stimulants;Methamphetamine powder;;2022;65,25;0,16;80,52;% (percent)
Europe;Western and Central Europe;Austria;Retail;Cannabis-type drugs;Cannabis herb (marijuana);;2022;9,15;0,03;48,47;% (percent)
Europe;Western and Central Europe;Austria;Retail;Cannabis-type drugs;Cannabis resin (hashish);;2022;24,77;0,02;41,88;% (percent)
Europe;Western and Central Europe;Austria;Retail;Cannabis-type drugs;Cannabis/hashish oil;;2022;0,65;0,27;1,26;% (percent)
Europe;Western and Central Europe;Austria;Retail;Cocaine-type drugs;Cocaine hydrochloride;;2022;62,81;5,62;87,62;% (percent)
Europe;Western and Central Europe;Austria;Retail;Opioids;Heroin;;2022;15,16;0,17;56,75;% (percent)
Europe;Western and Central Europe;Austria;Wholesale;“Ecstasy”-type substances;MDMA;;2022;71,65;0,51;81,43;% (percent)
Europe;Western and Central Europe;Austria;Wholesale;Amphetamine-type stimulants;Amphetamine powder;;2022;15,76;0,86;71,77;% (percent)
Europe;Western and Central Europe;Austria;Wholesale;Amphetamine-type stimulants;Amphetamine tablets;;2022;16,93;7,38;39,8;mg/tablet
Europe;Western and Central Europe;Austria;Wholesale;Amphetamine-type stimulants;Methamphetamine powder;;2022;67,4;0,16;80,52;% (percent)
Europe;Western and Central Europe;Austria;Wholesale;Cannabis-type drugs;Cannabis herb (marijuana);;2022;9,31;0,03;48,47;% (percent)
Europe;Western and Central Europe;Austria;Wholesale;Cannabis-type drugs;Cannabis resin (hashish);;2022;24,95;0,02;41,88;% (percent)
Europe;Western and Central Europe;Austria;Wholesale;Cannabis-type drugs;Cannabis/hashish oil;;2022;3,63;0,27;11,78;% (percent)
Europe;Western and Central Europe;Austria;Wholesale;Cocaine-type drugs;Cocaine hydrochloride;;2022;65,86;1,74;87,62;% (percent)
Europe;Western and Central Europe;Austria;Wholesale;Opioids;Heroin;;2022;18,38;0,17;57,37;% (percent)
Europe;Western and Central Europe;Austria;Retail;“Ecstasy”-type substances;“Ecstasy”-type substances;;2023;104,12;2,69;148,99;mg/tablet
Europe;Western and Central Europe;Austria;Retail;“Ecstasy”-type substances;MDMA;;2023;59,6;1,82;77,01;% (percent)
Europe;Western and Central Europe;Austria;Retail;Amphetamine-type stimulants;Amphetamine powder;;2023;19,45;0,25;71,4;% (percent)
Europe;Western and Central Europe;Austria;Retail;Amphetamine-type stimulants;Methamphetamine powder;;2023;62,47;0,14;82,11;% (percent)
Europe;Western and Central Europe;Austria;Retail;Cannabis-type drugs;Cannabis herb (marijuana);;2023;10,32;0,03;35,1;% (percent)
Europe;Western and Central Europe;Austria;Retail;Cannabis-type drugs;Cannabis resin (hashish);;2023;23,38;0,03;55,74;% (percent)
Europe;Western and Central Europe;Austria;Retail;Cocaine-type drugs;Cocaine hydrochloride;;2023;66,99;1,1;86,9;% (percent)
Europe;Western and Central Europe;Austria;Retail;Opioids;Heroin;;2023;14,77;0,84;53,14;% (percent)
Europe;Western and Central Europe;Austria;Wholesale;“Ecstasy”-type substances;“Ecstasy”-type substances;;2023;108,87;2,69;183,11;mg/tablet
Europe;Western and Central Europe;Austria;Wholesale;“Ecstasy”-type substances;MDMA;;2023;64,94;1,82;77,01;% (percent)
Europe;Western and Central Europe;Austria;Wholesale;Amphetamine-type stimulants;Amphetamine powder;;2023;14,42;0,09;73,37;% (percent)
Europe;Western and Central Europe;Austria;Wholesale;Amphetamine-type stimulants;Methamphetamine powder;;2023;66,71;0,14;82,38;% (percent)
Europe;Western and Central Europe;Austria;Wholesale;Cannabis-type drugs;Cannabis herb (marijuana);;2023;10,55;0,03;35,1;% (percent)
Europe;Western and Central Europe;Austria;Wholesale;Cannabis-type drugs;Cannabis resin (hashish);;2023;23,28;0,03;55,74;% (percent)
Europe;Western and Central Europe;Austria;Wholesale;Cocaine-type drugs;Cocaine hydrochloride;;2023;68,96;0,1;87,77;% (percent)
Europe;Western and Central Europe;Austria;Wholesale;Opioids;Heroin;;2023;16,81;0,16;56,87;% (percent)
Europe;Western and Central Europe;Austria;Retail;“Ecstasy”-type substances;Ecstasy-type substances;;2019;66,09;9,23;79,32;% (percent)
Europe;Western and Central Europe;Austria;Retail;“Ecstasy”-type substances;Ecstasy-type substances;;2019;146,6;69,18;235,3;mg/tablet
Europe;Western and Central Europe;Austria;Retail;ATS;Amphetamine;;2019;19,83;0,48;73,02;% (percent)
Europe;Western and Central Europe;Austria;Retail;ATS;Methamphetamine;;2019;59,36;0,06;79,96;% (percent)
Europe;Western and Central Europe;Austria;Retail;Cannabis-type;Hashish (resin);;2019;16,52;0,04;41,09;% (percent)
Europe;Western and Central Europe;Austria;Retail;Cannabis-type;Marijuana (herb);;2019;7,03;0,05;22,94;% (percent)
Europe;Western and Central Europe;Austria;Retail;Cocaine-type;Cocaine salts;;2019;51,87;0,73;85,66;% (percent)
Europe;Western and Central Europe;Austria;Retail;Opioids;Heroin;Brown;2019;17,71;0,18;67,03;% (percent)
Europe;Western and Central Europe;Austria;Wholesale;“Ecstasy”-type substances;Ecstasy-type substances;;2019;69,25;1,24;79,32;% (percent)
Europe;Western and Central Europe;Austria;Wholesale;“Ecstasy”-type substances;Ecstasy-type substances;;2019;147;42,8;235,3;mg/tablet
Europe;Western and Central Europe;Austria;Wholesale;ATS;Amphetamine;;2019;20,5;0,48;73,02;% (percent)
Europe;Western and Central Europe;Austria;Wholesale;ATS;Methamphetamine;;2019;61,11;0,6;80,5;% (percent)
Europe;Western and Central Europe;Austria;Wholesale;Cannabis-type;Hashish (resin);;2019;17,51;0,04;41,09;% (percent)
Europe;Western and Central Europe;Austria;Wholesale;Cannabis-type;Marijuana (herb);;2019;7,68;0,02;22,94;% (percent)
Europe;Western and Central Europe;Austria;Wholesale;Cocaine-type;Cocaine salts;;2019;55,3;0,15;87,47;% (percent)
Europe;Western and Central Europe;Austria;Wholesale;Opioids;Heroin;Brown;2019;18,91;0,13;67,03;% (percent)
Europe;Western and Central Europe;Austria;Wholesale;Opioids;Opium;;2019;4,89;0,31;11,5;% (percent)
Europe;Western and Central Europe;Cyprus;Retail;Amphetamine-type stimulants;Methamphetamine powder;;2019;49,7;44;55,5;% (percent)
Europe;Western and Central Europe;Cyprus;Retail;Cannabis-type drugs;Cannabis herb (marijuana);;2019;4,8;2,3;7,3;% (percent)
Europe;Western and Central Europe;Cyprus;Retail;Cocaine-type drugs;Cocaine hydrochloride;;2019;81,3;63,4;95,9;% (percent)
Europe;Western and Central Europe;Cyprus;Wholesale;Amphetamine-type stimulants;Methamphetamine powder;;2019;35,7;;;% (percent)
Europe;Western and Central Europe;Cyprus;Wholesale;Cannabis-type drugs;Cannabis herb (marijuana);;2019;16,4;6,8;25,8;% (percent)
Europe;Western and Central Europe;Cyprus;Wholesale;Cannabis-type drugs;Cannabis resin (hashish);;2019;7,6;6,7;8,4;% (percent)
Europe;Western and Central Europe;Cyprus;Wholesale;Cocaine-type drugs;Cocaine hydrochloride;;2019;84,5;75,6;91,8;% (percent)
Europe;Western and Central Europe;Cyprus;Retail;Amphetamine-type stimulants;Methamphetamine powder;;2020;72,16;48,63;95,69;% (percent)
Europe;Western and Central Europe;Cyprus;Retail;Cannabis-type drugs;Cannabis herb (marijuana);;2020;17,53;0,6;34,07;% (percent)
Europe;Western and Central Europe;Cyprus;Retail;Cannabis-type drugs;Cannabis-type drugs;;2020;17,53;0,6;34,07;% (percent)
Europe;Western and Central Europe;Cyprus;Retail;Cocaine-type drugs;Cocaine hydrochloride;;2020;69,07;68,49;98,46;% (percent)
Europe;Western and Central Europe;Cyprus;Retail;Cannabis-type drugs;Cannabis herb (marijuana);;2021;0,81;0,17;21,54;% (percent)
Europe;Western and Central Europe;Cyprus;Wholesale;Cannabis-type drugs;Cannabis herb (marijuana);;2021;18,65;5,06;28,4;% (percent)
Europe;Western and Central Europe;Cyprus;Wholesale;Cocaine-type drugs;Cocaine hydrochloride;;2021;94,52;89,32;99,71;% (percent)
Europe;Western and Central Europe;Cyprus;Retail;Amphetamine-type stimulants;Methamphetamine powder;;2023;;17,8;96,9;% (percent)
Europe;Western and Central Europe;Cyprus;Retail;Cannabis-type drugs;Cannabis herb (marijuana);;2023;15;2,91;22,6;% (percent)
Europe;Western and Central Europe;Cyprus;Retail;Cocaine-type drugs;Cocaine hydrochloride;;2023;95;93,4;97,6;% (percent)
Europe;Western and Central Europe;Cyprus;Wholesale;“Ecstasy”-type substances;MDMA;;2023;125;75,5;152,9;mg/tablet
Europe;Western and Central Europe;Cyprus;Wholesale;Amphetamine-type stimulants;Methamphetamine powder;;2023;96;87,9;98,8;% (percent)
Europe;Western and Central Europe;Cyprus;Wholesale;Cannabis-type drugs;Cannabis herb (marijuana);;2023;13;6,2;27,5;% (percent)
Europe;Western and Central Europe;Cyprus;Wholesale;Cocaine-type drugs;Cocaine hydrochloride;;2023;95;92,6;97,8;% (percent)
Europe;Western and Central Europe;Cyprus;Retail;ATS;Methamphetamine;;2019;49,74;44,03;55,45;% (percent)
Europe;Western and Central Europe;Cyprus;Retail;Cannabis-type;Marijuana (herb);;2019;4,86;2,35;7,36;% (percent)
Europe;Western and Central Europe;Cyprus;Retail;Cocaine-type;Cocaine salts;;2019;81,36;63,41;95,87;% (percent)
Europe;Western and Central Europe;Czechia;Retail;“Ecstasy”-type substances;MDMA;;2020;52,9;10,7;84;% (percent)
Europe;Western and Central Europe;Czechia;Retail;Amphetamine-type stimulants;Amphetamine powder;;2020;45,72;4,3;78;% (percent)
Europe;Western and Central Europe;Czechia;Retail;Amphetamine-type stimulants;Amphetamine tablets;;2020;1,53;1,3;1,9;% (percent)
Europe;Western and Central Europe;Czechia;Retail;Amphetamine-type stimulants;Methamphetamine powder;;2020;65,73;2,5;90;% (percent)
Europe;Western and Central Europe;Czechia;Retail;Cannabis-type drugs;Cannabis herb (marijuana);;2020;8,8;0,3;27,8;% (percent)
Europe;Western and Central Europe;Czechia;Retail;Cannabis-type drugs;Cannabis resin (hashish);;2020;21,08;6,66;43,71;% (percent)
Europe;Western and Central Europe;Czechia;Retail;Cocaine-type drugs;Cocaine hydrochloride;;2020;57,01;6;92;% (percent)
Europe;Western and Central Europe;Czechia;Retail;Opioids;Heroin;;2020;26,1;8,1;86,3;% (percent)
Europe;Western and Central Europe;Czechia;Wholesale;“Ecstasy”-type substances;MDMA;;2020;52,75;25;80,9;% (percent)
Europe;Western and Central Europe;Czechia;Wholesale;Amphetamine-type stimulants;Methamphetamine powder;;2020;73,15;33,9;80,34;% (percent)
Europe;Western and Central Europe;Czechia;Wholesale;Cannabis-type drugs;Cannabis herb (marijuana);;2020;7,94;0,14;18,9;% (percent)
Europe;Western and Central Europe;Czechia;Retail;“Ecstasy”-type substances;“Ecstasy”-type substances;;2021;49,039;11,62;89,5;% (percent)
Europe;Western and Central Europe;Czechia;Retail;Amphetamine-type stimulants;Amphetamine powder;;2021;29,49;2,2;78,37;% (percent)
Europe;Western and Central Europe;Czechia;Retail;Amphetamine-type stimulants;Methamphetamine powder;;2021;68,219;10,1;99;% (percent)
Europe;Western and Central Europe;Czechia;Retail;Cannabis-type drugs;Cannabis herb (marijuana);;2021;8,59;0,143;26,2;% (percent)
Europe;Western and Central Europe;Czechia;Retail;Cannabis-type drugs;Cannabis resin (hashish);;2021;27,11;3,7;46,7;% (percent)
Europe;Western and Central Europe;Czechia;Retail;Cocaine-type drugs;Coca leaf;;2021;;0,3;0,7;% (percent)
Europe;Western and Central Europe;Czechia;Retail;Cocaine-type drugs;Cocaine hydrochloride;;2021;60,84;8,2;90,63;% (percent)
Europe;Western and Central Europe;Czechia;Retail;Opioids;Fentanyl;;2021;;25;100;mg/tablet
Europe;Western and Central Europe;Czechia;Retail;Opioids;Heroin;;2021;26,186;7,8;80,2;% (percent)
Europe;Western and Central Europe;Czechia;Wholesale;Amphetamine-type stimulants;Methamphetamine powder;;2021;77,5;64,2;80,4;% (percent)
Europe;Western and Central Europe;Czechia;Retail;“Ecstasy”-type substances;MDMA;;2022;;3,3;92,5;% (percent)
Europe;Western and Central Europe;Czechia;Retail;Amphetamine-type stimulants;Amphetamine powder;;2022;;2,5;93,3;% (percent)
Europe;Western and Central Europe;Czechia;Retail;Amphetamine-type stimulants;Methamphetamine powder;;2022;;1,02;86,9;% (percent)
Europe;Western and Central Europe;Czechia;Retail;Cannabis-type drugs;Cannabis herb (marijuana);;2022;;0,12;34,4;% (percent)
Europe;Western and Central Europe;Czechia;Retail;Cannabis-type drugs;Cannabis resin (hashish);;2022;;0,3;42;% (percent)
Europe;Western and Central Europe;Czechia;Retail;Cocaine-type drugs;Cocaine hydrochloride;;2022;;12,1;89,3;% (percent)
Europe;Western and Central Europe;Czechia;Retail;Opioids;Heroin;;2022;;1,1;34;% (percent)
Europe;Western and Central Europe;Czechia;Wholesale;Cocaine-type drugs;Cocaine hydrochloride;;2022;;69,5;89,3;% (percent)
Europe;Western and Central Europe;Czechia;Retail;“Ecstasy”-type substances;“Ecstasy”-type substances;;2023;39,9;4,7;88,1;% (percent)
Europe;Western and Central Europe;Czechia;Retail;Amphetamine-type stimulants;Amphetamine powder;;2023;36,4;33;78;% (percent)
Europe;Western and Central Europe;Czechia;Retail;Amphetamine-type stimulants;Methamphetamine powder;;2023;69,5;10,3;80,4;% (percent)
Europe;Western and Central Europe;Czechia;Retail;Cannabis-type drugs;Cannabis herb (marijuana);;2023;9,3;0,19;32,1;% (percent)
Europe;Western and Central Europe;Czechia;Retail;Cannabis-type drugs;Cannabis resin (hashish);;2023;27,7;1,8;56,9;% (percent)
Europe;Western and Central Europe;Czechia;Retail;Cocaine-type drugs;Cocaine hydrochloride;;2023;75,5;20;92,3;% (percent)
Europe;Western and Central Europe;Czechia;Retail;Opioids;Heroin;;2023;29,4;2,1;95,7;% (percent)
Europe;Western and Central Europe;Czechia;Wholesale;“Ecstasy”-type substances;“Ecstasy”-type substances;;2023;32,3;21;46,3;% (percent)
Europe;Western and Central Europe;Czechia;Wholesale;Amphetamine-type stimulants;Methamphetamine powder;;2023;71,4;10;80,3;% (percent)
Europe;Western and Central Europe;Czechia;Wholesale;Cocaine-type drugs;Cocaine hydrochloride;;2023;72;36,7;86;% (percent)
Europe;Western and Central Europe;Czechia;Retail;“Ecstasy”-type substances;Ecstasy-type substances;;2019;;8,6;83,6;% (percent)
Europe;Western and Central Europe;Czechia;Retail;ATS;Amphetamine;;2019;;16,1;75,6;% (percent)
Europe;Western and Central Europe;Czechia;Retail;ATS;Methamphetamine;;2019;;9,4;91,46;% (percent)
Europe;Western and Central Europe;Czechia;Retail;Cannabis-type;Hashish (resin);;2019;;6,5;54,01;% (percent)
Europe;Western and Central Europe;Czechia;Retail;Cannabis-type;Marijuana (herb);;2019;;0,2;31,36;% (percent)
Europe;Western and Central Europe;Czechia;Retail;Cocaine-type;Cocaine salts;;2019;;12,39;95,6;% (percent)
Europe;Western and Central Europe;Czechia;Retail;Opioids;Heroin;Brown;2019;;3,1;50,5;% (percent)
Europe;Western and Central Europe;Czechia;Wholesale;“Ecstasy”-type substances;Ecstasy-type substances;;2019;;23;80,4;% (percent)
Europe;Western and Central Europe;Czechia;Wholesale;ATS;Methamphetamine;;2019;80;65;80;% (percent)
Europe;Western and Central Europe;Czechia;Wholesale;Cocaine-type;Cocaine salts;;2019;;85;;% (percent)
Europe;Western and Central Europe;Czechia;Wholesale;Opioids;Heroin;Brown;2019;;71,05;74;% (percent)
Europe;Western and Central Europe;Denmark;Retail;“Ecstasy”-type substances;MDMA;;2020;74;73;75;% (percent)
Europe;Western and Central Europe;Denmark;Retail;Amphetamine-type stimulants;Amphetamine powder;;2020;14;11;18;% (percent)
Europe;Western and Central Europe;Denmark;Retail;Cannabis-type drugs;Cannabis resin (hashish);;2020;28;26;31;% (percent)
Europe;Western and Central Europe;Denmark;Retail;Cocaine-type drugs;Cocaine hydrochloride;;2020;57;50;63;% (percent)
Europe;Western and Central Europe;Denmark;Retail;Opioids;Heroin;;2020;34;26;41;% (percent)
Europe;Western and Central Europe;Denmark;Retail;Amphetamine-type stimulants;Amphetamine powder;;2021;12;2;79;% (percent)
Europe;Western and Central Europe;Denmark;Retail;Cannabis-type drugs;Cannabis resin (hashish);;2021;;1;52;% (percent)
Europe;Western and Central Europe;Denmark;Retail;Cannabis-type drugs;Cannabis-type drugs;;2021;30;;;...
Europe;Western and Central Europe;Denmark;Retail;Cocaine-type drugs;Cocaine hydrochloride;;2021;67;14;90;% (percent)
Europe;Western and Central Europe;Denmark;Retail;Opioids;Heroin;;2021;21;2;46;% (percent)
Europe;Western and Central Europe;Denmark;Retail;“Ecstasy”-type substances;MDMA;;2023;77;70;84;% (percent)
Europe;Western and Central Europe;Denmark;Retail;Amphetamine-type stimulants;Amphetamine powder;;2023;10;1;69;% (percent)
Europe;Western and Central Europe;Denmark;Retail;Amphetamine-type stimulants;Methamphetamine powder;;2023;79;77;82;% (percent)
Europe;Western and Central Europe;Denmark;Retail;Cannabis-type drugs;Cannabis resin (hashish);;2023;26;9;43;% (percent)
Europe;Western and Central Europe;Denmark;Retail;Cocaine-type drugs;Cocaine hydrochloride;;2023;76;53;89;% (percent)
Europe;Western and Central Europe;Denmark;Retail;Opioids;Heroin;;2023;32;12;70;% (percent)
Europe;Western and Central Europe;Denmark;Retail;ATS;Amphetamine;;2019;15;10;21;% (percent)
Europe;Western and Central Europe;Denmark;Retail;Cannabis-type;Hashish (resin);;2019;28;25;30;% (percent)
Europe;Western and Central Europe;Denmark;Retail;Cocaine-type;Cocaine salts;;2019;59;56;62;% (percent)
Europe;Western and Central Europe;Denmark;Retail;Opioids;Heroin;;2019;21;13;29;% (percent)
Europe;Western and Central Europe;Denmark;Wholesale;Cannabis-type;Hashish (resin);;2019;28;25;30;% (percent)
Europe;Western and Central Europe;Estonia;Retail;“Ecstasy”-type substances;MDMA;;2020;70;1,3;83;% (percent)
Europe;Western and Central Europe;Estonia;Retail;Amphetamine-type stimulants;Amphetamine powder;;2020;26;0,5;73;% (percent)
Europe;Western and Central Europe;Estonia;Retail;Amphetamine-type stimulants;Methamphetamine powder;;2020;16;0,3;80;% (percent)
Europe;Western and Central Europe;Estonia;Retail;Cannabis-type drugs;Cannabis herb (marijuana);;2020;14;0,1;52;% (percent)
Europe;Western and Central Europe;Estonia;Retail;Cannabis-type drugs;Cannabis resin (hashish);;2020;18;0,04;45;% (percent)
Europe;Western and Central Europe;Estonia;Retail;Cocaine-type drugs;Cocaine hydrochloride;;2020;52;0,6;86;% (percent)
Europe;Western and Central Europe;Estonia;Retail;Opioids;Fentanyl;;2020;0,27;0,061;0,67;% (percent)
Europe;Western and Central Europe;Estonia;Retail;Opioids;Heroin;;2020;20;12;28;% (percent)
Europe;Western and Central Europe;Estonia;Retail;Sedatives and tranquilizers (please specify);Gamma-Hydroxybutyric acid (GHB);;2020;53;6;96;% (percent)
Europe;Western and Central Europe;Estonia;Retail;“Ecstasy”-type substances;MDMA;;2021;38;1;80;% (percent)
Europe;Western and Central Europe;Estonia;Retail;Amphetamine-type stimulants;Amphetamine powder;;2021;10;0,1;73;% (percent)
Europe;Western and Central Europe;Estonia;Retail;Amphetamine-type stimulants;Methamphetamine powder;;2021;76;1;80;% (percent)
Europe;Western and Central Europe;Estonia;Retail;Cannabis-type drugs;Cannabis herb (marijuana);;2021;15;0,21;34;% (percent)
Europe;Western and Central Europe;Estonia;Retail;Cannabis-type drugs;Cannabis resin (hashish);;2021;26;0,7;40;% (percent)
Europe;Western and Central Europe;Estonia;Retail;Cocaine-type drugs;Cocaine hydrochloride;;2021;45;0,63;87;% (percent)
Europe;Western and Central Europe;Estonia;Retail;Opioids;Fentanyl;;2021;0,038;0,031;0,083;% (percent)
Europe;Western and Central Europe;Estonia;Retail;Opioids;Heroin;;2021;34;5,9;55;% (percent)
Europe;Western and Central Europe;Estonia;Retail;Sedatives and tranquilizers (please specify);Gamma-Butyrolactone (GBL);;2021;97;13;100;% (percent)
Europe;Western and Central Europe;Estonia;Retail;Sedatives and tranquilizers (please specify);Gamma-Hydroxybutyric acid (GHB);;2021;52;5;77;% (percent)
Europe;Western and Central Europe;Estonia;Retail;“Ecstasy”-type substances;MDMA;;2022;40;12;78;
Europe;Western and Central Europe;Estonia;Retail;Amphetamine-type stimulants;Amphetamine powder;;2022;19;1;72;
Europe;Western and Central Europe;Estonia;Retail;Amphetamine-type stimulants;Methamphetamine powder;;2022;;1;79;
Europe;Western and Central Europe;Estonia;Retail;Cannabis-type drugs;Cannabis herb (marijuana);;2022;12,1;0,1;41;
Europe;Western and Central Europe;Estonia;Retail;Cannabis-type drugs;Cannabis resin (hashish);;2022;29;2,8;43;
Europe;Western and Central Europe;Estonia;Retail;Cocaine-type drugs;Cocaine hydrochloride;;2022;58;0,03;81;
Europe;Western and Central Europe;Estonia;Retail;Opioids;Fentanyl;;2022;1,9;1,4;3,7;
Europe;Western and Central Europe;Estonia;Retail;Opioids;Heroin;;2022;21;20;23;
Europe;Western and Central Europe;Estonia;Retail;Opioids;Methadone;;2022;3,1;0,02;15;
Europe;Western and Central Europe;Estonia;Retail;Sedatives and tranquilizers (please specify);Gamma-Butyrolactone (GBL);;2022;92;7;100;
Europe;Western and Central Europe;Estonia;Retail;Sedatives and tranquilizers (please specify);Gamma-Hydroxybutyric acid (GHB);;2022;46;39;50;
Europe;Western and Central Europe;Estonia;Retail;“Ecstasy”-type substances;MDMA;;2023;43;1;83;% (percent)
Europe;Western and Central Europe;Estonia;Retail;Amphetamine-type stimulants;Amphetamine powder;;2023;19;0,6;93;% (percent)
Europe;Western and Central Europe;Estonia;Retail;Amphetamine-type stimulants;Methamphetamine powder;;2023;27;1;80;
Europe;Western and Central Europe;Estonia;Retail;Cannabis-type drugs;Cannabis herb (marijuana);;2023;15;0,1;40;% (percent)
Europe;Western and Central Europe;Estonia;Retail;Cannabis-type drugs;Cannabis resin (hashish);;2023;24;0,9;42;% (percent)
Europe;Western and Central Europe;Estonia;Retail;Cocaine-type drugs;Cocaine hydrochloride;;2023;70;1;86;% (percent)
Europe;Western and Central Europe;Estonia;Retail;Sedatives and tranquilizers (please specify);Gamma-Butyrolactone (GBL);;2023;90;9;100;% (percent)
Europe;Western and Central Europe;Estonia;Retail;Sedatives and tranquilizers (please specify);Gamma-Hydroxybutyric acid (GHB);;2023;40;1;60;% (percent)
Europe;Western and Central Europe;Estonia;Retail;“Ecstasy”-type substances;Ecstasy-type substances;;2019;70;1,1;84;% (percent)
Europe;Western and Central Europe;Estonia;Retail;“Ecstasy”-type substances;Ecstasy-type substances;;2019;153;61;240;mg/tablet
Europe;Western and Central Europe;Estonia;Retail;ATS;Amphetamine;;2019;16,4;0,1;73;% (percent)
Europe;Western and Central Europe;Estonia;Retail;ATS;Methamphetamine;;2019;14,7;0,6;80;% (percent)
Europe;Western and Central Europe;Estonia;Retail;Cannabis-type;Cannabis oil;;2019;28;3;42;% (percent)
Europe;Western and Central Europe;Estonia;Retail;Cannabis-type;Hashish (resin);;2019;20,7;1,4;38;% (percent)
Europe;Western and Central Europe;Estonia;Retail;Cannabis-type;Marijuana (herb);;2019;13,7;0,23;35;% (percent)
Europe;Western and Central Europe;Estonia;Retail;Cocaine-type;Cocaine salts;;2019;51;0,9;86;% (percent)
Europe;Western and Central Europe;Estonia;Retail;Opioids;Heroin;;2019;25;0,29;44;% (percent)
Europe;Western and Central Europe;Estonia;Retail;Sedatives and Tranquillizers;GHB;;2019;45;15;77;% (percent)
Europe;Western and Central Europe;Estonia;Wholesale;“Ecstasy”-type substances;Ecstasy-type substances;;2019;78;13,5;82;% (percent)
Europe;Western and Central Europe;Estonia;Wholesale;“Ecstasy”-type substances;Ecstasy-type substances;;2019;162;78;242;mg/tablet
Europe;Western and Central Europe;Estonia;Wholesale;ATS;Amphetamine;;2019;38;0,1;73;% (percent)
Europe;Western and Central Europe;Estonia;Wholesale;ATS;Methamphetamine;;2019;10,8;0,7;22;% (percent)
Europe;Western and Central Europe;Estonia;Wholesale;Cannabis-type;Cannabis oil;;2019;7,3;0,34;7,3;% (percent)
Europe;Western and Central Europe;Estonia;Wholesale;Cannabis-type;Hashish (resin);;2019;18;0,55;37;% (percent)
Europe;Western and Central Europe;Estonia;Wholesale;Cannabis-type;Marijuana (herb);;2019;13,8;0,05;33;% (percent)
Europe;Western and Central Europe;Estonia;Wholesale;Cocaine-type;Cocaine salts;;2019;63;0,9;86;% (percent)
Europe;Western and Central Europe;Estonia;Wholesale;Opioids;Pharmaceutical opioids;Fentanyl;2019;29;1,2;82;% (percent)
Europe;Western and Central Europe;Estonia;Wholesale;Sedatives and Tranquillizers;GHB;;2019;46;30;83;% (percent)
Europe;Western and Central Europe;Finland;Retail;“Ecstasy”-type substances;MDMA;;2020;84,5;1;100;% (percent)
Europe;Western and Central Europe;Finland;Retail;Amphetamine-type stimulants;Amphetamine powder;;2020;27,6;1;100;% (percent)
Europe;Western and Central Europe;Finland;Retail;Amphetamine-type stimulants;Methamphetamine powder;;2020;36,9;1;100;% (percent)
Europe;Western and Central Europe;Finland;Retail;Cannabis-type drugs;Cannabis herb (marijuana);;2020;2,3;0,1;15;% (percent)
Europe;Western and Central Europe;Finland;Retail;Cocaine-type drugs;Cocaine hydrochloride;;2020;48,2;1;96;% (percent)
Europe;Western and Central Europe;Finland;Retail;Opioids;Heroin;;2020;38,9;3;69;% (percent)
Europe;Western and Central Europe;Finland;Wholesale;“Ecstasy”-type substances;MDMA;;2020;70,4;1;100;% (percent)
Europe;Western and Central Europe;Finland;Wholesale;Amphetamine-type stimulants;Amphetamine powder;;2020;49,4;22;96;% (percent)
Europe;Western and Central Europe;Finland;Wholesale;Amphetamine-type stimulants;Methamphetamine powder;;2020;42,3;3;87;% (percent)
Europe;Western and Central Europe;Finland;Wholesale;Cannabis-type drugs;Cannabis herb (marijuana);;2020;11,7;10;13;% (percent)
Europe;Western and Central Europe;Finland;Wholesale;Cocaine-type drugs;Cocaine hydrochloride;;2020;87,3;26;97;% (percent)
Europe;Western and Central Europe;Finland;Wholesale;Opioids;Heroin;;2020;37,2;20;44;% (percent)
Europe;Western and Central Europe;Finland;Retail;“Ecstasy”-type substances;MDMA;;2021;83;10;96;% (percent)
Europe;Western and Central Europe;Finland;Retail;Amphetamine-type stimulants;Amphetamine powder;;2021;25;1;100;% (percent)
Europe;Western and Central Europe;Finland;Retail;Amphetamine-type stimulants;Methamphetamine powder;;2021;40;2;100;% (percent)
Europe;Western and Central Europe;Finland;Retail;Cocaine-type drugs;Cocaine hydrochloride;;2021;51;2;94;% (percent)
Europe;Western and Central Europe;Finland;Wholesale;“Ecstasy”-type substances;MDMA;;2021;77;29;96;% (percent)
Europe;Western and Central Europe;Finland;Wholesale;Amphetamine-type stimulants;Amphetamine powder;;2021;53;1;98;% (percent)
Europe;Western and Central Europe;Finland;Wholesale;Cocaine-type drugs;Cocaine hydrochloride;;2021;76;52;95;% (percent)
Europe;Western and Central Europe;Finland;Wholesale;“Ecstasy”-type substances;MDMA;;2022;73;1;98;% (percent)
Europe;Western and Central Europe;Finland;Wholesale;Amphetamine-type stimulants;Amphetamine powder;;2022;15;1;99;% (percent)
Europe;Western and Central Europe;Finland;Wholesale;Amphetamine-type stimulants;Methamphetamine powder;;2022;17;2;96;% (percent)
Europe;Western and Central Europe;Finland;Wholesale;Cannabis-type drugs;Cannabis herb (marijuana);;2022;11;0,1;18;% (percent)
Europe;Western and Central Europe;Finland;Wholesale;Cocaine-type drugs;Cocaine hydrochloride;;2022;67;7;100;% (percent)
Europe;Western and Central Europe;Finland;Wholesale;Opioids;Heroin;;2022;44;5;52;% (percent)
Europe;Western and Central Europe;Finland;Wholesale;“Ecstasy”-type substances;MDMA;;2023;80;22;96;% (percent)
Europe;Western and Central Europe;Finland;Wholesale;Amphetamine-type stimulants;Amphetamine powder;;2023;18;1;95;% (percent)
Europe;Western and Central Europe;Finland;Wholesale;Amphetamine-type stimulants;Methamphetamine powder;;2023;28;2;100;% (percent)
Europe;Western and Central Europe;Finland;Wholesale;Cannabis-type drugs;Cannabis herb (marijuana);;2023;16;10;21;% (percent)
Europe;Western and Central Europe;Finland;Wholesale;Cocaine-type drugs;Cocaine hydrochloride;;2023;75;1;100;% (percent)
Europe;Western and Central Europe;Finland;Retail;“Ecstasy”-type substances;Ecstasy-type substances;;2019;84,7;1;97;% (percent)
Europe;Western and Central Europe;Finland;Retail;ATS;Amphetamine;;2019;23,5;1;100;% (percent)
Europe;Western and Central Europe;Finland;Retail;ATS;Methamphetamine;Crystalline Methamphetamine;2019;20,4;1;100;% (percent)
Europe;Western and Central Europe;Finland;Retail;Cannabis-type;Marijuana (herb);;2019;5,3;0,1;17;% (percent)
Europe;Western and Central Europe;Finland;Retail;Cocaine-type;Cocaine salts;;2019;50,9;5;98;% (percent)
Europe;Western and Central Europe;Finland;Retail;Opioids;Heroin;White;2019;35,8;9;68;% (percent)
Europe;Western and Central Europe;Finland;Wholesale;“Ecstasy”-type substances;Ecstasy-type substances;;2019;84,4;20;97;% (percent)
Europe;Western and Central Europe;Finland;Wholesale;ATS;Amphetamine;;2019;37;6;68;% (percent)
Europe;Western and Central Europe;Finland;Wholesale;ATS;Methamphetamine;Crystalline Methamphetamine;2019;40,6;9;100;% (percent)
Europe;Western and Central Europe;Finland;Wholesale;Cannabis-type;Marijuana (herb);;2019;17,1;14;22;% (percent)
Europe;Western and Central Europe;Finland;Wholesale;Cocaine-type;Cocaine salts;;2019;95,2;88;100;% (percent)
Europe;Western and Central Europe;Finland;Wholesale;Opioids;Heroin;White;2019;55,3;38;66;% (percent)
Europe;Western and Central Europe;France;Retail;“Ecstasy”-type substances;“Ecstasy”-type substances;;2020;33,5;;;% (percent)
Europe;Western and Central Europe;France;Retail;“Ecstasy”-type substances;MDMA;;2020;59,2;;;% (percent)
Europe;Western and Central Europe;France;Retail;Amphetamine-type stimulants;Amphetamine powder;;2020;29;;;% (percent)
Europe;Western and Central Europe;France;Retail;Amphetamine-type stimulants;Methamphetamine tablets;;2020;79;;;% (percent)
Europe;Western and Central Europe;France;Retail;Cannabis-type drugs;Cannabis herb (marijuana);;2020;13;;;% (percent)
Europe;Western and Central Europe;France;Retail;Cannabis-type drugs;Cannabis resin (hashish);;2020;26,7;;;% (percent)
Europe;Western and Central Europe;France;Retail;Cocaine-type drugs;Cocaine hydrochloride;;2020;63,5;;;% (percent)
Europe;Western and Central Europe;France;Retail;Cocaine-type drugs;Cocaine-type drugs;;2020;64;;;% (percent)
Europe;Western and Central Europe;France;Retail;Opioids;Heroin;;2020;20,3;;;% (percent)
Europe;Western and Central Europe;France;Wholesale;“Ecstasy”-type substances;MDMA;;2021;60;;96;% (percent)
Europe;Western and Central Europe;France;Wholesale;Amphetamine-type stimulants;Amphetamine powder;;2021;32;;73;% (percent)
Europe;Western and Central Europe;France;Wholesale;Amphetamine-type stimulants;Methamphetamine powder;;2021;76;;;% (percent)
Europe;Western and Central Europe;France;Wholesale;Cannabis-type drugs;Cannabis herb (marijuana);;2021;13;;35;% (percent)
Europe;Western and Central Europe;France;Wholesale;Cannabis-type drugs;Cannabis resin (hashish);;2021;28;;51;% (percent)
Europe;Western and Central Europe;France;Wholesale;Cocaine-type drugs;“Crack” cocaine;;2021;67;;;% (percent)
Europe;Western and Central Europe;France;Wholesale;Cocaine-type drugs;Cocaine hydrochloride;;2021;66;;;% (percent)
Europe;Western and Central Europe;France;Wholesale;Opioids;Heroin;;2021;17;;86;% (percent)
Europe;Western and Central Europe;France;Wholesale;“Ecstasy”-type substances;MDMA;;2022;28;;;% (percent)
Europe;Western and Central Europe;France;Wholesale;Amphetamine-type stimulants;Amphetamine powder;;2022;27;;;% (percent)
Europe;Western and Central Europe;France;Wholesale;Amphetamine-type stimulants;Methamphetamine powder;;2022;78;;;% (percent)
Europe;Western and Central Europe;France;Wholesale;Cannabis-type drugs;Cannabis herb (marijuana);;2022;14;;;% (percent)
Europe;Western and Central Europe;France;Wholesale;Cannabis-type drugs;Cannabis resin (hashish);;2022;30;;50,5;% (percent)
Europe;Western and Central Europe;France;Wholesale;Cocaine-type drugs;Cocaine hydrochloride;;2022;72;;;% (percent)
Europe;Western and Central Europe;France;Wholesale;Opioids;Heroin;;2022;20;;;% (percent)
Europe;Western and Central Europe;France;Retail;“Ecstasy”-type substances;MDMA;;2023;30;;;% (percent)
Europe;Western and Central Europe;France;Retail;Amphetamine-type stimulants;Amphetamine-type stimulants;;2023;24;;;
Europe;Western and Central Europe;France;Retail;Cannabis-type drugs;Cannabis herb (marijuana);;2023;14;;;% (percent)
Europe;Western and Central Europe;France;Retail;Cannabis-type drugs;Cannabis resin (hashish);;2023;29;;;% (percent)
Europe;Western and Central Europe;France;Retail;Cocaine-type drugs;Cocaine-type drugs;;2023;73;;;% (percent)
Europe;Western and Central Europe;France;Retail;Opioids;Heroin;;2023;16;;;% (percent)
Europe;Western and Central Europe;France;Retail;“Ecstasy”-type substances;Ecstasy-type substances;;2019;33;;;mg/tablet
Europe;Western and Central Europe;France;Retail;ATS;Amphetamine;;2019;29;;;% (percent)
Europe;Western and Central Europe;France;Retail;ATS;Methamphetamine;;2019;67;;;% (percent)
Europe;Western and Central Europe;France;Retail;Cannabis-type;Hashish (resin);;2019;28,2;;;% (percent)
Europe;Western and Central Europe;France;Retail;Cannabis-type;Marijuana (herb);;2019;11,7;;;% (percent)
Europe;Western and Central Europe;France;Retail;Cocaine-type;Cocaine salts;;2019;66;;;% (percent)
Europe;Western and Central Europe;France;Retail;Opioids;Heroin;;2019;19;;;% (percent)
Europe;Western and Central Europe;Germany;Retail;“Ecstasy”-type substances;MDMA;;2020;147;73,3;217;mg/tablet
Europe;Western and Central Europe;Germany;Retail;Amphetamine-type stimulants;Amphetamine powder;;2020;14,5;5;49;% (percent)
Europe;Western and Central Europe;Germany;Retail;Amphetamine-type stimulants;Amphetamine tablets;;2020;33;19;33,8;mg/tablet
Europe;Western and Central Europe;Germany;Retail;Amphetamine-type stimulants;Methamphetamine powder;;2020;76,6;49,3;81,9;% (percent)
Europe;Western and Central Europe;Germany;Retail;Cannabis-type drugs;Cannabis herb (marijuana);;2020;13,7;1,3;18,1;% (percent)
Europe;Western and Central Europe;Germany;Retail;Cannabis-type drugs;Cannabis resin (hashish);;2020;20,4;1,1;34,5;% (percent)
Europe;Western and Central Europe;Germany;Retail;Cocaine-type drugs;Cocaine hydrochloride;;2020;77;44,9;85,3;% (percent)
Europe;Western and Central Europe;Germany;Retail;Opioids;Heroin;;2020;24,6;9,2;40;% (percent)
Europe;Western and Central Europe;Germany;Wholesale;“Ecstasy”-type substances;MDMA;;2020;147;73,3;217;mg/tablet
Europe;Western and Central Europe;Germany;Wholesale;Amphetamine-type stimulants;Amphetamine powder;;2020;14,5;5;49;% (percent)
Europe;Western and Central Europe;Germany;Wholesale;Amphetamine-type stimulants;Amphetamine tablets;;2020;33;19;33,8;mg/tablet
Europe;Western and Central Europe;Germany;Wholesale;Amphetamine-type stimulants;Methamphetamine powder;;2020;76,6;49,3;81,9;% (percent)
Europe;Western and Central Europe;Germany;Wholesale;Cannabis-type drugs;Cannabis herb (marijuana);;2020;13,7;1,3;18,1;% (percent)
Europe;Western and Central Europe;Germany;Wholesale;Cannabis-type drugs;Cannabis resin (hashish);;2020;20,4;1,1;34,5;% (percent)
Europe;Western and Central Europe;Germany;Wholesale;Cocaine-type drugs;Cocaine hydrochloride;;2020;79,6;58,3;85,7;% (percent)
Europe;Western and Central Europe;Germany;Wholesale;Opioids;Heroin;;2020;52,5;12,4;58,9;% (percent)
Europe;Western and Central Europe;Germany;Retail;“Ecstasy”-type substances;MDMA;;2021;140;74,6;200,1;mg/tablet
Europe;Western and Central Europe;Germany;Retail;Amphetamine-type stimulants;Amphetamine powder;;2021;13,7;5,9;40;% (percent)
Europe;Western and Central Europe;Germany;Retail;Amphetamine-type stimulants;Methamphetamine powder;;2021;78,9;59,3;81;% (percent)
Europe;Western and Central Europe;Germany;Retail;Cannabis-type drugs;Cannabis herb (marijuana);;2021;13,8;5,1;19;% (percent)
Europe;Western and Central Europe;Germany;Retail;Cannabis-type drugs;Cannabis resin (hashish);;2021;20,4;1,2;33,7;% (percent)
Europe;Western and Central Europe;Germany;Retail;Cannabis-type drugs;Cannabis/hashish oil;;2021;53,8;23,6;70,5;% (percent)
Europe;Western and Central Europe;Germany;Retail;Cocaine-type drugs;Cocaine hydrochloride;;2021;86,7;39,6;95,7;% (percent)
Europe;Western and Central Europe;Germany;Retail;Hallucinogens;Lysergic acid diethylamide (LSD);;2021;58,6;12,6;110;
Europe;Western and Central Europe;Germany;Retail;Opioids;Heroin;;2021;18,7;9,6;43,6;% (percent)
Europe;Western and Central Europe;Germany;Wholesale;“Ecstasy”-type substances;MDMA;;2021;140;74,6;200,1;mg/tablet
Europe;Western and Central Europe;Germany;Wholesale;Amphetamine-type stimulants;Amphetamine powder;;2021;13,7;5,9;40;% (percent)
Europe;Western and Central Europe;Germany;Wholesale;Amphetamine-type stimulants;Methamphetamine powder;;2021;78,9;59,3;81;% (percent)
Europe;Western and Central Europe;Germany;Wholesale;Cannabis-type drugs;Cannabis herb (marijuana);;2021;13,8;5,1;19;% (percent)
Europe;Western and Central Europe;Germany;Wholesale;Cannabis-type drugs;Cannabis resin (hashish);;2021;20,4;1,2;33,7;% (percent)
Europe;Western and Central Europe;Germany;Wholesale;Cannabis-type drugs;Cannabis/hashish oil;;2021;53,8;23,6;70,5;% (percent)
Europe;Western and Central Europe;Germany;Wholesale;Cocaine-type drugs;Cocaine hydrochloride;;2021;92,2;67,6;97,8;% (percent)
Europe;Western and Central Europe;Germany;Wholesale;Hallucinogens;Lysergic acid diethylamide (LSD);;2021;58,6;12,6;110;...
Europe;Western and Central Europe;Germany;Wholesale;Opioids;Heroin;;2021;27,1;9,5;52,5;% (percent)
Europe;Western and Central Europe;Germany;Retail;“Ecstasy”-type substances;MDMA;;2022;128,9;65;188;mg/tablet
Europe;Western and Central Europe;Germany;Retail;Amphetamine-type stimulants;Amphetamine powder;;2022;10,6;4,8;27,4;% (percent)
Europe;Western and Central Europe;Germany;Retail;Amphetamine-type stimulants;Amphetamine tablets;;2022;16,9;5;34;mg/tablet
Europe;Western and Central Europe;Germany;Retail;Amphetamine-type stimulants;Methamphetamine powder;;2022;78,3;13;81;% (percent)
Europe;Western and Central Europe;Germany;Retail;Cannabis-type drugs;Cannabis herb (marijuana);;2022;13,9;4;18;% (percent)
Europe;Western and Central Europe;Germany;Retail;Cannabis-type drugs;Cannabis resin (hashish);;2022;25,8;3;35;% (percent)
Europe;Western and Central Europe;Germany;Retail;Cocaine-type drugs;Cocaine hydrochloride;;2022;86,7;26;96;% (percent)
Europe;Western and Central Europe;Germany;Retail;Hallucinogens;Lysergic acid diethylamide (LSD);;2022;53;22;78;
Europe;Western and Central Europe;Germany;Retail;Opioids;Heroin;;2022;20,3;10;51;% (percent)
Europe;Western and Central Europe;Germany;Wholesale;“Ecstasy”-type substances;MDMA;;2022;128,9;65;188;mg/tablet
Europe;Western and Central Europe;Germany;Wholesale;Amphetamine-type stimulants;Amphetamine powder;;2022;10,6;4,8;27,4;% (percent)
Europe;Western and Central Europe;Germany;Wholesale;Amphetamine-type stimulants;Amphetamine tablets;;2022;16,9;5;34;mg/tablet
Europe;Western and Central Europe;Germany;Wholesale;Amphetamine-type stimulants;Methamphetamine powder;;2022;78,3;13;81;% (percent)
Europe;Western and Central Europe;Germany;Wholesale;Cannabis-type drugs;Cannabis herb (marijuana);;2022;13,9;4;18;% (percent)
Europe;Western and Central Europe;Germany;Wholesale;Cannabis-type drugs;Cannabis resin (hashish);;2022;25,8;3;35;% (percent)
Europe;Western and Central Europe;Germany;Wholesale;Cocaine-type drugs;Cocaine hydrochloride;;2022;89,6;77;96;% (percent)
Europe;Western and Central Europe;Germany;Wholesale;Hallucinogens;Lysergic acid diethylamide (LSD);;2022;53;22;78;...
Europe;Western and Central Europe;Germany;Wholesale;Opioids;Heroin;;2022;35,5;12;56;% (percent)
Europe;Western and Central Europe;Germany;Retail;“Ecstasy”-type substances;MDMA;;2023;123,2;67,7;172;mg/tablet
Europe;Western and Central Europe;Germany;Retail;Amphetamine-type stimulants;Amphetamine powder;;2023;10,4;3,5;28;% (percent)
Europe;Western and Central Europe;Germany;Retail;Amphetamine-type stimulants;Methamphetamine powder;;2023;78,7;63,2;81,2;% (percent)
Europe;Western and Central Europe;Germany;Retail;Cannabis-type drugs;Cannabis herb (marijuana);;2023;14,4;6,9;18,4;% (percent)
Europe;Western and Central Europe;Germany;Retail;Cannabis-type drugs;Cannabis resin (hashish);;2023;26,6;8,1;35,1;% (percent)
Europe;Western and Central Europe;Germany;Retail;Cocaine-type drugs;“Crack” cocaine;;2023;88,4;69,9;95;% (percent)
Europe;Western and Central Europe;Germany;Retail;Cocaine-type drugs;Cocaine hydrochloride;;2023;90,1;62,3;94,8;% (percent)
Europe;Western and Central Europe;Germany;Retail;Hallucinogens;Lysergic acid diethylamide (LSD);;2023;44,8;4,2;85;
Europe;Western and Central Europe;Germany;Retail;Opioids;Heroin;;2023;13,5;5;40;% (percent)
Europe;Western and Central Europe;Germany;Wholesale;“Ecstasy”-type substances;MDMA;;2023;123,2;67,7;172;mg/tablet
Europe;Western and Central Europe;Germany;Wholesale;Amphetamine-type stimulants;Amphetamine powder;;2023;10,4;3,5;28;% (percent)
Europe;Western and Central Europe;Germany;Wholesale;Amphetamine-type stimulants;Methamphetamine powder;;2023;78,7;63,2;81,2;% (percent)
Europe;Western and Central Europe;Germany;Wholesale;Cannabis-type drugs;Cannabis herb (marijuana);;2023;14,4;6,9;18,4;% (percent)
Europe;Western and Central Europe;Germany;Wholesale;Cannabis-type drugs;Cannabis resin (hashish);;2023;26,6;8,1;35,1;% (percent)
Europe;Western and Central Europe;Germany;Wholesale;Cocaine-type drugs;Cocaine hydrochloride;;2023;90,3;63,2;95,5;% (percent)
Europe;Western and Central Europe;Germany;Wholesale;Hallucinogens;Lysergic acid diethylamide (LSD);;2023;44,8;4,2;85;
Europe;Western and Central Europe;Germany;Wholesale;Opioids;Heroin;;2023;32,5;6,3;54,7;% (percent)
Europe;Western and Central Europe;Germany;Retail;“Ecstasy”-type substances;Ecstasy-type substances;;2019;77,8;21,2;84,8;% (percent)
Europe;Western and Central Europe;Germany;Retail;“Ecstasy”-type substances;Ecstasy-type substances;;2019;146;65,3;230,5;mg/tablet
Europe;Western and Central Europe;Germany;Retail;ATS;Amphetamine;;2019;17,2;3,5;71,5;% (percent)
Europe;Western and Central Europe;Germany;Retail;ATS;Methamphetamine;;2019;74,2;12,6;81,1;% (percent)
Europe;Western and Central Europe;Germany;Retail;Cannabis-type;Hashish (resin);;2019;22,6;0,5;38,9;% (percent)
Europe;Western and Central Europe;Germany;Retail;Cannabis-type;Marijuana (herb);;2019;13,7;0,7;21;% (percent)
Europe;Western and Central Europe;Germany;Retail;Cocaine-type;Cocaine salts;;2019;76,4;20,1;86,3;% (percent)
Europe;Western and Central Europe;Germany;Retail;Opioids;Heroin;;2019;25,8;5,4;42,5;% (percent)
Europe;Western and Central Europe;Germany;Wholesale;“Ecstasy”-type substances;Ecstasy-type substances;;2019;77,8;21,2;84,8;% (percent)
Europe;Western and Central Europe;Germany;Wholesale;“Ecstasy”-type substances;Ecstasy-type substances;;2019;146;65,3;230,5;mg/tablet
Europe;Western and Central Europe;Germany;Wholesale;ATS;Amphetamine;;2019;15,5;1,3;72,8;% (percent)
Europe;Western and Central Europe;Germany;Wholesale;ATS;Methamphetamine;;2019;78,9;49,6;82;% (percent)
Europe;Western and Central Europe;Germany;Wholesale;Cannabis-type;Hashish (resin);;2019;22,6;0,5;38,9;% (percent)
Europe;Western and Central Europe;Germany;Wholesale;Cannabis-type;Marijuana (herb);;2019;13,7;0,7;21;% (percent)
Europe;Western and Central Europe;Germany;Wholesale;Cocaine-type;Cocaine salts;;2019;81,6;52,1;87,6;% (percent)
Europe;Western and Central Europe;Germany;Wholesale;Opioids;Heroin;;2019;54,8;20,1;75,1;% (percent)
Europe;Western and Central Europe;Gibraltar;Retail;Cocaine-type drugs;Cocaine hydrochloride;;2020;70;40;98;% (percent)
Europe;Western and Central Europe;Gibraltar;Wholesale;“Ecstasy”-type substances;MDMA;;2020;0;;;
Europe;Western and Central Europe;Gibraltar;Wholesale;Amphetamine-type stimulants;Amphetamine-type stimulants;;2020;0;;;
Europe;Western and Central Europe;Gibraltar;Wholesale;Cannabis-type drugs;Cannabis herb (marijuana);;2020;0;;;
Europe;Western and Central Europe;Gibraltar;Wholesale;Cannabis-type drugs;Cannabis resin (hashish);;2020;0;;;
Europe;Western and Central Europe;Gibraltar;Wholesale;Cannabis-type drugs;Cannabis/hashish oil;;2020;0;;;
Europe;Western and Central Europe;Gibraltar;Wholesale;Cannabis-type drugs;Cannabis-type drugs;;2020;0;;;
Europe;Western and Central Europe;Gibraltar;Wholesale;Cocaine-type drugs;Cocaine hydrochloride;;2020;70;40;98;% (percent)
Europe;Western and Central Europe;Gibraltar;Wholesale;“Ecstasy”-type substances;“Ecstasy”-type substances;;2021;80;2;130;mg/tablet
Europe;Western and Central Europe;Gibraltar;Wholesale;“Ecstasy”-type substances;MDMA;;2021;70;30;120;mg/tablet
Europe;Western and Central Europe;Gibraltar;Wholesale;Amphetamine-type stimulants;Amphetamine powder;;2021;15;10;50;% (percent)
Europe;Western and Central Europe;Gibraltar;Wholesale;Amphetamine-type stimulants;Amphetamine tablets;;2021;15;10;50;% (percent)
Europe;Western and Central Europe;Gibraltar;Wholesale;Cannabis-type drugs;Cannabis herb (marijuana);;2021;16;9;17,7;% (percent)
Europe;Western and Central Europe;Gibraltar;Wholesale;Cannabis-type drugs;Cannabis resin (hashish);;2021;19;1;20;% (percent)
Europe;Western and Central Europe;Gibraltar;Wholesale;Cannabis-type drugs;Cannabis-type drugs;;2021;15;5;17,7;% (percent)
Europe;Western and Central Europe;Gibraltar;Wholesale;Cocaine-type drugs;“Crack” cocaine;;2021;30;20;60;% (percent)
Europe;Western and Central Europe;Gibraltar;Wholesale;Cocaine-type drugs;Cocaine hydrochloride;;2021;50;10;78;% (percent)
Europe;Western and Central Europe;Gibraltar;Wholesale;Hallucinogens;Lysergic acid diethylamide (LSD);;2021;60;40;70;% (percent)
Europe;Western and Central Europe;Gibraltar;Wholesale;Opioids;Fentanyl;;2021;1;1;1;% (percent)
Europe;Western and Central Europe;Gibraltar;Wholesale;Opioids;Heroin;;2021;15;10;35;% (percent)
Europe;Western and Central Europe;Greece;Wholesale;Cocaine-type drugs;Cocaine hydrochloride;;2020;63;12,5;89;% (percent)
Europe;Western and Central Europe;Greece;Wholesale;Opioids;Heroin;;2020;21,7;0,1;43,8;% (percent)
Europe;Western and Central Europe;Greece;Wholesale;Cocaine-type drugs;Cocaine hydrochloride;;2021;71,2;6,3;86,8;% (percent)
Europe;Western and Central Europe;Greece;Wholesale;Opioids;Heroin;;2021;17,4;0,5;56,6;% (percent)
Europe;Western and Central Europe;Greece;Wholesale;Cocaine-type drugs;Cocaine hydrochloride;;2022;77,6;0,008;97,8;% (percent)
Europe;Western and Central Europe;Greece;Wholesale;Opioids;Heroin;;2022;12,1;0,5;43,1;% (percent)
Europe;Western and Central Europe;Greece;Wholesale;Cocaine-type drugs;Cocaine hydrochloride;;2023;75,7;0,09;95,7;% (percent)
Europe;Western and Central Europe;Greece;Wholesale;Opioids;Heroin;;2023;11,4;0,51;35,3;% (percent)
Europe;Western and Central Europe;Hungary;Wholesale;“Ecstasy”-type substances;MDMA;;2020;147,7;50;250;mg/tablet
Europe;Western and Central Europe;Hungary;Wholesale;Amphetamine-type stimulants;Amphetamine powder;;2020;13,8;1;75;% (percent)
Europe;Western and Central Europe;Hungary;Wholesale;Amphetamine-type stimulants;Methamphetamine powder;;2020;61,6;5;85;% (percent)
Europe;Western and Central Europe;Hungary;Wholesale;Cannabis-type drugs;Cannabis herb (marijuana);;2020;9,18;0,1;20;% (percent)
Europe;Western and Central Europe;Hungary;Wholesale;Cannabis-type drugs;Cannabis resin (hashish);;2020;21,95;1;50;% (percent)
Europe;Western and Central Europe;Hungary;Wholesale;Cocaine-type drugs;Cocaine hydrochloride;;2020;44,7;10;85;% (percent)
Europe;Western and Central Europe;Hungary;Wholesale;Hallucinogens;Lysergic acid diethylamide (LSD);;2020;50,3;10;150;mg/tablet
Europe;Western and Central Europe;Hungary;Wholesale;Opioids;Heroin;;2020;20,5;5;55;% (percent)
Europe;Western and Central Europe;Hungary;Retail;“Ecstasy”-type substances;MDMA;;2021;130;50;250;mg/tablet
Europe;Western and Central Europe;Hungary;Retail;Amphetamine-type stimulants;Amphetamine powder;;2021;14,3;1;75;% (percent)
Europe;Western and Central Europe;Hungary;Retail;Amphetamine-type stimulants;Methamphetamine powder;;2021;60,2;1;85;% (percent)
Europe;Western and Central Europe;Hungary;Retail;Cannabis-type drugs;Cannabis herb (marijuana);;2021;9,7;0,1;20;% (percent)
Europe;Western and Central Europe;Hungary;Retail;Cannabis-type drugs;Cannabis resin (hashish);;2021;23,1;0,5;40;
Europe;Western and Central Europe;Hungary;Retail;Cocaine-type drugs;Cocaine hydrochloride;;2021;54,2;10;85;% (percent)
Europe;Western and Central Europe;Hungary;Retail;Hallucinogens;Lysergic acid diethylamide (LSD);;2021;50,5;10;100;mg/tablet
Europe;Western and Central Europe;Hungary;Retail;Opioids;Heroin;;2021;22,7;5;50;% (percent)
Europe;Western and Central Europe;Hungary;Wholesale;“Ecstasy”-type substances;MDMA;;2021;130;;;...
Europe;Western and Central Europe;Hungary;Wholesale;Cocaine-type drugs;Cocaine hydrochloride;;2021;47,7;20;85;% (percent)
Europe;Western and Central Europe;Hungary;Retail;“Ecstasy”-type substances;MDMA;;2022;128,65;30;220;mg/tablet
Europe;Western and Central Europe;Hungary;Retail;Amphetamine-type stimulants;Amphetamine powder;;2022;11,08;0,5;75;% (percent)
Europe;Western and Central Europe;Hungary;Retail;Amphetamine-type stimulants;Methamphetamine powder;;2022;67,55;1;85;% (percent)
Europe;Western and Central Europe;Hungary;Retail;Cannabis-type drugs;Cannabis herb (marijuana);;2022;9,67;0,05;25;% (percent)
Europe;Western and Central Europe;Hungary;Retail;Cannabis-type drugs;Cannabis resin (hashish);;2022;24,9;1;40;% (percent)
Europe;Western and Central Europe;Hungary;Retail;Cocaine-type drugs;Cocaine hydrochloride;;2022;56,4;10;85;% (percent)
Europe;Western and Central Europe;Hungary;Retail;Hallucinogens;Lysergic acid diethylamide (LSD);;2022;0,057;0,01;0,14;mg/tablet
Europe;Western and Central Europe;Hungary;Retail;Opioids;Heroin;;2022;23;5;55;% (percent)
Europe;Western and Central Europe;Hungary;Wholesale;“Ecstasy”-type substances;MDMA;;2022;128,65;30;220;mg/tablet
Europe;Western and Central Europe;Hungary;Wholesale;Amphetamine-type stimulants;Amphetamine powder;;2022;11,08;0,5;75;% (percent)
Europe;Western and Central Europe;Hungary;Wholesale;Amphetamine-type stimulants;Methamphetamine powder;;2022;67,55;1;85;% (percent)
Europe;Western and Central Europe;Hungary;Wholesale;Cannabis-type drugs;Cannabis herb (marijuana);;2022;9,67;0,05;25;% (percent)
Europe;Western and Central Europe;Hungary;Wholesale;Cannabis-type drugs;Cannabis resin (hashish);;2022;24,9;1;40;% (percent)
Europe;Western and Central Europe;Hungary;Wholesale;Cocaine-type drugs;Cocaine hydrochloride;;2022;56,4;10;85;% (percent)
Europe;Western and Central Europe;Hungary;Wholesale;Hallucinogens;Lysergic acid diethylamide (LSD);;2022;0,057;0,01;0,14;mg/tablet
Europe;Western and Central Europe;Hungary;Wholesale;Opioids;Heroin;;2022;23;5;55;% (percent)
Europe;Western and Central Europe;Hungary;Retail;“Ecstasy”-type substances;MDMA;;2023;122;30;220;mg/tablet
Europe;Western and Central Europe;Hungary;Retail;Amphetamine-type stimulants;Amphetamine powder;;2023;16,61;0,5;75;% (percent)
Europe;Western and Central Europe;Hungary;Retail;Amphetamine-type stimulants;Methamphetamine powder;;2023;53,9;0,5;85;% (percent)
Europe;Western and Central Europe;Hungary;Retail;Cannabis-type drugs;Cannabis herb (marijuana);;2023;9,33;0,05;25;% (percent)
Europe;Western and Central Europe;Hungary;Retail;Cannabis-type drugs;Cannabis resin (hashish);;2023;21,5;1;40;% (percent)
Europe;Western and Central Europe;Hungary;Retail;Cocaine-type drugs;Cocaine hydrochloride;;2023;64,38;30;85;% (percent)
Europe;Western and Central Europe;Hungary;Retail;Hallucinogens;Lysergic acid diethylamide (LSD);;2023;57;10;150;mg/tablet
Europe;Western and Central Europe;Hungary;Retail;Opioids;Heroin;;2023;20,88;5;55;% (percent)
Europe;Western and Central Europe;Hungary;Wholesale;“Ecstasy”-type substances;MDMA;;2023;122;30;220;mg/tablet
Europe;Western and Central Europe;Hungary;Wholesale;Amphetamine-type stimulants;Amphetamine powder;;2023;16,61;0,5;75;% (percent)
Europe;Western and Central Europe;Hungary;Wholesale;Amphetamine-type stimulants;Methamphetamine powder;;2023;53,9;0,5;85;% (percent)
Europe;Western and Central Europe;Hungary;Wholesale;Cannabis-type drugs;Cannabis herb (marijuana);;2023;9,33;0,05;25;% (percent)
Europe;Western and Central Europe;Hungary;Wholesale;Cannabis-type drugs;Cannabis resin (hashish);;2023;21,5;1;40;% (percent)
Europe;Western and Central Europe;Hungary;Wholesale;Cocaine-type drugs;Cocaine hydrochloride;;2023;60,55;10;85;% (percent)
Europe;Western and Central Europe;Hungary;Wholesale;Hallucinogens;Lysergic acid diethylamide (LSD);;2023;57;10;150;mg/tablet
Europe;Western and Central Europe;Hungary;Wholesale;Opioids;Heroin;;2023;20,88;5;55;% (percent)
Europe;Western and Central Europe;Ireland;Wholesale;Amphetamine-type stimulants;Amphetamine powder;;2020;7,6;;;% (percent)
Europe;Western and Central Europe;Ireland;Wholesale;Amphetamine-type stimulants;Amphetamine tablets;;2020;7,6;;;% (percent)
Europe;Western and Central Europe;Ireland;Retail;Cocaine-type drugs;Cocaine hydrochloride;;2021;42,8;8,1;88,4;% (percent)
Europe;Western and Central Europe;Ireland;Retail;Opioids;Heroin;;2021;39,6;12,7;60,3;% (percent)
Europe;Western and Central Europe;Ireland;Wholesale;Amphetamine-type stimulants;Amphetamine powder;;2021;8,7;3,9;16;% (percent)
Europe;Western and Central Europe;Ireland;Wholesale;Cocaine-type drugs;Cocaine hydrochloride;;2021;50,9;8,8;84,4;% (percent)
Europe;Western and Central Europe;Ireland;Wholesale;Opioids;Heroin;;2021;43,9;6,8;56,9;% (percent)
Europe;Western and Central Europe;Ireland;Retail;Cocaine-type drugs;Cocaine hydrochloride;;2022;40,3;9,1;88,3;% (percent)
Europe;Western and Central Europe;Ireland;Retail;Opioids;Heroin;;2022;37,5;23,5;59,1;% (percent)
Europe;Western and Central Europe;Ireland;Wholesale;Cocaine-type drugs;Cocaine hydrochloride;;2022;63,1;3,1;89;% (percent)
Europe;Western and Central Europe;Ireland;Wholesale;Opioids;Heroin;;2022;45,2;20,7;57,4;% (percent)
Europe;Western and Central Europe;Italy;Retail;“Ecstasy”-type substances;MDMA;;2020;;8;84;% (percent)
Europe;Western and Central Europe;Italy;Retail;Amphetamine-type stimulants;Amphetamine powder;;2020;;3;33;% (percent)
Europe;Western and Central Europe;Italy;Retail;Amphetamine-type stimulants;Methamphetamine powder;;2020;;2;80;% (percent)
Europe;Western and Central Europe;Italy;Retail;Cannabis-type drugs;Cannabis herb (marijuana);;2020;;0,6;78;% (percent)
Europe;Western and Central Europe;Italy;Retail;Cannabis-type drugs;Cannabis resin (hashish);;2020;;0,6;39;% (percent)
Europe;Western and Central Europe;Italy;Retail;Cocaine-type drugs;“Crack” cocaine;;2020;;9;98;% (percent)
Europe;Western and Central Europe;Italy;Retail;Cocaine-type drugs;Cocaine hydrochloride;;2020;;0,3;88;% (percent)
Europe;Western and Central Europe;Italy;Retail;Opioids;Heroin;;2020;;0,1;63;% (percent)
Europe;Western and Central Europe;Italy;Retail;“Ecstasy”-type substances;“Ecstasy”-type substances;;2021;160;54;271;mg/tablet
Europe;Western and Central Europe;Italy;Retail;“Ecstasy”-type substances;MDMA;;2021;59;6,6;84;% (percent)
Europe;Western and Central Europe;Italy;Retail;Amphetamine-type stimulants;Methamphetamine powder;;2021;72;2;81;% (percent)
Europe;Western and Central Europe;Italy;Retail;Cannabis-type drugs;Cannabis herb (marijuana);;2021;12;0,6;38;% (percent)
Europe;Western and Central Europe;Italy;Retail;Cannabis-type drugs;Cannabis resin (hashish);;2021;25;0,6;74;% (percent)
Europe;Western and Central Europe;Italy;Retail;Cocaine-type drugs;“Crack” cocaine;;2021;83;20;99;% (percent)
Europe;Western and Central Europe;Italy;Retail;Cocaine-type drugs;Cocaine hydrochloride;;2021;68;0,3;89;% (percent)
Europe;Western and Central Europe;Italy;Retail;Opioids;Heroin;;2021;17;0,1;79;% (percent)
Europe;Western and Central Europe;Italy;Wholesale;Cannabis-type drugs;Cannabis herb (marijuana);;2021;10;1,1;27,2;% (percent)
Europe;Western and Central Europe;Italy;Wholesale;Cannabis-type drugs;Cannabis resin (hashish);;2021;24,5;1;52,9;% (percent)
Europe;Western and Central Europe;Italy;Wholesale;Cocaine-type drugs;Cocaine hydrochloride;;2021;71,3;3,4;89;% (percent)
Europe;Western and Central Europe;Italy;Wholesale;Opioids;Heroin;;2021;16,2;0,2;49,8;% (percent)
Europe;Western and Central Europe;Italy;Retail;“Ecstasy”-type substances;MDMA;;2022;71;16;84;% (percent)
Europe;Western and Central Europe;Italy;Retail;Amphetamine-type stimulants;Amphetamine powder;;2022;33;4,9;64;% (percent)
Europe;Western and Central Europe;Italy;Retail;Amphetamine-type stimulants;Methamphetamine powder;;2022;70;7,7;81;% (percent)
Europe;Western and Central Europe;Italy;Retail;Cannabis-type drugs;Cannabis herb (marijuana);;2022;13;0,6;44;% (percent)
Europe;Western and Central Europe;Italy;Retail;Cannabis-type drugs;Cannabis resin (hashish);;2022;29;0,6;91;% (percent)
Europe;Western and Central Europe;Italy;Retail;Cocaine-type drugs;“Crack” cocaine;;2022;87;41;99;% (percent)
Europe;Western and Central Europe;Italy;Retail;Cocaine-type drugs;Cocaine hydrochloride;;2022;68;0,3;89;% (percent)
Europe;Western and Central Europe;Italy;Retail;Opioids;Heroin;;2022;21;0,4;82;% (percent)
Europe;Western and Central Europe;Italy;Wholesale;Cannabis-type drugs;Cannabis herb (marijuana);;2022;10,8;1;29;% (percent)
Europe;Western and Central Europe;Italy;Wholesale;Cannabis-type drugs;Cannabis resin (hashish);;2022;27,3;1,7;53,3;% (percent)
Europe;Western and Central Europe;Italy;Wholesale;Cocaine-type drugs;Cocaine hydrochloride;;2022;66,8;2,4;96,5;% (percent)
Europe;Western and Central Europe;Italy;Wholesale;Opioids;Heroin;;2022;25,9;2;44,1;% (percent)
Europe;Western and Central Europe;Italy;Retail;“Ecstasy”-type substances;MDMA;;2023;58;2;84;% (percent)
Europe;Western and Central Europe;Italy;Retail;Amphetamine-type stimulants;Amphetamine powder;;2023;58;24;90;% (percent)
Europe;Western and Central Europe;Italy;Retail;Amphetamine-type stimulants;Methamphetamine powder;;2023;54;5;81;
Europe;Western and Central Europe;Italy;Retail;Cannabis-type drugs;Cannabis herb (marijuana);;2023;14;0,6;46;% (percent)
Europe;Western and Central Europe;Italy;Retail;Cannabis-type drugs;Cannabis resin (hashish);;2023;29;0,7;90;% (percent)
Europe;Western and Central Europe;Italy;Retail;Cocaine-type drugs;“Crack” cocaine;;2023;87;29;99;% (percent)
Europe;Western and Central Europe;Italy;Retail;Cocaine-type drugs;Cocaine hydrochloride;;2023;71;0,2;89;% (percent)
Europe;Western and Central Europe;Italy;Retail;Opioids;Heroin;;2023;19;0,4;88;% (percent)
Europe;Western and Central Europe;Italy;Wholesale;Cannabis-type drugs;Cannabis herb (marijuana);;2023;12,2;1;39;% (percent)
Europe;Western and Central Europe;Italy;Wholesale;Cannabis-type drugs;Cannabis resin (hashish);;2023;28,7;1,7;53,7;% (percent)
Europe;Western and Central Europe;Italy;Wholesale;Cocaine-type drugs;Cocaine hydrochloride;;2023;76,7;7,8;98,7;% (percent)
Europe;Western and Central Europe;Italy;Wholesale;Opioids;Heroin;;2023;9,8;1,1;23,1;% (percent)
Europe;Western and Central Europe;Latvia;Wholesale;“Ecstasy”-type substances;“Ecstasy”-type substances;;2020;174;63;255;mg/tablet
Europe;Western and Central Europe;Latvia;Wholesale;“Ecstasy”-type substances;MDMA;;2020;174;63;255;mg/tablet
Europe;Western and Central Europe;Latvia;Wholesale;Amphetamine-type stimulants;Amphetamine powder;;2020;19;2;75;% (percent)
Europe;Western and Central Europe;Latvia;Wholesale;Amphetamine-type stimulants;Methamphetamine powder;;2020;30;2;87;% (percent)
Europe;Western and Central Europe;Latvia;Wholesale;Cocaine-type drugs;Cocaine hydrochloride;;2020;79;12;88;% (percent)
Europe;Western and Central Europe;Latvia;Wholesale;Cocaine-type drugs;Cocaine-type drugs;;2020;79;12;88;% (percent)
Europe;Western and Central Europe;Latvia;Wholesale;Opioids;Heroin;;2020;42;8;89;% (percent)
Europe;Western and Central Europe;Latvia;Wholesale;Opioids;Opioids;;2020;42;8;89;% (percent)
Europe;Western and Central Europe;Latvia;Retail;“Ecstasy”-type substances;MDMA;;2021;164;59;387;mg/tablet
Europe;Western and Central Europe;Latvia;Retail;Amphetamine-type stimulants;Amphetamine powder;;2021;23,16;2;80;% (percent)
Europe;Western and Central Europe;Latvia;Retail;Amphetamine-type stimulants;Methamphetamine powder;;2021;26,9;1;80;% (percent)
Europe;Western and Central Europe;Latvia;Retail;Cocaine-type drugs;Cocaine hydrochloride;;2021;55,56;8;83;% (percent)
Europe;Western and Central Europe;Latvia;Retail;Opioids;Buprenorphine;;2021;8;2;8;mg/tablet
Europe;Western and Central Europe;Latvia;Retail;Opioids;Tramadol;;2021;100;50;200;mg/tablet
Europe;Western and Central Europe;Latvia;Retail;Sedatives and tranquilizers (please specify);Benzodiazepines;;2021;2;;;mg/tablet
Europe;Western and Central Europe;Latvia;Wholesale;“Ecstasy”-type substances;MDMA;;2021;30,7;28;40;% (percent)
Europe;Western and Central Europe;Latvia;Wholesale;Amphetamine-type stimulants;Amphetamine powder;;2021;18,6;8;27;% (percent)
Europe;Western and Central Europe;Latvia;Wholesale;Opioids;Buprenorphine;;2021;8;2;8;mg/tablet
Europe;Western and Central Europe;Latvia;Retail;“Ecstasy”-type substances;MDMA;;2022;152;60;336;mg/tablet
Europe;Western and Central Europe;Latvia;Retail;Amphetamine-type stimulants;Amphetamine powder;;2022;20,3;1;79;% (percent)
Europe;Western and Central Europe;Latvia;Retail;Amphetamine-type stimulants;Methamphetamine powder;;2022;28,9;3;80;% (percent)
Europe;Western and Central Europe;Latvia;Retail;Cocaine-type drugs;Cocaine hydrochloride;;2022;56;16;97;% (percent)
Europe;Western and Central Europe;Latvia;Wholesale;“Ecstasy”-type substances;MDMA;;2022;180;96;292;mg/tablet
Europe;Western and Central Europe;Latvia;Wholesale;Amphetamine-type stimulants;Amphetamine powder;;2022;4;4;4;% (percent)
Europe;Western and Central Europe;Latvia;Wholesale;Amphetamine-type stimulants;Methamphetamine powder;;2022;37,3;36;39;% (percent)
Europe;Western and Central Europe;Latvia;Wholesale;Cocaine-type drugs;Cocaine hydrochloride;;2022;72;67;77;% (percent)
Europe;Western and Central Europe;Latvia;Retail;“Ecstasy”-type substances;Ecstasy-type substances;;2019;30;22;85;% (percent)
Europe;Western and Central Europe;Latvia;Retail;“Ecstasy”-type substances;Ecstasy-type substances;MDMA;2019;171,6;60;320;mg/tablet
Europe;Western and Central Europe;Latvia;Retail;ATS;Amphetamine;;2019;16;1;70;% (percent)
Europe;Western and Central Europe;Latvia;Retail;ATS;Methamphetamine;;2019;20;7;81;% (percent)
Europe;Western and Central Europe;Latvia;Retail;Cocaine-type;Cocaine salts;;2019;72;15;89;% (percent)
Europe;Western and Central Europe;Latvia;Retail;Opioids;Heroin;;2019;20;4;43;% (percent)
Europe;Western and Central Europe;Latvia;Wholesale;“Ecstasy”-type substances;Ecstasy-type substances;;2019;;25;85;% (percent)
Europe;Western and Central Europe;Latvia;Wholesale;“Ecstasy”-type substances;Ecstasy-type substances;;2019;180;160;180;mg/tablet
Europe;Western and Central Europe;Latvia;Wholesale;Cocaine-type;Cocaine salts;;2019;80;61;81;% (percent)
Europe;Western and Central Europe;Lithuania;Retail;“Ecstasy”-type substances;“Ecstasy”-type substances;;2020;;1,5;83,6;% (percent)
Europe;Western and Central Europe;Lithuania;Retail;“Ecstasy”-type substances;MDMA;;2020;;1,5;83,6;% (percent)
Europe;Western and Central Europe;Lithuania;Retail;Amphetamine-type stimulants;Amphetamine powder;;2020;;1,5;70;% (percent)
Europe;Western and Central Europe;Lithuania;Retail;Amphetamine-type stimulants;Amphetamine-type stimulants;;2020;;1,5;73;% (percent)
Europe;Western and Central Europe;Lithuania;Retail;Amphetamine-type stimulants;Methamphetamine powder;;2020;;1,5;76;% (percent)
Europe;Western and Central Europe;Lithuania;Retail;Cannabis-type drugs;Cannabis herb (marijuana);;2020;;0,2;33;% (percent)
Europe;Western and Central Europe;Lithuania;Retail;Cannabis-type drugs;Cannabis-type drugs;;2020;;0,2;33;% (percent)
Europe;Western and Central Europe;Lithuania;Retail;Cocaine-type drugs;Cocaine hydrochloride;;2020;;0,004;87,7;% (percent)
Europe;Western and Central Europe;Lithuania;Retail;Hallucinogens;Lysergic acid diethylamide (LSD);;2020;0,006;0,002;3,5;mg/tablet
Europe;Western and Central Europe;Lithuania;Retail;Opioids;Buprenorphine;;2020;;2;8;mg/tablet
Europe;Western and Central Europe;Lithuania;Retail;Opioids;Methadone;;2020;;0,1;3;% (percent)
Europe;Western and Central Europe;Lithuania;Retail;Opioids;Tramadol;;2020;;50;200;mg/tablet
Europe;Western and Central Europe;Lithuania;Wholesale;Cannabis-type drugs;Cannabis herb (marijuana);;2020;;0,2;33;% (percent)
Europe;Western and Central Europe;Lithuania;Wholesale;Cannabis-type drugs;Cannabis-type drugs;;2020;;0,2;33;% (percent)
Europe;Western and Central Europe;Lithuania;Wholesale;Opioids;Buprenorphine;;2020;;2;8;mg/tablet
Europe;Western and Central Europe;Lithuania;Wholesale;Opioids;Heroin;;2020;;0,2;32;% (percent)
Europe;Western and Central Europe;Lithuania;Wholesale;Opioids;Tramadol;;2020;;50;200;mg/tablet
Europe;Western and Central Europe;Lithuania;Wholesale;“Ecstasy”-type substances;MDMA;;2021;40,3;0,2;88;% (percent)
Europe;Western and Central Europe;Lithuania;Wholesale;Amphetamine-type stimulants;Amphetamine powder;;2021;15,5;0,3;62,8;% (percent)
Europe;Western and Central Europe;Lithuania;Wholesale;Amphetamine-type stimulants;Methamphetamine powder;;2021;16,1;0,1;82;% (percent)
Europe;Western and Central Europe;Lithuania;Wholesale;Cocaine-type drugs;Cocaine hydrochloride;;2021;42,6;0,8;86,8;% (percent)
Europe;Western and Central Europe;Lithuania;Wholesale;Opioids;Heroin;;2021;15,4;1,2;37,4;% (percent)
Europe;Western and Central Europe;Lithuania;Retail;“Ecstasy”-type substances;MDMA;;2022;36,3;3;;% (percent)
Europe;Western and Central Europe;Lithuania;Retail;Amphetamine-type stimulants;Amphetamine powder;;2022;14,3;0,5;81,7;% (percent)
Europe;Western and Central Europe;Lithuania;Retail;Amphetamine-type stimulants;Methamphetamine powder;;2022;15,5;1,1;77,8;% (percent)
Europe;Western and Central Europe;Lithuania;Retail;Cocaine-type drugs;Cocaine hydrochloride;;2022;46,4;0,18;87,9;% (percent)
Europe;Western and Central Europe;Lithuania;Retail;Opioids;Heroin;;2022;30,8;0,3;64,7;% (percent)
Europe;Western and Central Europe;Lithuania;Retail;“Ecstasy”-type substances;MDMA;;2023;33,9;0,3;81,5;% (percent)
Europe;Western and Central Europe;Lithuania;Retail;Amphetamine-type stimulants;Amphetamine powder;;2023;10,4;0,4;76;% (percent)
Europe;Western and Central Europe;Lithuania;Retail;Amphetamine-type stimulants;Methamphetamine powder;;2023;17,7;0,4;76;% (percent)
Europe;Western and Central Europe;Lithuania;Retail;Cocaine-type drugs;Cocaine hydrochloride;;2023;55,3;0,1;88,7;% (percent)
Europe;Western and Central Europe;Lithuania;Retail;Opioids;Heroin;;2023;35;1,3;59,9;% (percent)
Europe;Western and Central Europe;Lithuania;Retail;ATS;Methamphetamine;;2019;16,3;1;78;% (percent)
Europe;Western and Central Europe;Lithuania;Retail;Cocaine-type;Cocaine salts;;2019;45,9;1;97;% (percent)
Europe;Western and Central Europe;Lithuania;Retail;Opioids;Heroin;;2019;21,5;0,5;57,1;% (percent)
Europe;Western and Central Europe;Lithuania;Wholesale;ATS;Amphetamine;;2019;13,6;0,4;6,82;% (percent)
Europe;Western and Central Europe;Lithuania;Wholesale;ATS;Methamphetamine;;2019;16,3;1;78;% (percent)
Europe;Western and Central Europe;Lithuania;Wholesale;Cocaine-type;Cocaine salts;;2019;45,9;1;97;% (percent)
Europe;Western and Central Europe;Lithuania;Wholesale;Opioids;Heroin;;2019;21,5;0,5;57,1;% (percent)
Europe;Western and Central Europe;Luxembourg;Retail;“Ecstasy”-type substances;MDMA;;2020;58,88;13,58;96,14;% (percent)
Europe;Western and Central Europe;Luxembourg;Retail;Amphetamine-type stimulants;Amphetamine powder;;2020;42,01;8,4;98,38;% (percent)
Europe;Western and Central Europe;Luxembourg;Retail;Amphetamine-type stimulants;Amphetamine tablets;;2020;4,31;4,23;4,38;% (percent)
Europe;Western and Central Europe;Luxembourg;Retail;Amphetamine-type stimulants;Methamphetamine powder;;2020;83,13;81,12;85,14;% (percent)
Europe;Western and Central Europe;Luxembourg;Retail;Cannabis-type drugs;Cannabis herb (marijuana);;2020;11,78;0,25;37,63;% (percent)
Europe;Western and Central Europe;Luxembourg;Retail;Cannabis-type drugs;Cannabis resin (hashish);;2020;23,79;0,34;57,27;% (percent)
Europe;Western and Central Europe;Luxembourg;Retail;Cannabis-type drugs;Cannabis-type drugs;;2020;14,5;0,25;72,73;% (percent)
Europe;Western and Central Europe;Luxembourg;Retail;Cocaine-type drugs;Cocaine hydrochloride;;2020;51,01;0,12;100;% (percent)
Europe;Western and Central Europe;Luxembourg;Retail;Cocaine-type drugs;Cocaine-type drugs;;2020;51,01;0,12;100;% (percent)
Europe;Western and Central Europe;Luxembourg;Retail;Opioids;Heroin;;2020;13,38;0,13;36,95;% (percent)
Europe;Western and Central Europe;Luxembourg;Retail;Opioids;Opioids;;2020;13,38;0,13;36,95;% (percent)
Europe;Western and Central Europe;Luxembourg;Retail;“Ecstasy”-type substances;“Ecstasy”-type substances;;2021;57,21;0,02;98,54;% (percent)
Europe;Western and Central Europe;Luxembourg;Retail;“Ecstasy”-type substances;MDMA;;2021;57,21;0,02;98,54;% (percent)
Europe;Western and Central Europe;Luxembourg;Retail;Amphetamine-type stimulants;Amphetamine powder;;2021;27,09;10,24;92,4;% (percent)
Europe;Western and Central Europe;Luxembourg;Retail;Amphetamine-type stimulants;Amphetamine tablets;;2021;0,89;0,83;0,96;% (percent)
Europe;Western and Central Europe;Luxembourg;Retail;Amphetamine-type stimulants;Amphetamine-type stimulants;;2021;19,23;0,83;92,4;% (percent)
Europe;Western and Central Europe;Luxembourg;Retail;Cannabis-type drugs;Cannabis herb (marijuana);;2021;13,39;0,28;50,62;% (percent)
Europe;Western and Central Europe;Luxembourg;Retail;Cannabis-type drugs;Cannabis resin (hashish);;2021;30,59;0,4;62,96;% (percent)
Europe;Western and Central Europe;Luxembourg;Retail;Cannabis-type drugs;Cannabis-type drugs;;2021;19,64;0,28;98,42;% (percent)
Europe;Western and Central Europe;Luxembourg;Retail;Cocaine-type drugs;Cocaine hydrochloride;;2021;56,49;5,57;100;% (percent)
Europe;Western and Central Europe;Luxembourg;Retail;Cocaine-type drugs;Cocaine-type drugs;;2021;56,49;5,57;100;% (percent)
Europe;Western and Central Europe;Luxembourg;Retail;Opioids;Heroin;;2021;14,75;1,82;58,94;% (percent)
Europe;Western and Central Europe;Luxembourg;Retail;Opioids;Opioids;;2021;14,75;1,82;58,94;% (percent)
Europe;Western and Central Europe;Luxembourg;Retail;“Ecstasy”-type substances;“Ecstasy”-type substances;;2022;47,78;0,1;91,63;% (percent)
Europe;Western and Central Europe;Luxembourg;Retail;“Ecstasy”-type substances;MDMA;;2022;47,78;0,1;91,63;% (percent)
Europe;Western and Central Europe;Luxembourg;Retail;Amphetamine-type stimulants;Amphetamine powder;;2022;52,86;19,48;86,01;% (percent)
Europe;Western and Central Europe;Luxembourg;Retail;Amphetamine-type stimulants;Amphetamine tablets;;2022;1,45;0,87;3,03;% (percent)
Europe;Western and Central Europe;Luxembourg;Retail;Amphetamine-type stimulants;Amphetamine-type stimulants;;2022;27,16;0,87;86,1;% (percent)
Europe;Western and Central Europe;Luxembourg;Retail;Cannabis-type drugs;Cannabis herb (marijuana);;2022;13,29;0,3;39,85;% (percent)
Europe;Western and Central Europe;Luxembourg;Retail;Cannabis-type drugs;Cannabis resin (hashish);;2022;32,21;0,35;73,38;% (percent)
Europe;Western and Central Europe;Luxembourg;Retail;Cannabis-type drugs;Cannabis-type drugs;;2022;22,04;0,56;73,38;% (percent)
Europe;Western and Central Europe;Luxembourg;Retail;Cocaine-type drugs;“Crack” cocaine;;2022;23,48;0,11;62,09;% (percent)
Europe;Western and Central Europe;Luxembourg;Retail;Cocaine-type drugs;Cocaine hydrochloride;;2022;65,73;0,43;100;% (percent)
Europe;Western and Central Europe;Luxembourg;Retail;Opioids;Heroin;;2022;14,05;1,34;57,75;% (percent)
Europe;Western and Central Europe;Luxembourg;Retail;Opioids;Opioids;;2022;14,05;1,34;57,75;% (percent)
Europe;Western and Central Europe;Luxembourg;Retail;“Ecstasy”-type substances;“Ecstasy”-type substances;;2023;42,75;1,59;95,68;% (percent)
Europe;Western and Central Europe;Luxembourg;Retail;“Ecstasy”-type substances;MDMA;;2023;42,75;1,59;95,68;% (percent)
Europe;Western and Central Europe;Luxembourg;Retail;Amphetamine-type stimulants;Amphetamine powder;;2023;22,93;2,04;100;% (percent)
Europe;Western and Central Europe;Luxembourg;Retail;Amphetamine-type stimulants;Amphetamine tablets;;2023;7,1;6,66;7,54;% (percent)
Europe;Western and Central Europe;Luxembourg;Retail;Amphetamine-type stimulants;Amphetamine-type stimulants;;2023;22,21;1,9;100;% (percent)
Europe;Western and Central Europe;Luxembourg;Retail;Cannabis-type drugs;Cannabis herb (marijuana);;2023;14,26;0,26;45,64;% (percent)
Europe;Western and Central Europe;Luxembourg;Retail;Cannabis-type drugs;Cannabis resin (hashish);;2023;31,76;0,29;87,84;% (percent)
Europe;Western and Central Europe;Luxembourg;Retail;Cannabis-type drugs;Cannabis-type drugs;;2023;24,43;0,26;87,84;% (percent)
Europe;Western and Central Europe;Luxembourg;Retail;Cocaine-type drugs;Cocaine hydrochloride;;2023;69,26;11,51;99,85;% (percent)
Europe;Western and Central Europe;Luxembourg;Retail;Cocaine-type drugs;Cocaine-type drugs;;2023;69,26;11,51;99,85;% (percent)
Europe;Western and Central Europe;Luxembourg;Retail;Opioids;Heroin;;2023;11,78;1,16;53,49;% (percent)
Europe;Western and Central Europe;Luxembourg;Retail;Opioids;Opioids;;2023;11,78;1,16;53,49;% (percent)
Europe;Western and Central Europe;Luxembourg;Retail;“Ecstasy”-type substances;Ecstasy-type substances;;2019;76,3;11,4;89,16;% (percent)
Europe;Western and Central Europe;Luxembourg;Retail;“Ecstasy”-type substances;Ecstasy-type substances;;2019;171,489;77,1;271,1;mg/tablet
Europe;Western and Central Europe;Luxembourg;Retail;ATS;Amphetamine;;2019;24,84;8,51;54,94;% (percent)
Europe;Western and Central Europe;Luxembourg;Retail;Cannabis-type;Hashish (resin);;2019;27,84;0,36;60,11;% (percent)
Europe;Western and Central Europe;Luxembourg;Retail;Cannabis-type;Marijuana (herb);;2019;12,81;0,28;44,47;% (percent)
Europe;Western and Central Europe;Luxembourg;Retail;Cannabis-type;Other types of cannabis;;2019;17,75;0,03;60,11;% (percent)
Europe;Western and Central Europe;Luxembourg;Retail;Cocaine-type;Cocaine salts;;2019;50,34;0,27;96,65;% (percent)
Europe;Western and Central Europe;Luxembourg;Retail;Opioids;Heroin;;2019;14,74;1,96;55,57;% (percent)
Europe;Western and Central Europe;Luxembourg;Retail;Opioids;Heroin;Beige;2019;14,67;1,96;55,4;% (percent)
Europe;Western and Central Europe;Luxembourg;Retail;Opioids;Heroin;Brown;2019;20,45;9,23;55,57;% (percent)
Europe;Western and Central Europe;Luxembourg;Retail;Opioids;Heroin;White;2019;3,55;2,28;9,99;% (percent)
Europe;Western and Central Europe;Malta;Retail;Cannabis-type drugs;Cannabis herb (marijuana);;2021;20;0,2;22;% (percent)
Europe;Western and Central Europe;Malta;Retail;Cannabis-type drugs;Cannabis resin (hashish);;2021;15;11;18;% (percent)
Europe;Western and Central Europe;Malta;Retail;Cocaine-type drugs;“Crack” cocaine;;2021;18;18;21;
Europe;Western and Central Europe;Malta;Retail;Cocaine-type drugs;Cocaine hydrochloride;;2021;22;15;80;
Europe;Western and Central Europe;Malta;Retail;Opioids;Heroin;;2021;21;18;65;
Europe;Western and Central Europe;Malta;Wholesale;Cannabis-type drugs;Cannabis herb (marijuana);;2021;20;0,2;22;% (percent)
Europe;Western and Central Europe;Malta;Wholesale;Cannabis-type drugs;Cannabis resin (hashish);;2021;15;11;18;% (percent)
Europe;Western and Central Europe;Malta;Wholesale;Cocaine-type drugs;“Crack” cocaine;;2021;18;18;21;
Europe;Western and Central Europe;Malta;Wholesale;Cocaine-type drugs;Cocaine hydrochloride;;2021;22;15;80;
Europe;Western and Central Europe;Malta;Wholesale;Opioids;Heroin;;2021;21;18;65;% (percent)
Europe;Western and Central Europe;Malta;Retail;Cannabis-type drugs;Cannabis herb (marijuana);;2022;5;0,2;25;% (percent)
Europe;Western and Central Europe;Malta;Retail;Cannabis-type drugs;Cannabis resin (hashish);;2022;12;15;18;% (percent)
Europe;Western and Central Europe;Malta;Retail;Cocaine-type drugs;“Crack” cocaine;;2022;20;15;25;% (percent)
Europe;Western and Central Europe;Malta;Retail;Cocaine-type drugs;Cocaine hydrochloride;;2022;28;15;80;% (percent)
Europe;Western and Central Europe;Malta;Retail;Opioids;Heroin;;2022;22;5;45;% (percent)
Europe;Western and Central Europe;Malta;Wholesale;Cannabis-type drugs;Cannabis herb (marijuana);;2022;5;0,2;22;% (percent)
Europe;Western and Central Europe;Malta;Wholesale;Cannabis-type drugs;Cannabis resin (hashish);;2022;12;5;18;
Europe;Western and Central Europe;Malta;Wholesale;Cocaine-type drugs;“Crack” cocaine;;2022;20;15;25;% (percent)
Europe;Western and Central Europe;Malta;Wholesale;Cocaine-type drugs;Cocaine hydrochloride;;2022;28;15;80;% (percent)
Europe;Western and Central Europe;Malta;Wholesale;Opioids;Heroin;;2022;22;5;45;
Europe;Western and Central Europe;Netherlands;Retail;“Ecstasy”-type substances;“Ecstasy”-type substances;;2020;166;;;mg/tablet
Europe;Western and Central Europe;Netherlands;Retail;Amphetamine-type stimulants;Amphetamine powder;;2020;50;;;% (percent)
Europe;Western and Central Europe;Netherlands;Retail;Cannabis-type drugs;Cannabis herb (marijuana);;2020;14,6;0,6;26,8;% (percent)
Europe;Western and Central Europe;Netherlands;Retail;Cannabis-type drugs;Cannabis resin (hashish);;2020;27,5;9,9;71,6;% (percent)
Europe;Western and Central Europe;Netherlands;Retail;Cocaine-type drugs;Cocaine hydrochloride;;2020;69;;;% (percent)
Europe;Western and Central Europe;Netherlands;Retail;Hallucinogens;Lysergic acid diethylamide (LSD);;2020;74;;;
Europe;Western and Central Europe;Netherlands;Retail;“Ecstasy”-type substances;MDMA;;2021;148;;;mg/tablet
Europe;Western and Central Europe;Netherlands;Retail;Amphetamine-type stimulants;Amphetamine powder;;2021;51,7;;;% (percent)
Europe;Western and Central Europe;Netherlands;Retail;Cannabis-type drugs;Cannabis herb (marijuana);;2021;14,6;;;% (percent)
Europe;Western and Central Europe;Netherlands;Retail;Cannabis-type drugs;Cannabis resin (hashish);;2021;24,3;;;% (percent)
Europe;Western and Central Europe;Netherlands;Retail;Cocaine-type drugs;Cocaine hydrochloride;;2021;71,3;;;% (percent)
Europe;Western and Central Europe;Netherlands;Retail;“Ecstasy”-type substances;MDMA;;2023;138;117;163;mg/tablet
Europe;Western and Central Europe;Netherlands;Retail;Amphetamine-type stimulants;Amphetamine powder;;2023;47,9;;;% (percent)
Europe;Western and Central Europe;Netherlands;Retail;Cannabis-type drugs;Cannabis herb (marijuana);;2023;17,2;3,1;25,1;% (percent)
Europe;Western and Central Europe;Netherlands;Retail;Cannabis-type drugs;Cannabis resin (hashish);;2023;26,8;0,4;61,3;% (percent)
Europe;Western and Central Europe;Netherlands;Retail;Cocaine-type drugs;Cocaine hydrochloride;;2023;72;;;% (percent)
Europe;Western and Central Europe;Netherlands;Retail;Hallucinogens;Lysergic acid diethylamide (LSD);;2023;54;;;
Europe;Western and Central Europe;Norway;Wholesale;“Ecstasy”-type substances;“Ecstasy”-type substances;;2020;166;103;233;mg/tablet
Europe;Western and Central Europe;Norway;Wholesale;Amphetamine-type stimulants;Amphetamine powder;;2020;28;1;100;% (percent)
Europe;Western and Central Europe;Norway;Wholesale;Amphetamine-type stimulants;Methamphetamine powder;;2020;26;12;55;% (percent)
Europe;Western and Central Europe;Norway;Wholesale;Cannabis-type drugs;Cannabis herb (marijuana);;2020;17;1;29;% (percent)
Europe;Western and Central Europe;Norway;Wholesale;Cannabis-type drugs;Cannabis resin (hashish);;2020;26;1;42;% (percent)
Europe;Western and Central Europe;Norway;Wholesale;Cocaine-type drugs;Cocaine hydrochloride;;2020;50;8;95;% (percent)
Europe;Western and Central Europe;Norway;Wholesale;Opioids;Heroin;;2020;15;2;63;% (percent)
Europe;Western and Central Europe;Norway;Wholesale;“Ecstasy”-type substances;MDMA;;2021;159;92;224;mg/tablet
Europe;Western and Central Europe;Norway;Wholesale;Amphetamine-type stimulants;Amphetamine powder;;2021;24;1;94;% (percent)
Europe;Western and Central Europe;Norway;Wholesale;Amphetamine-type stimulants;Methamphetamine powder;;2021;28;;;
Europe;Western and Central Europe;Norway;Wholesale;Cannabis-type drugs;Cannabis herb (marijuana);;2021;15;1;24;% (percent)
Europe;Western and Central Europe;Norway;Wholesale;Cannabis-type drugs;Cannabis resin (hashish);;2021;25;2;37;% (percent)
Europe;Western and Central Europe;Norway;Wholesale;Cocaine-type drugs;Cocaine hydrochloride;;2021;58;1;95;% (percent)
Europe;Western and Central Europe;Norway;Wholesale;Opioids;Heroin;;2021;17;10;67;% (percent)
Europe;Western and Central Europe;Norway;Wholesale;“Ecstasy”-type substances;MDMA;;2022;140;85;192;mg/tablet
Europe;Western and Central Europe;Norway;Wholesale;Amphetamine-type stimulants;Amphetamine powder;;2022;1;99;28;% (percent)
Europe;Western and Central Europe;Norway;Wholesale;Amphetamine-type stimulants;Methamphetamine powder;;2022;36;;;% (percent)
Europe;Western and Central Europe;Norway;Wholesale;Cannabis-type drugs;Cannabis herb (marijuana);;2022;15;1;27;% (percent)
Europe;Western and Central Europe;Norway;Wholesale;Cannabis-type drugs;Cannabis resin (hashish);;2022;29;3;48;% (percent)
Europe;Western and Central Europe;Norway;Wholesale;Cocaine-type drugs;Cocaine hydrochloride;;2022;78;3;98;% (percent)
Europe;Western and Central Europe;Norway;Wholesale;Opioids;Heroin;;2022;13;6;58;% (percent)
Europe;Western and Central Europe;Norway;Retail;“Ecstasy”-type substances;MDMA;;2023;136;61;196;mg/tablet
Europe;Western and Central Europe;Norway;Retail;Amphetamine-type stimulants;Amphetamine powder;;2023;20;1;65;% (percent)
Europe;Western and Central Europe;Norway;Retail;Amphetamine-type stimulants;Methamphetamine powder;;2023;31;13;46;% (percent)
Europe;Western and Central Europe;Norway;Retail;Cannabis-type drugs;Cannabis herb (marijuana);;2023;14;1;32;% (percent)
Europe;Western and Central Europe;Norway;Retail;Cannabis-type drugs;Cannabis resin (hashish);;2023;29;1;42;% (percent)
Europe;Western and Central Europe;Norway;Retail;Cocaine-type drugs;Cocaine hydrochloride;;2023;83;24;94;% (percent)
Europe;Western and Central Europe;Norway;Retail;Opioids;Heroin;;2023;11;4;18;% (percent)
Europe;Western and Central Europe;Norway;Wholesale;“Ecstasy”-type substances;MDMA;;2023;136;61;196;mg/tablet
Europe;Western and Central Europe;Norway;Wholesale;Amphetamine-type stimulants;Amphetamine powder;;2023;20;1;55;% (percent)
Europe;Western and Central Europe;Norway;Wholesale;Amphetamine-type stimulants;Methamphetamine powder;;2023;31;13;46;% (percent)
Europe;Western and Central Europe;Norway;Wholesale;Cannabis-type drugs;Cannabis herb (marijuana);;2023;14;1;32;% (percent)
Europe;Western and Central Europe;Norway;Wholesale;Cannabis-type drugs;Cannabis resin (hashish);;2023;29;1;42;% (percent)
Europe;Western and Central Europe;Norway;Wholesale;Cocaine-type drugs;Cocaine hydrochloride;;2023;89;2;97;% (percent)
Europe;Western and Central Europe;Norway;Wholesale;Opioids;Heroin;;2023;13;7;53;% (percent)
Europe;Western and Central Europe;Poland;Retail;Amphetamine-type stimulants;Amphetamine powder;;2020;13;3;97;% (percent)
Europe;Western and Central Europe;Poland;Retail;Cannabis-type drugs;Cannabis herb (marijuana);;2020;10;0,2;56;% (percent)
Europe;Western and Central Europe;Poland;Retail;Amphetamine-type stimulants;Amphetamine powder;;2022;14,64;0,9;98;% (percent)
Europe;Western and Central Europe;Poland;Retail;Cannabis-type drugs;Cannabis herb (marijuana);;2022;11,4;0,1;48,08;% (percent)
Europe;Western and Central Europe;Poland;Retail;Amphetamine-type stimulants;Amphetamine powder;;2023;10,3;0,1;86,4;% (percent)
Europe;Western and Central Europe;Poland;Retail;Cannabis-type drugs;Cannabis herb (marijuana);;2023;13;0,1;73,7;% (percent)
Europe;Western and Central Europe;Portugal;Retail;“Ecstasy”-type substances;MDMA;;2020;77,2;71,9;95,8;% (percent)
Europe;Western and Central Europe;Portugal;Retail;Cocaine-type drugs;“Crack” cocaine;;2020;24,6;15,1;53,9;% (percent)
Europe;Western and Central Europe;Portugal;Retail;Cocaine-type drugs;Cocaine hydrochloride;;2020;84;7,6;99,9;% (percent)
Europe;Western and Central Europe;Portugal;Retail;Opioids;Heroin;;2020;19,4;5;44,7;% (percent)
Europe;Western and Central Europe;Portugal;Wholesale;“Ecstasy”-type substances;MDMA;;2020;73,3;1,6;99,2;% (percent)
Europe;Western and Central Europe;Portugal;Wholesale;Amphetamine-type stimulants;Amphetamine powder;;2020;23,2;3,1;89,2;% (percent)
Europe;Western and Central Europe;Portugal;Wholesale;Cannabis-type drugs;Cannabis herb (marijuana);;2020;6,5;0,2;40,5;% (percent)
Europe;Western and Central Europe;Portugal;Wholesale;Cannabis-type drugs;Cannabis resin (hashish);;2020;17;0,2;73,7;% (percent)
Europe;Western and Central Europe;Portugal;Wholesale;Cocaine-type drugs;“Crack” cocaine;;2020;42,7;6,8;99,6;% (percent)
Europe;Western and Central Europe;Portugal;Wholesale;Cocaine-type drugs;Cocaine hydrochloride;;2020;47,8;1,5;99,5;% (percent)
Europe;Western and Central Europe;Portugal;Wholesale;Opioids;Heroin;;2020;14;0,5;52,4;% (percent)
Europe;Western and Central Europe;Portugal;Retail;“Ecstasy”-type substances;MDMA;;2021;49,7;7,1;96,8;
Europe;Western and Central Europe;Portugal;Retail;Amphetamine-type stimulants;Amphetamine powder;;2021;21,9;3,6;63;
Europe;Western and Central Europe;Portugal;Retail;Cocaine-type drugs;“Crack” cocaine;;2021;40,2;3;99,3;
Europe;Western and Central Europe;Portugal;Retail;Cocaine-type drugs;Cocaine hydrochloride;;2021;46,3;1;99,8;
Europe;Western and Central Europe;Portugal;Retail;Opioids;Heroin;;2021;11,9;1,4;42,2;
Europe;Western and Central Europe;Portugal;Wholesale;“Ecstasy”-type substances;MDMA;;2021;80,2;62,9;90,5;% (percent)
Europe;Western and Central Europe;Portugal;Wholesale;Cannabis-type drugs;Cannabis herb (marijuana);;2021;6,6;0,2;44,1;% (percent)
Europe;Western and Central Europe;Portugal;Wholesale;Cannabis-type drugs;Cannabis resin (hashish);;2021;20,7;0,2;89,2;% (percent)
Europe;Western and Central Europe;Portugal;Wholesale;Cocaine-type drugs;“Crack” cocaine;;2021;51;22;84,5;% (percent)
Europe;Western and Central Europe;Portugal;Wholesale;Cocaine-type drugs;Cocaine hydrochloride;;2021;60;9,7;98,8;% (percent)
Europe;Western and Central Europe;Portugal;Wholesale;Opioids;Heroin;;2021;18,7;8;33,1;% (percent)
Europe;Western and Central Europe;Portugal;Retail;“Ecstasy”-type substances;MDMA;;2022;;3,8;93,7;
Europe;Western and Central Europe;Portugal;Retail;Amphetamine-type stimulants;Amphetamine powder;;2022;;0,9;79;
Europe;Western and Central Europe;Portugal;Retail;Amphetamine-type stimulants;Methamphetamine powder;;2022;;37,4;44,3;
Europe;Western and Central Europe;Portugal;Retail;Cocaine-type drugs;“Crack” cocaine;;2022;30;7,8;99,4;
Europe;Western and Central Europe;Portugal;Retail;Cocaine-type drugs;Cocaine hydrochloride;;2022;17,8;1,2;98,7;
Europe;Western and Central Europe;Portugal;Retail;Opioids;Heroin;;2022;18,6;0,1;64,2;
Europe;Western and Central Europe;Portugal;Wholesale;Cannabis-type drugs;Cannabis herb (marijuana);;2022;8,5;0,1;56;% (percent)
Europe;Western and Central Europe;Portugal;Wholesale;Cannabis-type drugs;Cannabis resin (hashish);;2022;21,8;0,1;88,1;% (percent)
Europe;Western and Central Europe;Portugal;Wholesale;Cocaine-type drugs;“Crack” cocaine;;2022;;22,5;60,1;% (percent)
Europe;Western and Central Europe;Portugal;Wholesale;Cocaine-type drugs;Cocaine hydrochloride;;2022;51,3;12,8;99,7;% (percent)
Europe;Western and Central Europe;Portugal;Wholesale;Opioids;Heroin;;2022;;3,1;41,2;% (percent)
Europe;Western and Central Europe;Portugal;Retail;“Ecstasy”-type substances;MDMA;;2023;63,2;1,9;99,9;% (percent)
Europe;Western and Central Europe;Portugal;Retail;Amphetamine-type stimulants;Amphetamine powder;;2023;13,4;0,8;25,2;% (percent)
Europe;Western and Central Europe;Portugal;Retail;Amphetamine-type stimulants;Amphetamine tablets;;2023;2;0,3;6,5;% (percent)
Europe;Western and Central Europe;Portugal;Retail;Amphetamine-type stimulants;Methamphetamine powder;;2023;21,5;16,7;62,5;% (percent)
Europe;Western and Central Europe;Portugal;Retail;Cocaine-type drugs;“Crack” cocaine;;2023;0,9;99,6;46,5;% (percent)
Europe;Western and Central Europe;Portugal;Retail;Cocaine-type drugs;Cocaine hydrochloride;;2023;56,3;2,3;99,35;% (percent)
Europe;Western and Central Europe;Portugal;Retail;Opioids;Heroin;;2023;21,7;0,1;50,8;% (percent)
Europe;Western and Central Europe;Portugal;Wholesale;“Ecstasy”-type substances;MDMA;;2023;61,6;25,2;88,7;% (percent)
Europe;Western and Central Europe;Portugal;Wholesale;Cannabis-type drugs;Cannabis herb (marijuana);;2023;9,7;0,2;57,2;% (percent)
Europe;Western and Central Europe;Portugal;Wholesale;Cannabis-type drugs;Cannabis resin (hashish);;2023;29,7;80,5;0,2;% (percent)
Europe;Western and Central Europe;Portugal;Wholesale;Cannabis-type drugs;Cannabis/hashish oil;;2023;76,2;35,3;90,1;% (percent)
Europe;Western and Central Europe;Portugal;Wholesale;Cocaine-type drugs;“Crack” cocaine;;2023;39;0,6;87,8;% (percent)
Europe;Western and Central Europe;Portugal;Wholesale;Cocaine-type drugs;Cocaine hydrochloride;;2023;83,8;2,3;99,3;% (percent)
Europe;Western and Central Europe;Portugal;Wholesale;Opioids;Heroin;;2023;28,8;0,2;52,7;% (percent)
Europe;Western and Central Europe;Portugal;Retail;“Ecstasy”-type substances;Ecstasy-type substances;;2019;71,7;2,2;92,5;% (percent)
Europe;Western and Central Europe;Portugal;Retail;“Ecstasy”-type substances;Ecstasy-type substances;;2019;186;10,9;228,5;mg/tablet
Europe;Western and Central Europe;Portugal;Retail;ATS;Amphetamine;;2019;12,8;1,2;52,7;% (percent)
Europe;Western and Central Europe;Portugal;Retail;ATS;Methamphetamine;;2019;49,4;9,5;92,5;% (percent)
Europe;Western and Central Europe;Portugal;Retail;Cocaine-type;Coca paste/cocaine base;Cocaine base;2019;53,8;22;99,2;% (percent)
Europe;Western and Central Europe;Portugal;Retail;Cocaine-type;Cocaine salts;;2019;51,1;2,8;99,9;% (percent)
Europe;Western and Central Europe;Portugal;Retail;Opioids;Heroin;;2019;12;1,2;44,2;% (percent)
Europe;Western and Central Europe;Portugal;Wholesale;“Ecstasy”-type substances;Ecstasy-type substances;;2019;72,7;55;79,1;% (percent)
Europe;Western and Central Europe;Portugal;Wholesale;ATS;Amphetamine;;2019;23,7;23,7;23,7;% (percent)
Europe;Western and Central Europe;Portugal;Wholesale;Cannabis-type;Cannabis oil;;2019;24,1;24,1;24,1;% (percent)
Europe;Western and Central Europe;Portugal;Wholesale;Cannabis-type;Hashish (resin);;2019;15,4;0,5;51,4;% (percent)
Europe;Western and Central Europe;Portugal;Wholesale;Cannabis-type;Marijuana (herb);;2019;10,9;0,5;52,1;% (percent)
Europe;Western and Central Europe;Portugal;Wholesale;Cocaine-type;Coca paste/cocaine base;Cocaine base;2019;47,4;14,5;60;% (percent)
Europe;Western and Central Europe;Portugal;Wholesale;Cocaine-type;Cocaine salts;;2019;81,6;24,1;99,3;% (percent)
Europe;Western and Central Europe;Portugal;Wholesale;Opioids;Heroin;;2019;24,8;4,7;43,3;% (percent)
Europe;Western and Central Europe;Slovakia;Retail;“Ecstasy”-type substances;MDMA;;2020;145;34;282;mg/tablet
Europe;Western and Central Europe;Slovakia;Retail;Amphetamine-type stimulants;Amphetamine tablets;;2020;13,4;2;22,9;% (percent)
Europe;Western and Central Europe;Slovakia;Retail;Amphetamine-type stimulants;Methamphetamine powder;;2020;55,8;0,1;80,3;% (percent)
Europe;Western and Central Europe;Slovakia;Retail;Cannabis-type drugs;Cannabis herb (marijuana);;2020;10,3;0,1;46,4;% (percent)
Europe;Western and Central Europe;Slovakia;Retail;Cannabis-type drugs;Cannabis resin (hashish);;2020;13,6;0,1;32,5;% (percent)
Europe;Western and Central Europe;Slovakia;Retail;Cocaine-type drugs;Cocaine hydrochloride;;2020;51,2;15,9;85,9;% (percent)
Europe;Western and Central Europe;Slovakia;Retail;Opioids;Heroin;;2020;16,1;7,1;47,1;% (percent)
Europe;Western and Central Europe;Slovakia;Retail;Amphetamine-type stimulants;Methamphetamine powder;;2021;55;10;85;% (percent)
Europe;Western and Central Europe;Slovakia;Retail;Cannabis-type drugs;Cannabis herb (marijuana);;2021;20;0,2;40;% (percent)
Europe;Western and Central Europe;Slovakia;Retail;Cocaine-type drugs;Cocaine hydrochloride;;2021;20;0,2;40;% (percent)
Europe;Western and Central Europe;Slovakia;Retail;Opioids;Heroin;;2021;20;0,5;25;% (percent)
Europe;Western and Central Europe;Slovakia;Retail;Cannabis-type drugs;Cannabis-type drugs;;2023;15;3;40;% (percent)
Europe;Western and Central Europe;Slovakia;Retail;Cocaine-type drugs;Cocaine hydrochloride;;2023;30;20;80;% (percent)
Europe;Western and Central Europe;Slovakia;Retail;Opioids;Morphine;;2023;3;2;10;% (percent)
Europe;Western and Central Europe;Slovakia;Retail;“Ecstasy”-type substances;Ecstasy-type substances;;2019;141;19;223;mg/tablet
Europe;Western and Central Europe;Slovakia;Retail;ATS;Amphetamine;;2019;35;6;74;mg/tablet
Europe;Western and Central Europe;Slovakia;Retail;ATS;Methamphetamine;;2019;56;1;80;% (percent)
Europe;Western and Central Europe;Slovakia;Retail;Cannabis-type;Hashish (resin);;2019;16;1;42;% (percent)
Europe;Western and Central Europe;Slovakia;Retail;Cannabis-type;Marijuana (herb);;2019;10;1;42;% (percent)
Europe;Western and Central Europe;Slovakia;Retail;Cocaine-type;Cocaine salts;;2019;53;12;88;% (percent)
Europe;Western and Central Europe;Slovakia;Retail;Opioids;Heroin;;2019;10;3;24;% (percent)
Europe;Western and Central Europe;Slovenia;Retail;“Ecstasy”-type substances;MDMA;;2021;75,3;36,7;78,4;% (percent)
Europe;Western and Central Europe;Slovenia;Retail;Amphetamine-type stimulants;Amphetamine powder;;2021;26,8;2,5;73,1;% (percent)
Europe;Western and Central Europe;Slovenia;Retail;Amphetamine-type stimulants;Methamphetamine powder;;2021;80;80;80;% (percent)
Europe;Western and Central Europe;Slovenia;Retail;Cannabis-type drugs;Cannabis herb (marijuana);;2021;3,7;0;16,9;% (percent)
Europe;Western and Central Europe;Slovenia;Retail;Cannabis-type drugs;Cannabis resin (hashish);;2021;12,1;0,7;32,6;% (percent)
Europe;Western and Central Europe;Slovenia;Retail;Cannabis-type drugs;Cannabis/hashish oil;;2021;28,5;25,3;31,6;% (percent)
Europe;Western and Central Europe;Slovenia;Retail;Cocaine-type drugs;Cocaine hydrochloride;;2021;75,6;23,4;88,3;% (percent)
Europe;Western and Central Europe;Slovenia;Retail;Opioids;Heroin;;2021;17,1;4;54,8;% (percent)
Europe;Western and Central Europe;Slovenia;Wholesale;“Ecstasy”-type substances;MDMA;;2021;138;12;220;mg/tablet
Europe;Western and Central Europe;Slovenia;Retail;“Ecstasy”-type substances;MDMA;;2022;119,5;112,2;126,8;mg/tablet
Europe;Western and Central Europe;Slovenia;Retail;Amphetamine-type stimulants;Amphetamine powder;;2022;15;2,7;32;% (percent)
Europe;Western and Central Europe;Slovenia;Retail;Amphetamine-type stimulants;Methamphetamine powder;;2022;79,4;79,1;79,7;% (percent)
Europe;Western and Central Europe;Slovenia;Retail;Cannabis-type drugs;Cannabis herb (marijuana);;2022;2,3;0;18,8;% (percent)
Europe;Western and Central Europe;Slovenia;Retail;Cocaine-type drugs;Cocaine hydrochloride;;2022;68,4;12,4;87,5;% (percent)
Europe;Western and Central Europe;Slovenia;Retail;Opioids;Heroin;;2022;18,1;7,8;53,3;% (percent)
Europe;Western and Central Europe;Slovenia;Retail;“Ecstasy”-type substances;MDMA;;2023;77,5;;;% (percent)
Europe;Western and Central Europe;Slovenia;Retail;Amphetamine-type stimulants;Amphetamine powder;;2023;19,5;;;% (percent)
Europe;Western and Central Europe;Slovenia;Retail;Amphetamine-type stimulants;Methamphetamine powder;;2023;80;;;% (percent)
Europe;Western and Central Europe;Slovenia;Retail;Cannabis-type drugs;Cannabis herb (marijuana);;2023;9,9;;;% (percent)
Europe;Western and Central Europe;Slovenia;Retail;Cannabis-type drugs;Cannabis resin (hashish);;2023;14,1;;;
Europe;Western and Central Europe;Slovenia;Retail;Cocaine-type drugs;Cocaine hydrochloride;;2023;76,5;;;% (percent)
Europe;Western and Central Europe;Slovenia;Retail;Opioids;Heroin;;2023;15,8;;;% (percent)
Europe;Western and Central Europe;Spain;Retail;Cocaine-type drugs;Cocaine hydrochloride;;2020;33,5;32;35;% (percent)
Europe;Western and Central Europe;Spain;Retail;Opioids;Heroin;;2020;21;20;22;% (percent)
Europe;Western and Central Europe;Spain;Wholesale;Cocaine-type drugs;Cocaine hydrochloride;;2020;71,5;71;72;% (percent)
Europe;Western and Central Europe;Spain;Wholesale;Opioids;Heroin;;2020;41,5;41;42;% (percent)
Europe;Western and Central Europe;Spain;Retail;Cocaine-type drugs;Cocaine hydrochloride;;2021;34;;;% (percent)
Europe;Western and Central Europe;Spain;Retail;Opioids;Heroin;;2021;22;;;% (percent)
Europe;Western and Central Europe;Spain;Wholesale;Cocaine-type drugs;Cocaine hydrochloride;;2021;72;;;% (percent)
Europe;Western and Central Europe;Spain;Wholesale;Opioids;Heroin;;2021;43;;;% (percent)
Europe;Western and Central Europe;Spain;Retail;Cocaine-type drugs;Cocaine hydrochloride;;2022;35;;;% (percent)
Europe;Western and Central Europe;Spain;Retail;Opioids;Heroin;;2022;23,5;;;% (percent)
Europe;Western and Central Europe;Spain;Wholesale;Cocaine-type drugs;Cocaine hydrochloride;;2022;71;;;% (percent)
Europe;Western and Central Europe;Spain;Wholesale;Opioids;Heroin;;2022;42;;;% (percent)
Europe;Western and Central Europe;Spain;Retail;Cocaine-type drugs;Cocaine hydrochloride;;2023;35;;;% (percent)
Europe;Western and Central Europe;Spain;Retail;Opioids;Heroin;;2023;24;;;% (percent)
Europe;Western and Central Europe;Spain;Wholesale;Cocaine-type drugs;Cocaine hydrochloride;;2023;72,5;;;% (percent)
Europe;Western and Central Europe;Spain;Wholesale;Opioids;Heroin;;2023;42,5;;;% (percent)
Europe;Western and Central Europe;Spain;Retail;Cocaine-type;Cocaine salts;;2019;45;;;% (percent)
Europe;Western and Central Europe;Spain;Wholesale;Cocaine-type;Cocaine salts;;2019;69,5;;;% (percent)
Europe;Western and Central Europe;Spain;Wholesale;Opioids;Heroin;;2019;40,5;;;% (percent)
Europe;Western and Central Europe;Sweden;Retail;Amphetamine-type stimulants;Amphetamine powder;;2020;35;;;% (percent)
Europe;Western and Central Europe;Sweden;Retail;Cocaine-type drugs;Cocaine hydrochloride;;2020;45;;;% (percent)
Europe;Western and Central Europe;Sweden;Retail;Opioids;Heroin;;2020;23;;;% (percent)
Europe;Western and Central Europe;Sweden;Wholesale;“Ecstasy”-type substances;MDMA;;2020;138;;;mg/tablet
Europe;Western and Central Europe;Sweden;Wholesale;Amphetamine-type stimulants;Amphetamine powder;;2020;33;;;% (percent)
Europe;Western and Central Europe;Sweden;Wholesale;Amphetamine-type stimulants;Methamphetamine powder;;2020;97;;;% (percent)
Europe;Western and Central Europe;Sweden;Wholesale;Cannabis-type drugs;Cannabis herb (marijuana);;2020;9;;16;% (percent)
Europe;Western and Central Europe;Sweden;Wholesale;Cannabis-type drugs;Cannabis resin (hashish);;2020;27;1;35;% (percent)
Europe;Western and Central Europe;Sweden;Wholesale;Cocaine-type drugs;Cocaine hydrochloride;;2020;80;;;% (percent)
Europe;Western and Central Europe;Sweden;Wholesale;Opioids;Heroin;;2020;26;;;% (percent)
Europe;Western and Central Europe;Sweden;Retail;Amphetamine-type stimulants;Amphetamine powder;;2021;42;1;100;% (percent)
Europe;Western and Central Europe;Sweden;Retail;Cocaine-type drugs;Cocaine hydrochloride;;2021;71;2;90;% (percent)
Europe;Western and Central Europe;Sweden;Retail;Opioids;Heroin;;2021;24;12;35;% (percent)
Europe;Western and Central Europe;Sweden;Wholesale;“Ecstasy”-type substances;MDMA;;2021;164;65;216;mg/tablet
Europe;Western and Central Europe;Sweden;Wholesale;Amphetamine-type stimulants;Amphetamine powder;;2021;29;2;69;% (percent)
Europe;Western and Central Europe;Sweden;Wholesale;Cannabis-type drugs;Cannabis herb (marijuana);;2021;12;4;16;% (percent)
Europe;Western and Central Europe;Sweden;Wholesale;Cannabis-type drugs;Cannabis resin (hashish);;2021;25;6;33;% (percent)
Europe;Western and Central Europe;Sweden;Wholesale;Cocaine-type drugs;Cocaine hydrochloride;;2021;63;9;92;% (percent)
Europe;Western and Central Europe;Sweden;Wholesale;Opioids;Heroin;;2021;19;2;33;% (percent)
Europe;Western and Central Europe;Sweden;Retail;Amphetamine-type stimulants;Amphetamine powder;;2022;38;13;88;% (percent)
Europe;Western and Central Europe;Sweden;Retail;Cocaine-type drugs;Cocaine hydrochloride;;2022;83;17;88;% (percent)
Europe;Western and Central Europe;Sweden;Retail;Opioids;Heroin;;2022;17;5;28;% (percent)
Europe;Western and Central Europe;Sweden;Wholesale;Amphetamine-type stimulants;Amphetamine powder;;2022;26;3;60;% (percent)
Europe;Western and Central Europe;Sweden;Wholesale;Cannabis-type drugs;Cannabis herb (marijuana);;2022;14;6;19;% (percent)
Europe;Western and Central Europe;Sweden;Wholesale;Cannabis-type drugs;Cannabis resin (hashish);;2022;29;9;35;% (percent)
Europe;Western and Central Europe;Sweden;Wholesale;Cocaine-type drugs;Cocaine hydrochloride;;2022;79;19;91;% (percent)
Europe;Western and Central Europe;Sweden;Wholesale;Opioids;Heroin;;2022;20;10;55;% (percent)
Europe;Western and Central Europe;Sweden;Wholesale;Amphetamine-type stimulants;Amphetamine powder;;2023;29;3;46;% (percent)
Europe;Western and Central Europe;Sweden;Wholesale;Cannabis-type drugs;Cannabis herb (marijuana);;2023;14;6;17;% (percent)
Europe;Western and Central Europe;Sweden;Wholesale;Cannabis-type drugs;Cannabis resin (hashish);;2023;28;4;34;% (percent)
Europe;Western and Central Europe;Sweden;Wholesale;Cocaine-type drugs;Cocaine hydrochloride;;2023;84;19;90;% (percent)
Europe;Western and Central Europe;Sweden;Wholesale;Opioids;Heroin;;2023;17;3;27;% (percent)
Europe;Western and Central Europe;Sweden;Retail;“Ecstasy”-type substances;Ecstasy-type substances;;2019;84;;;% (percent)
Europe;Western and Central Europe;Sweden;Retail;“Ecstasy”-type substances;Ecstasy-type substances;;2019;190;;;mg/tablet
Europe;Western and Central Europe;Sweden;Retail;ATS;Amphetamine;;2019;31;;;% (percent)
Europe;Western and Central Europe;Sweden;Retail;ATS;Methamphetamine;;2019;88;;;% (percent)
Europe;Western and Central Europe;Sweden;Retail;Cannabis-type;Hashish (resin);;2019;12;;;% (percent)
Europe;Western and Central Europe;Sweden;Retail;Cannabis-type;Marijuana (herb);;2019;27;;;% (percent)
Europe;Western and Central Europe;Sweden;Retail;Cocaine-type;Cocaine salts;;2019;65;;;% (percent)
Europe;Western and Central Europe;Sweden;Retail;Opioids;Heroin;;2019;22;;;% (percent)
Europe;Western and Central Europe;Switzerland;Retail;“Ecstasy”-type substances;MDMA;;2022;154;40,5;560;mg/tablet
Europe;Western and Central Europe;Switzerland;Retail;Amphetamine-type stimulants;Amphetamine powder;;2022;14,4;1,2;73,5;% (percent)
Europe;Western and Central Europe;Switzerland;Retail;Amphetamine-type stimulants;Methamphetamine tablets;;2022;14,4;2,1;17,3;mg/tablet
Europe;Western and Central Europe;Switzerland;Retail;Cannabis-type drugs;Cannabis herb (marijuana);;2022;13,44;1;31,86;% (percent)
Europe;Western and Central Europe;Switzerland;Retail;Cannabis-type drugs;Cannabis resin (hashish);;2022;28;;52,64;% (percent)
Europe;Western and Central Europe;Switzerland;Retail;Cannabis-type drugs;Cannabis/hashish oil;;2022;;;85,38;% (percent)
Europe;Western and Central Europe;Switzerland;Retail;Cocaine-type drugs;Cocaine hydrochloride;;2022;88,8;3,5;100;% (percent)
Europe;Western and Central Europe;Switzerland;Retail;Opioids;Opioids;;2022;19,1;0,7;66,4;% (percent)
Europe;Western and Central Europe;United Kingdom;Retail;“Ecstasy”-type substances;MDMA;;2020;77;3;89;% (percent)
Europe;Western and Central Europe;United Kingdom;Retail;Amphetamine-type stimulants;Amphetamine powder;;2020;12;1;73;% (percent)
Europe;Western and Central Europe;United Kingdom;Retail;Amphetamine-type stimulants;Methamphetamine powder;;2020;71;1;82;% (percent)
Europe;Western and Central Europe;United Kingdom;Retail;Cocaine-type drugs;“Crack” cocaine;;2020;67;1;100;% (percent)
Europe;Western and Central Europe;United Kingdom;Retail;Cocaine-type drugs;Cocaine hydrochloride;;2020;63;1;96;% (percent)
Europe;Western and Central Europe;United Kingdom;Retail;Opioids;Heroin;;2020;43;1;87;% (percent)
Europe;Western and Central Europe;United Kingdom;Wholesale;“Ecstasy”-type substances;MDMA;;2020;80;1;90;% (percent)
Europe;Western and Central Europe;United Kingdom;Wholesale;Amphetamine-type stimulants;Amphetamine powder;;2020;9;1;72;% (percent)
Europe;Western and Central Europe;United Kingdom;Wholesale;Amphetamine-type stimulants;Methamphetamine powder;;2020;76;12;85;% (percent)
Europe;Western and Central Europe;United Kingdom;Wholesale;Cocaine-type drugs;“Crack” cocaine;;2020;55;1;100;% (percent)
Europe;Western and Central Europe;United Kingdom;Wholesale;Cocaine-type drugs;Cocaine hydrochloride;;2020;69;1;98;% (percent)
Europe;Western and Central Europe;United Kingdom;Wholesale;Opioids;Heroin;;2020;47;1;82;% (percent)
Europe;Western and Central Europe;United Kingdom;Retail;“Ecstasy”-type substances;MDMA;;2021;82;;;% (percent)
Europe;Western and Central Europe;United Kingdom;Retail;Amphetamine-type stimulants;Amphetamine powder;;2021;11;;;% (percent)
Europe;Western and Central Europe;United Kingdom;Retail;Amphetamine-type stimulants;Methamphetamine powder;;2021;82;;;% (percent)
Europe;Western and Central Europe;United Kingdom;Retail;Cocaine-type drugs;“Crack” cocaine;;2021;66;;;% (percent)
Europe;Western and Central Europe;United Kingdom;Retail;Cocaine-type drugs;Cocaine hydrochloride;;2021;60;;;% (percent)
Europe;Western and Central Europe;United Kingdom;Retail;Opioids;Heroin;;2021;34;;;% (percent)
Europe;Western and Central Europe;United Kingdom;Wholesale;“Ecstasy”-type substances;MDMA;;2021;78;;;% (percent)
Europe;Western and Central Europe;United Kingdom;Wholesale;Amphetamine-type stimulants;Amphetamine powder;;2021;8;;;% (percent)
Europe;Western and Central Europe;United Kingdom;Wholesale;Amphetamine-type stimulants;Methamphetamine powder;;2021;78;;;% (percent)
Europe;Western and Central Europe;United Kingdom;Wholesale;Cocaine-type drugs;“Crack” cocaine;;2021;59;;;% (percent)
Europe;Western and Central Europe;United Kingdom;Wholesale;Cocaine-type drugs;Cocaine hydrochloride;;2021;68;;;% (percent)
Europe;Western and Central Europe;United Kingdom;Wholesale;Opioids;Heroin;;2021;45;;;% (percent)
Europe;Western and Central Europe;United Kingdom;Retail;Cocaine-type drugs;“Crack” cocaine;;2022;75;;;% (percent)
Europe;Western and Central Europe;United Kingdom;Retail;Cocaine-type drugs;Cocaine hydrochloride;;2022;66;;;% (percent)
Europe;Western and Central Europe;United Kingdom;Retail;Opioids;Opioids;;2022;43;;;% (percent)
Europe;Western and Central Europe;United Kingdom;Wholesale;Cocaine-type drugs;“Crack” cocaine;;2022;72;;;% (percent)
Europe;Western and Central Europe;United Kingdom;Wholesale;Cocaine-type drugs;Cocaine hydrochloride;;2022;71;;;% (percent)
Europe;Western and Central Europe;United Kingdom;Wholesale;Opioids;Heroin;;2022;49;;;% (percent)
Europe;Western and Central Europe;United Kingdom;Retail;Cocaine-type drugs;“Crack” cocaine;;2023;78;;;% (percent)
Europe;Western and Central Europe;United Kingdom;Retail;Cocaine-type drugs;Cocaine hydrochloride;;2023;72;;;% (percent)
Europe;Western and Central Europe;United Kingdom;Retail;Opioids;Heroin;;2023;33;;;% (percent)
Europe;Western and Central Europe;United Kingdom;Wholesale;Cocaine-type drugs;“Crack” cocaine;;2023;65;;;% (percent)
Europe;Western and Central Europe;United Kingdom;Wholesale;Cocaine-type drugs;Cocaine hydrochloride;;2023;71;;;% (percent)
Europe;Western and Central Europe;United Kingdom;Wholesale;Opioids;Heroin;;2023;44;;;% (percent)
Europe;Western and Central Europe;United Kingdom;Retail;“Ecstasy”-type substances;Ecstasy-type substances;;2019;77;5;89;% (percent)
Europe;Western and Central Europe;United Kingdom;Retail;ATS;Amphetamine;;2019;13;1;67;% (percent)
Europe;Western and Central Europe;United Kingdom;Retail;ATS;Methamphetamine;;2019;79;12;87;% (percent)
Europe;Western and Central Europe;United Kingdom;Retail;Cocaine-type;Coca paste/cocaine base;Cocaine base;2019;74;5;100;% (percent)
Europe;Western and Central Europe;United Kingdom;Retail;Cocaine-type;Cocaine salts;;2019;66;1;100;% (percent)
Europe;Western and Central Europe;United Kingdom;Retail;Cocaine-type;Crack;;2019;74;5;100;% (percent)
Europe;Western and Central Europe;United Kingdom;Retail;Opioids;Heroin;Heroin no 2 (Heroin base);2019;48;1;84;% (percent)
Europe;Western and Central Europe;United Kingdom;Wholesale;“Ecstasy”-type substances;Ecstasy-type substances;;2019;71;12;92;% (percent)
Europe;Western and Central Europe;United Kingdom;Wholesale;ATS;Amphetamine;;2019;13;1;72;% (percent)
Europe;Western and Central Europe;United Kingdom;Wholesale;ATS;Methamphetamine;;2019;64;33;82;% (percent)
Europe;Western and Central Europe;United Kingdom;Wholesale;Cocaine-type;Coca paste/cocaine base;Cocaine base;2019;66;1;97;% (percent)
Europe;Western and Central Europe;United Kingdom;Wholesale;Cocaine-type;Crack;;2019;66;1;97;% (percent)
Europe;Western and Central Europe;United Kingdom;Wholesale;Opioids;Heroin;Heroin no 2 (Heroin base);2019;49;1;84;% (percent)
Oceania;Australia and New Zealand;Australia;Retail;“Ecstasy”-type substances;“Ecstasy”-type substances;;2020;48,4;0,9;90,9;% (percent)
Oceania;Australia and New Zealand;Australia;Retail;“Ecstasy”-type substances;MDMA;;2020;56,34596;0,9;90,9;% (percent)
Oceania;Australia and New Zealand;Australia;Retail;Amphetamine-type stimulants;Amphetamine powder;;2020;10;0,6;18,2;% (percent)
Oceania;Australia and New Zealand;Australia;Retail;Amphetamine-type stimulants;Amphetamine-type stimulants;;2020;77,6;0,3;100;% (percent)
Oceania;Australia and New Zealand;Australia;Retail;Amphetamine-type stimulants;Methamphetamine powder;;2020;67,78333;0,3;100;% (percent)
Oceania;Australia and New Zealand;Australia;Retail;Cocaine-type drugs;Cocaine hydrochloride;;2020;51,09306;0,8;100;% (percent)
Oceania;Australia and New Zealand;Australia;Retail;Hallucinogens;Lysergic acid diethylamide (LSD);;2020;63,3;0,2;200;mg/tablet
Oceania;Australia and New Zealand;Australia;Retail;Opioids;Heroin;;2020;56,42222;0,8;87,4;% (percent)
Oceania;Australia and New Zealand;Australia;Retail;Sedatives and tranquilizers (please specify);Gamma-Butyrolactone (GBL);;2020;95,25;91;97,5;% (percent)
Oceania;Australia and New Zealand;Australia;Wholesale;“Ecstasy”-type substances;“Ecstasy”-type substances;;2020;43,5;0,7;84;% (percent)
Oceania;Australia and New Zealand;Australia;Wholesale;“Ecstasy”-type substances;MDMA;;2020;50,54807;1;85;% (percent)
Oceania;Australia and New Zealand;Australia;Wholesale;Amphetamine-type stimulants;Amphetamine powder;;2020;20,25;6;48,4;% (percent)
Oceania;Australia and New Zealand;Australia;Wholesale;Amphetamine-type stimulants;Amphetamine-type stimulants;;2020;75,9;0,3;98,4;% (percent)
Oceania;Australia and New Zealand;Australia;Wholesale;Amphetamine-type stimulants;Methamphetamine powder;;2020;70,53142;0,3;98,4;% (percent)
Oceania;Australia and New Zealand;Australia;Wholesale;Cocaine-type drugs;Cocaine hydrochloride;;2020;57,19;1;87,5;% (percent)
Oceania;Australia and New Zealand;Australia;Wholesale;Hallucinogens;Lysergic acid diethylamide (LSD);;2020;93;93;93;% (percent)
Oceania;Australia and New Zealand;Australia;Wholesale;Opioids;Heroin;;2020;53,515;0,7;89,1;% (percent)
Oceania;Australia and New Zealand;Australia;Wholesale;Sedatives and tranquilizers (please specify);Gamma-Butyrolactone (GBL);;2020;93,86066;80;99;% (percent)
Oceania;Australia and New Zealand;Australia;Retail;“Ecstasy”-type substances;“Ecstasy”-type substances;;2021;39,24;0,8;88;% (percent)
Oceania;Australia and New Zealand;Australia;Retail;“Ecstasy”-type substances;MDMA;;2021;40,63;1,5;88;% (percent)
Oceania;Australia and New Zealand;Australia;Retail;Amphetamine-type stimulants;Amphetamine powder;;2021;8;0,7;15,3;% (percent)
Oceania;Australia and New Zealand;Australia;Retail;Amphetamine-type stimulants;Amphetamine-type stimulants;;2021;79,81;0,3;99,9;% (percent)
Oceania;Australia and New Zealand;Australia;Retail;Amphetamine-type stimulants;Methamphetamine powder;;2021;79,89;0,3;99,9;% (percent)
Oceania;Australia and New Zealand;Australia;Retail;Cocaine-type drugs;Cocaine hydrochloride;;2021;38,47;1,1;89;% (percent)
Oceania;Australia and New Zealand;Australia;Retail;Opioids;Heroin;;2021;47,73;1,5;87,4;% (percent)
Oceania;Australia and New Zealand;Australia;Wholesale;“Ecstasy”-type substances;“Ecstasy”-type substances;;2021;27,88;0,4;90;% (percent)
Oceania;Australia and New Zealand;Australia;Wholesale;“Ecstasy”-type substances;MDMA;;2021;28,82;0,4;90;% (percent)
Oceania;Australia and New Zealand;Australia;Wholesale;Amphetamine-type stimulants;Amphetamine powder;;2021;5,4;0,7;14,8;% (percent)
Oceania;Australia and New Zealand;Australia;Wholesale;Amphetamine-type stimulants;Amphetamine-type stimulants;;2021;78,29;0,1;100;% (percent)
Oceania;Australia and New Zealand;Australia;Wholesale;Amphetamine-type stimulants;Methamphetamine powder;;2021;78,97;0,29;100;% (percent)
Oceania;Australia and New Zealand;Australia;Wholesale;Cocaine-type drugs;Cocaine hydrochloride;;2021;44,3;1;89;% (percent)
Oceania;Australia and New Zealand;Australia;Wholesale;Opioids;Heroin;;2021;46,98;3,4;83,8;% (percent)
Oceania;Australia and New Zealand;Australia;Retail;“Ecstasy”-type substances;MDMA;;2022;;0,6;90,9;% (percent)
Oceania;Australia and New Zealand;Australia;Retail;Amphetamine-type stimulants;Amphetamine powder;;2022;;2,2;4;% (percent)
Oceania;Australia and New Zealand;Australia;Retail;Amphetamine-type stimulants;Methamphetamine powder;;2022;;0,3;100;% (percent)
Oceania;Australia and New Zealand;Australia;Retail;Amphetamine-type stimulants;Methamphetamine tablets;;2022;;2,2;83,7;% (percent)
Oceania;Australia and New Zealand;Australia;Retail;Cocaine-type drugs;Cocaine hydrochloride;;2022;;1,3;95,7;% (percent)
Oceania;Australia and New Zealand;Australia;Retail;Opioids;Heroin;;2022;;1,1;97,5;% (percent)
Oceania;Australia and New Zealand;Australia;Retail;Sedatives and tranquilizers (please specify);Gamma-Butyrolactone (GBL);;2022;;92;96;% (percent)
Oceania;Australia and New Zealand;Australia;Wholesale;“Ecstasy”-type substances;MDMA;;2022;;0,4;85;% (percent)
Oceania;Australia and New Zealand;Australia;Wholesale;Amphetamine-type stimulants;Amphetamine powder;;2022;;8;84,1;% (percent)
Oceania;Australia and New Zealand;Australia;Wholesale;Amphetamine-type stimulants;Methamphetamine powder;;2022;;0,6;100;% (percent)
Oceania;Australia and New Zealand;Australia;Wholesale;Amphetamine-type stimulants;Methamphetamine tablets;;2022;;1,8;4;% (percent)
Oceania;Australia and New Zealand;Australia;Wholesale;Cocaine-type drugs;Cocaine hydrochloride;;2022;;1;88;% (percent)
Oceania;Australia and New Zealand;Australia;Wholesale;Opioids;Heroin;;2022;;2,7;84;% (percent)
Oceania;Australia and New Zealand;Australia;Wholesale;Sedatives and tranquilizers (please specify);Gamma-Butyrolactone (GBL);;2022;;84;96,5;% (percent)
Oceania;Australia and New Zealand;Australia;Retail;“Ecstasy”-type substances;“Ecstasy”-type substances;;2023;;2,4;89;% (percent)
Oceania;Australia and New Zealand;Australia;Retail;“Ecstasy”-type substances;MDMA;;2023;;2,4;89;% (percent)
Oceania;Australia and New Zealand;Australia;Retail;Amphetamine-type stimulants;Amphetamine powder;;2023;;1,5;75;% (percent)
Oceania;Australia and New Zealand;Australia;Retail;Amphetamine-type stimulants;Amphetamine-type stimulants;;2023;81,2;0,3;100;% (percent)
Oceania;Australia and New Zealand;Australia;Retail;Amphetamine-type stimulants;Methamphetamine powder;;2023;;1;100;% (percent)
Oceania;Australia and New Zealand;Australia;Retail;Cocaine-type drugs;Cocaine hydrochloride;;2023;;1;95,2;% (percent)
Oceania;Australia and New Zealand;Australia;Retail;Hallucinogens;Lysergic acid diethylamide (LSD);;2023;0,06;0,0167;0,1168;mg/tablet
Oceania;Australia and New Zealand;Australia;Retail;Opioids;Opium;;2023;;3,6;92,1;% (percent)
Oceania;Australia and New Zealand;Australia;Wholesale;“Ecstasy”-type substances;“Ecstasy”-type substances;;2023;;1,9;88;% (percent)
Oceania;Australia and New Zealand;Australia;Wholesale;“Ecstasy”-type substances;MDMA;;2023;;1;88;% (percent)
Oceania;Australia and New Zealand;Australia;Wholesale;Amphetamine-type stimulants;Amphetamine powder;;2023;;1,5;74;% (percent)
Oceania;Australia and New Zealand;Australia;Wholesale;Amphetamine-type stimulants;Amphetamine-type stimulants;;2023;80,2;0,7;100;% (percent)
Oceania;Australia and New Zealand;Australia;Wholesale;Amphetamine-type stimulants;Methamphetamine powder;;2023;;1;100;% (percent)
Oceania;Australia and New Zealand;Australia;Wholesale;Cocaine-type drugs;Cocaine hydrochloride;;2023;;1;92;% (percent)
Oceania;Australia and New Zealand;Australia;Wholesale;Hallucinogens;Lysergic acid diethylamide (LSD);;2023;0,0591;0,034;0,118;mg/tablet
Oceania;Australia and New Zealand;Australia;Wholesale;Opioids;Opium;;2023;;6,3;83;% (percent)
Oceania;Australia and New Zealand;Australia;Wholesale;Sedatives and tranquilizers (please specify);Gamma-Butyrolactone (GBL);;2023;66,1;43;99,5;% (percent)
Oceania;Australia and New Zealand;Australia;Retail;“Ecstasy”-type substances;Ecstasy-type substances;;2019;45;30;70;mg/tablet
Oceania;Australia and New Zealand;Australia;Retail;“Ecstasy”-type substances;Ecstasy-type substances;;2019;71,37;1;86;% (percent)
Oceania;Australia and New Zealand;Australia;Retail;ATS;Methamphetamine;;2019;77,85;1;89;% (percent)
Oceania;Australia and New Zealand;Australia;Retail;Cocaine-type;Cocaine salts;;2019;57,04;1,5;96;% (percent)
Oceania;Australia and New Zealand;Australia;Retail;Opioids;Heroin;;2019;70;10;90,5;% (percent)
Oceania;Australia and New Zealand;Australia;Retail;Substances not under international control;Ketamine and phencyclidine-type substances;Ketamine;2019;66,15;39,5;88;% (percent)
Oceania;Australia and New Zealand;Australia;Wholesale;“Ecstasy”-type substances;Ecstasy-type substances;;2019;65;30;140;mg/tablet
Oceania;Australia and New Zealand;Australia;Wholesale;“Ecstasy”-type substances;Ecstasy-type substances;;2019;76,33;47,5;84;% (percent)
Oceania;Australia and New Zealand;Australia;Wholesale;ATS;Methamphetamine;;2019;79,3;1;89;% (percent)
Oceania;Australia and New Zealand;Australia;Wholesale;Cocaine-type;Cocaine salts;;2019;73,91;1;92;% (percent)
Oceania;Australia and New Zealand;Australia;Wholesale;Opioids;Heroin;;2019;78,83;14;79,5;% (percent)
Oceania;Australia and New Zealand;Australia;Wholesale;Substances not under international control;Ketamine and phencyclidine-type substances;Ketamine;2019;79,5;79,5;79,5;% (percent)
Oceania;Australia and New Zealand;New Zealand;Retail;“Ecstasy”-type substances;MDMA;;2021;71;27;84;% (percent)
Oceania;Australia and New Zealand;New Zealand;Retail;Amphetamine-type stimulants;Methamphetamine powder;;2021;71;1;80;% (percent)
Oceania;Australia and New Zealand;New Zealand;Retail;Cocaine-type drugs;Cocaine hydrochloride;;2021;53;6;81;% (percent)
Oceania;Australia and New Zealand;New Zealand;Retail;“Ecstasy”-type substances;MDMA;;2022;66;28;79;% (percent)
Oceania;Australia and New Zealand;New Zealand;Retail;Amphetamine-type stimulants;Methamphetamine powder;;2022;72;9;80;% (percent)
Oceania;Australia and New Zealand;New Zealand;Retail;Cocaine-type drugs;Cocaine hydrochloride;;2022;47;9;87;% (percent)
Oceania;Australia and New Zealand;New Zealand;Retail;“Ecstasy”-type substances;MDMA;;2023;76;64;79;% (percent)
Oceania;Australia and New Zealand;New Zealand;Retail;Amphetamine-type stimulants;Methamphetamine powder;;2023;71;1;83;% (percent)
Oceania;Australia and New Zealand;New Zealand;Retail;Cocaine-type drugs;Cocaine hydrochloride;;2023;63;6;87;% (percent)
